{
"type": "FeatureCollection",
"name": "h3_8",
"crs": { "type": "name", "properties": { "name": "urn:ogc:def:crs:OGC:1.3:CRS84" } },
"features": [
{ "type": "Feature", "properties": { "index": "882a100067fffff" }, "geometry": { "type": "Polygon", "coordinates": [ [ [ -73.803979182352222, 40.875506481749341 ], [ -73.810378670682354, 40.874461361767729 ], [ -73.812365569368879, 40.869998412275542 ], [ -73.807953890249294, 40.866580917795197 ], [ -73.801555435734116, 40.867625821066468 ], [ -73.799567626637369, 40.872088435498739 ], [ -73.803979182352222, 40.875506481749341 ] ] ] } },
{ "type": "Feature", "properties": { "index": "882a107653fffff" }, "geometry": { "type": "Polygon", "coordinates": [ [ [ -73.889249709993109, 40.630095220353461 ], [ -73.895614384503986, 40.629047945229331 ], [ -73.897582994024177, 40.624596879693399 ], [ -73.893187832127765, 40.621193421535033 ], [ -73.88682417939097, 40.622240478929385 ], [ -73.884854666888188, 40.626691212182223 ], [ -73.889249709993109, 40.630095220353461 ] ] ] } },
{ "type": "Feature", "properties": { "index": "882a107611fffff" }, "geometry": { "type": "Polygon", "coordinates": [ [ [ -73.905914384554663, 40.619098284406938 ], [ -73.912277283960591, 40.618050204768892 ], [ -73.914243881877709, 40.613599435024241 ], [ -73.909848483457935, 40.610197076824285 ], [ -73.903486605094642, 40.611244938430701 ], [ -73.901519104220043, 40.615695376239017 ], [ -73.905914384554663, 40.619098284406938 ] ] ] } },
{ "type": "Feature", "properties": { "index": "882a107409fffff" }, "geometry": { "type": "Polygon", "coordinates": [ [ [ -73.971492920933585, 40.604150847072894 ], [ -73.977852663809784, 40.603099302655977 ], [ -73.979812531608971, 40.598648134852638 ], [ -73.975413560585281, 40.595248842157261 ], [ -73.969054837101368, 40.596300167275544 ], [ -73.967094065360016, 40.600751004358031 ], [ -73.971492920933585, 40.604150847072894 ] ] ] } },
{ "type": "Feature", "properties": { "index": "882a107741fffff" }, "geometry": { "type": "Polygon", "coordinates": [ [ [ -73.982696636493671, 40.672491007241469 ], [ -73.989065437236007, 40.671438107706138 ], [ -73.991027110434473, 40.666982951044666 ], [ -73.986620889842968, 40.663581024774437 ], [ -73.980253111288874, 40.664633704590557 ], [ -73.978290531249641, 40.669088530366182 ], [ -73.982696636493671, 40.672491007241469 ] ] ] } },
{ "type": "Feature", "properties": { "index": "882a100e01fffff" }, "geometry": { "type": "Polygon", "coordinates": [ [ [ -73.821634430149658, 40.769224765828206 ], [ -73.828019140432374, 40.768179770798426 ], [ -73.829999898461537, 40.763722311223653 ], [ -73.825596853042157, 40.760310180840008 ], [ -73.819213171634374, 40.761354959101872 ], [ -73.817231506883985, 40.765812084485653 ], [ -73.821634430149658, 40.769224765828206 ] ] ] } },
{ "type": "Feature", "properties": { "index": "882a103b51fffff" }, "geometry": { "type": "Polygon", "coordinates": [ [ [ -73.757938640601338, 40.659869189280428 ], [ -73.764309580580758, 40.658828869304109 ], [ -73.766291662658858, 40.654378635397343 ], [ -73.761903705849662, 40.650969056148043 ], [ -73.755533790926535, 40.652009160940239 ], [ -73.753550807868734, 40.656459060136477 ], [ -73.757938640601338, 40.659869189280428 ] ] ] } },
{ "type": "Feature", "properties": { "index": "882a100d0bfffff" }, "geometry": { "type": "Polygon", "coordinates": [ [ [ -73.944870111480441, 40.744852557634815 ], [ -73.951249389022607, 40.743800979823391 ], [ -73.953217618140584, 40.739342540511359 ], [ -73.948807478564277, 40.735936010904496 ], [ -73.942429226946672, 40.736987369545822 ], [ -73.940460089093094, 40.741445476934189 ], [ -73.944870111480441, 40.744852557634815 ] ] ] } },
{ "type": "Feature", "properties": { "index": "882a10624bfffff" }, "geometry": { "type": "Polygon", "coordinates": [ [ [ -74.105610499540091, 40.647971380827336 ], [ -74.111973815481903, 40.646911947458833 ], [ -74.113923000350923, 40.642455864197267 ], [ -74.109509778194123, 40.639059542891978 ], [ -74.103147481474508, 40.640118754159275 ], [ -74.101197387800397, 40.644574508802862 ], [ -74.105610499540091, 40.647971380827336 ] ] ] } },
{ "type": "Feature", "properties": { "index": "882a106043fffff" }, "geometry": { "type": "Polygon", "coordinates": [ [ [ -74.172057357274554, 40.603840350193096 ], [ -74.17841351763019, 40.602777731500616 ], [ -74.180354676345445, 40.59832286917969 ], [ -74.175940583478095, 40.594930952750019 ], [ -74.169585439398446, 40.595993348148255 ], [ -74.167643372020478, 40.600447883240065 ], [ -74.172057357274554, 40.603840350193096 ] ] ] } },
{ "type": "Feature", "properties": { "index": "882a1062bbfffff" }, "geometry": { "type": "Polygon", "coordinates": [ [ [ -74.116671635788109, 40.555286087147827 ], [ -74.123022225232091, 40.554227060587181 ], [ -74.124966542999474, 40.549775913135655 ], [ -74.120561176922678, 40.54638412015629 ], [ -74.114211602519831, 40.54744292466787 ], [ -74.112266379262863, 40.55189374417769 ], [ -74.116671635788109, 40.555286087147827 ] ] ] } },
{ "type": "Feature", "properties": { "index": "882a100563fffff" }, "geometry": { "type": "Polygon", "coordinates": [ [ [ -73.759337597115234, 40.762871485538803 ], [ -73.765722499581585, 40.761830016657314 ], [ -73.767708800732649, 40.757374086755014 ], [ -73.763311104504012, 40.753959960940101 ], [ -73.756927231577947, 40.755001214322718 ], [ -73.754940025453379, 40.759456808989668 ], [ -73.759337597115234, 40.762871485538803 ] ] ] } },
{ "type": "Feature", "properties": { "index": "882a106203fffff" }, "geometry": { "type": "Polygon", "coordinates": [ [ [ -74.128075945389028, 40.623573570112526 ], [ -74.134435560053447, 40.622513162717965 ], [ -74.136381637972747, 40.618058015828993 ], [ -74.131969009729772, 40.614663604403454 ], [ -74.125610412880846, 40.615723789320889 ], [ -74.123663426570047, 40.620178608110727 ], [ -74.128075945389028, 40.623573570112526 ] ] ] } },
{ "type": "Feature", "properties": { "index": "882a100f1dfffff" }, "geometry": { "type": "Polygon", "coordinates": [ [ [ -73.883951261335724, 40.775545362093702 ], [ -73.890335763877204, 40.774496839995152 ], [ -73.89231097044069, 40.770037857105415 ], [ -73.887902583039548, 40.766627729428059 ], [ -73.881519108699521, 40.767676033490233 ], [ -73.879542993671947, 40.772134683236338 ], [ -73.883951261335724, 40.775545362093702 ] ] ] } },
{ "type": "Feature", "properties": { "index": "882a10770dfffff" }, "geometry": { "type": "Polygon", "coordinates": [ [ [ -73.999355685783726, 40.661474641924151 ], [ -74.005722702886175, 40.660420938986604 ], [ -74.00768236283858, 40.655966080411034 ], [ -74.003275912611485, 40.652565255281502 ], [ -73.996909916961854, 40.653618738198752 ], [ -73.994949350197942, 40.658073266235867 ], [ -73.999355685783726, 40.661474641924151 ] ] ] } },
{ "type": "Feature", "properties": { "index": "882a107525fffff" }, "geometry": { "type": "Polygon", "coordinates": [ [ [ -74.09576338952796, 40.616565305058522 ], [ -74.102122630393453, 40.615506759662196 ], [ -74.104071432455484, 40.611052597597428 ], [ -74.099661901122346, 40.607657309524555 ], [ -74.093303678271113, 40.608715633108027 ], [ -74.091353968849518, 40.613169466547056 ], [ -74.09576338952796, 40.616565305058522 ] ] ] } },
{ "type": "Feature", "properties": { "index": "882a107559fffff" }, "geometry": { "type": "Polygon", "coordinates": [ [ [ -74.016985103960252, 40.621389010718126 ], [ -74.023346385254101, 40.620334765954134 ], [ -74.025302732393953, 40.615881796739863 ], [ -74.020898704035019, 40.612483402281221 ], [ -74.014538442182172, 40.613537426788966 ], [ -74.012581189358343, 40.617990065981616 ], [ -74.016985103960252, 40.621389010718126 ] ] ] } },
{ "type": "Feature", "properties": { "index": "882a106e29fffff" }, "geometry": { "type": "Polygon", "coordinates": [ [ [ -74.250811510306676, 40.503945937226561 ], [ -74.257152771104657, 40.502880091549876 ], [ -74.259082478415436, 40.498429343506935 ], [ -74.254671831685954, 40.495044766446199 ], [ -74.248331581627824, 40.496110387562851 ], [ -74.24640096766862, 40.500560810269796 ], [ -74.250811510306676, 40.503945937226561 ] ] ] } },
{ "type": "Feature", "properties": { "index": "882a100d5dfffff" }, "geometry": { "type": "Polygon", "coordinates": [ [ [ -73.928169385652026, 40.755871817923655 ], [ -73.934550450059945, 40.754821049466358 ], [ -73.936520700749867, 40.750362316950032 ], [ -73.932110795906951, 40.746954685133005 ], [ -73.925730758161762, 40.748005234723315 ], [ -73.923759598709196, 40.752463634967732 ], [ -73.928169385652026, 40.755871817923655 ] ] ] } },
{ "type": "Feature", "properties": { "index": "882a1072d3fffff" }, "geometry": { "type": "Polygon", "coordinates": [ [ [ -73.981696402960424, 40.701577250535834 ], [ -73.988069164976082, 40.700524093983056 ], [ -73.990032145790536, 40.696067350506219 ], [ -73.985623272641519, 40.692664094608205 ], [ -73.979251534095752, 40.693717031378014 ], [ -73.977287645340922, 40.698173443798837 ], [ -73.981696402960424, 40.701577250535834 ] ] ] } },
{ "type": "Feature", "properties": { "index": "882a10620bfffff" }, "geometry": { "type": "Polygon", "coordinates": [ [ [ -74.11976835531199, 40.629088878282033 ], [ -74.126128864019833, 40.628028869319387 ], [ -74.128075945389028, 40.623573570112526 ], [ -74.123663426570047, 40.620178608110727 ], [ -74.117303936045829, 40.62123839474549 ], [ -74.115355946267655, 40.625693365679673 ], [ -74.11976835531199, 40.629088878282033 ] ] ] } },
{ "type": "Feature", "properties": { "index": "882a106351fffff" }, "geometry": { "type": "Polygon", "coordinates": [ [ [ -74.176124630439404, 40.648607184753239 ], [ -74.182486773063644, 40.647543846442026 ], [ -74.184429400424946, 40.643086428185526 ], [ -74.180010795762982, 40.639692675600351 ], [ -74.173649671288132, 40.640755790403709 ], [ -74.171706133436473, 40.6452128812697 ], [ -74.176124630439404, 40.648607184753239 ] ] ] } },
{ "type": "Feature", "properties": { "index": "882a1072b1fffff" }, "geometry": { "type": "Polygon", "coordinates": [ [ [ -74.028259543980795, 40.689740872953656 ], [ -74.034629885474175, 40.688685265042572 ], [ -74.036588026302994, 40.684228307047348 ], [ -74.032176734339657, 40.68082728711699 ], [ -74.025807415082298, 40.681882674348671 ], [ -74.023848365663781, 40.686339302160029 ], [ -74.028259543980795, 40.689740872953656 ] ] ] } },
{ "type": "Feature", "properties": { "index": "882a10745dfffff" }, "geometry": { "type": "Polygon", "coordinates": [ [ [ -73.952412176847815, 40.607303439326785 ], [ -73.95877267731089, 40.606252915456388 ], [ -73.960734453372226, 40.601801928990533 ], [ -73.956336632692114, 40.598401797433581 ], [ -73.949977152050067, 40.599452102377228 ], [ -73.948014472378361, 40.603902757774733 ], [ -73.952412176847815, 40.607303439326785 ] ] ] } },
{ "type": "Feature", "properties": { "index": "882a100e09fffff" }, "geometry": { "type": "Polygon", "coordinates": [ [ [ -73.813267058025573, 40.774726957089115 ], [ -73.81965265914306, 40.773682369297681 ], [ -73.821634430149658, 40.769224765828206 ], [ -73.817231506883985, 40.765812084485653 ], [ -73.810846935009778, 40.766856455661781 ], [ -73.808864257270997, 40.771313724766145 ], [ -73.813267058025573, 40.774726957089115 ] ] ] } },
{ "type": "Feature", "properties": { "index": "882a100a5bfffff" }, "geometry": { "type": "Polygon", "coordinates": [ [ [ -73.89050920776485, 40.894461811047435 ], [ -73.896909797923456, 40.893411673778395 ], [ -73.898889400597128, 40.888946050119905 ], [ -73.894469326464218, 40.885530897356553 ], [ -73.888069769630519, 40.886580816121231 ], [ -73.886089253718396, 40.891046106123717 ], [ -73.89050920776485, 40.894461811047435 ] ] ] } },
{ "type": "Feature", "properties": { "index": "882a100acbfffff" }, "geometry": { "type": "Polygon", "coordinates": [ [ [ -73.889132044752969, 40.857429265604289 ], [ -73.895527607330663, 40.856379593662879 ], [ -73.897505777171133, 40.851916021959759 ], [ -73.893089296311715, 40.848502455653261 ], [ -73.88669476544986, 40.84955190922264 ], [ -73.884715683844931, 40.854015147440641 ], [ -73.889132044752969, 40.857429265604289 ] ] ] } },
{ "type": "Feature", "properties": { "index": "882a100891fffff" }, "geometry": { "type": "Polygon", "coordinates": [ [ [ -73.957086879984203, 40.784189565394982 ], [ -73.963471291744042, 40.783136890661751 ], [ -73.965440027978559, 40.778676058911643 ], [ -73.961025263117563, 40.775268233782654 ], [ -73.954641878814343, 40.776320688988534 ], [ -73.952672232028021, 40.780781188820797 ], [ -73.957086879984203, 40.784189565394982 ] ] ] } },
{ "type": "Feature", "properties": { "index": "882a10603bfffff" }, "geometry": { "type": "Polygon", "coordinates": [ [ [ -74.191993967441746, 40.571598138505358 ], [ -74.198345414011598, 40.570534777295656 ], [ -74.200283383768962, 40.566081339161478 ], [ -74.195870814951149, 40.56269158892033 ], [ -74.189520382953575, 40.56375472653513 ], [ -74.187581505311542, 40.568207837955647 ], [ -74.191993967441746, 40.571598138505358 ] ] ] } },
{ "type": "Feature", "properties": { "index": "882a10019dfffff" }, "geometry": { "type": "Polygon", "coordinates": [ [ [ -73.82537992816971, 40.81409055038344 ], [ -73.831770680131783, 40.813044878454697 ], [ -73.833752981696009, 40.808584885794389 ], [ -73.829345439957905, 40.805170899396785 ], [ -73.822955718782254, 40.806216354356565 ], [ -73.820972508671517, 40.810676012653211 ], [ -73.82537992816971, 40.81409055038344 ] ] ] } },
{ "type": "Feature", "properties": { "index": "882a100c15fffff" }, "geometry": { "type": "Polygon", "coordinates": [ [ [ -73.875295187006571, 40.714972948472607 ], [ -73.881671608269556, 40.71392554614652 ], [ -73.883645077016553, 40.709470058562758 ], [ -73.879243030529196, 40.706062306249287 ], [ -73.872867634950836, 40.707109490884079 ], [ -73.870893260287573, 40.71156464549393 ], [ -73.875295187006571, 40.714972948472607 ] ] ] } },
{ "type": "Feature", "properties": { "index": "882a100f47fffff" }, "geometry": { "type": "Polygon", "coordinates": [ [ [ -73.891252642709503, 40.799157776721472 ], [ -73.89764023170099, 40.798108600087204 ], [ -73.899615749413542, 40.793648182951216 ], [ -73.895204587801373, 40.79023727556104 ], [ -73.888818027934278, 40.791286233945598 ], [ -73.88684160066785, 40.7957463179402 ], [ -73.891252642709503, 40.799157776721472 ] ] ] } },
{ "type": "Feature", "properties": { "index": "882a1072c3fffff" }, "geometry": { "type": "Polygon", "coordinates": [ [ [ -73.997375064144535, 40.719650341803963 ], [ -74.003750004410762, 40.718596122451217 ], [ -74.005712276294787, 40.714138089736352 ], [ -74.001300517037137, 40.710734607222328 ], [ -73.994926600786727, 40.711788606426516 ], [ -73.992963419890046, 40.716246308263258 ], [ -73.997375064144535, 40.719650341803963 ] ] ] } },
{ "type": "Feature", "properties": { "index": "882a1072c9fffff" }, "geometry": { "type": "Polygon", "coordinates": [ [ [ -73.991484112232001, 40.733025511414098 ], [ -73.997860971177147, 40.731971475014007 ], [ -73.999824351951759, 40.72751281514541 ], [ -73.995411783283316, 40.724108522697669 ], [ -73.989035949028278, 40.725162339028529 ], [ -73.987071658863542, 40.729620667846355 ], [ -73.991484112232001, 40.733025511414098 ] ] ] } },
{ "type": "Feature", "properties": { "index": "882a100c29fffff" }, "geometry": { "type": "Polygon", "coordinates": [ [ [ -73.901720495147686, 40.735422564102954 ], [ -73.908099238539279, 40.734373479938625 ], [ -73.910071100504695, 40.729916369371651 ], [ -73.90566512652957, 40.726508675562727 ], [ -73.899287409312294, 40.727557541448228 ], [ -73.89731464000819, 40.732014319391702 ], [ -73.901720495147686, 40.735422564102954 ] ] ] } },
{ "type": "Feature", "properties": { "index": "882a107629fffff" }, "geometry": { "type": "Polygon", "coordinates": [ [ [ -73.943065196535883, 40.641868355514411 ], [ -73.949430537345251, 40.640817977693082 ], [ -73.951394626746293, 40.636365253351748 ], [ -73.946994280167146, 40.632963238214678 ], [ -73.940629960822548, 40.634013397196753 ], [ -73.93866496670384, 40.638465790125359 ], [ -73.943065196535883, 40.641868355514411 ] ] ] } },
{ "type": "Feature", "properties": { "index": "882a100061fffff" }, "geometry": { "type": "Polygon", "coordinates": [ [ [ -73.795590883205008, 40.881014282845868 ], [ -73.801991265903411, 40.879969573025399 ], [ -73.803979182352222, 40.875506481749341 ], [ -73.799567626637369, 40.872088435498739 ], [ -73.793168278124611, 40.873132928762374 ], [ -73.791179451254948, 40.877595684803786 ], [ -73.795590883205008, 40.881014282845868 ] ] ] } },
{ "type": "Feature", "properties": { "index": "882a100cc9fffff" }, "geometry": { "type": "Polygon", "coordinates": [ [ [ -73.840542373594559, 40.700022319185273 ], [ -73.846917360412903, 40.698977001181397 ], [ -73.84889344092997, 40.694522991946918 ], [ -73.844495439247979, 40.691114634183457 ], [ -73.838121477990242, 40.692159735234718 ], [ -73.83614449296627, 40.696613410972468 ], [ -73.840542373594559, 40.700022319185273 ] ] ] } },
{ "type": "Feature", "properties": { "index": "882a100d41fffff" }, "geometry": { "type": "Polygon", "coordinates": [ [ [ -73.941402680632677, 40.766096302610947 ], [ -73.947784905128927, 40.765044691086374 ], [ -73.949754348493357, 40.760585147984393 ], [ -73.945342476949207, 40.757177548472768 ], [ -73.938961279359475, 40.758228940836041 ], [ -73.936990926519826, 40.76268815184234 ], [ -73.941402680632677, 40.766096302610947 ] ] ] } },
{ "type": "Feature", "properties": { "index": "882a10776bfffff" }, "geometry": { "type": "Polygon", "coordinates": [ [ [ -74.001802277121854, 40.669331285044748 ], [ -74.008170315980976, 40.668277362015381 ], [ -74.010130075220971, 40.66382202373272 ], [ -74.005722702886175, 40.660420938986604 ], [ -73.999355685783726, 40.661474641924151 ], [ -73.997395019370856, 40.665929649669643 ], [ -74.001802277121854, 40.669331285044748 ] ] ] } },
{ "type": "Feature", "properties": { "index": "882a10628bfffff" }, "geometry": { "type": "Polygon", "coordinates": [ [ [ -74.102534781675274, 40.574151011915589 ], [ -74.108888169427559, 40.573092557733453 ], [ -74.110834584275253, 40.568640623147814 ], [ -74.106428517364705, 40.56524747100049 ], [ -74.100076145687183, 40.566305703359383 ], [ -74.09812882495585, 40.570757309658703 ], [ -74.102534781675274, 40.574151011915589 ] ] ] } },
{ "type": "Feature", "properties": { "index": "882a100c19fffff" }, "geometry": { "type": "Polygon", "coordinates": [ [ [ -73.856164414555934, 40.718113100253746 ], [ -73.862541590006657, 40.717066725574107 ], [ -73.864516974757535, 40.712611425289772 ], [ -73.860116089748885, 40.709202832977439 ], [ -73.853739940411373, 40.71024899034029 ], [ -73.851763650081779, 40.714703957302596 ], [ -73.856164414555934, 40.718113100253746 ] ] ] } },
{ "type": "Feature", "properties": { "index": "882a1001a5fffff" }, "geometry": { "type": "Polygon", "coordinates": [ [ [ -73.879387864185915, 40.82592425927745 ], [ -73.885779301753402, 40.824875460396839 ], [ -73.887757055304263, 40.820413798542283 ], [ -73.883344281707195, 40.817001269027124 ], [ -73.876953874620526, 40.81804984982049 ], [ -73.87497521076321, 40.822511178186438 ], [ -73.879387864185915, 40.82592425927745 ] ] ] } },
{ "type": "Feature", "properties": { "index": "882a10762dfffff" }, "geometry": { "type": "Polygon", "coordinates": [ [ [ -73.953831804189761, 40.644220253714614 ], [ -73.960197276884571, 40.64316925506553 ], [ -73.962160461221217, 40.638716199485835 ], [ -73.957759078038947, 40.635314473763763 ], [ -73.951394626746293, 40.636365253351748 ], [ -73.949430537345251, 40.640817977693082 ], [ -73.953831804189761, 40.644220253714614 ] ] ] } },
{ "type": "Feature", "properties": { "index": "882a103b65fffff" }, "geometry": { "type": "Polygon", "coordinates": [ [ [ -73.814164897921117, 40.679568740546543 ], [ -73.820537558882492, 40.678525099420426 ], [ -73.822515236615359, 40.6740727154084 ], [ -73.81812115658623, 40.670664306337464 ], [ -73.811749520692601, 40.6717077310972 ], [ -73.809770939872678, 40.67615978126473 ], [ -73.814164897921117, 40.679568740546543 ] ] ] } },
{ "type": "Feature", "properties": { "index": "882a100e2bfffff" }, "geometry": { "type": "Polygon", "coordinates": [ [ [ -73.840787807965683, 40.766088749856294 ], [ -73.847171764928845, 40.765042724039638 ], [ -73.849150603244681, 40.760585074773282 ], [ -73.844746391771352, 40.757173785136359 ], [ -73.838363463254296, 40.758219593809443 ], [ -73.836383717877339, 40.762676909233321 ], [ -73.840787807965683, 40.766088749856294 ] ] ] } },
{ "type": "Feature", "properties": { "index": "882a107727fffff" }, "geometry": { "type": "Polygon", "coordinates": [ [ [ -74.035102078658966, 40.6472927293674 ], [ -74.041466548435196, 40.646237202257851 ], [ -74.043422283844933, 40.641782462872101 ], [ -74.039014456701636, 40.638383580408323 ], [ -74.03265100721093, 40.639438886824983 ], [ -74.030694364689197, 40.643893296368283 ], [ -74.035102078658966, 40.6472927293674 ] ] ] } },
{ "type": "Feature", "properties": { "index": "882a100acdfffff" }, "geometry": { "type": "Polygon", "coordinates": [ [ [ -73.902385078754875, 40.867671551513581 ], [ -73.908781808779224, 40.86662103432603 ], [ -73.910759170085953, 40.862156652060413 ], [ -73.906340713963587, 40.858743120260861 ], [ -73.899945015901821, 40.859793418781109 ], [ -73.897966742113184, 40.864257467738291 ], [ -73.902385078754875, 40.867671551513581 ] ] ] } },
{ "type": "Feature", "properties": { "index": "882a1060cdfffff" }, "geometry": { "type": "Polygon", "coordinates": [ [ [ -74.159706056793951, 40.564612726300361 ], [ -74.166057138773382, 40.563551223355127 ], [ -74.167997831159013, 40.559098765889104 ], [ -74.163588348534105, 40.555708138578616 ], [ -74.157238281329413, 40.556769418591493 ], [ -74.155296682085009, 40.56122154881691 ], [ -74.159706056793951, 40.564612726300361 ] ] ] } },
{ "type": "Feature", "properties": { "index": "882a100c07fffff" }, "geometry": { "type": "Polygon", "coordinates": [ [ [ -73.888504894550309, 40.725197800206089 ], [ -73.894882477016083, 40.724149557267673 ], [ -73.896855142933518, 40.719693258063344 ], [ -73.892451133124823, 40.716285534566559 ], [ -73.886074576588655, 40.717333559520007 ], [ -73.88410100404397, 40.721789525925459 ], [ -73.888504894550309, 40.725197800206089 ] ] ] } },
{ "type": "Feature", "properties": { "index": "882a100d99fffff" }, "geometry": { "type": "Polygon", "coordinates": [ [ [ -73.914592446074963, 40.679595945861351 ], [ -73.920963391436985, 40.678546741189933 ], [ -73.922931712390394, 40.674092465982163 ], [ -73.918529993585864, 40.670687727521688 ], [ -73.912160071765598, 40.671736713815449 ], [ -73.910190845320074, 40.676190656917569 ], [ -73.914592446074963, 40.679595945861351 ] ] ] } },
{ "type": "Feature", "properties": { "index": "882a103b0dfffff" }, "geometry": { "type": "Polygon", "coordinates": [ [ [ -73.790221627054777, 40.666975037314906 ], [ -73.796592985954959, 40.665932854762595 ], [ -73.798572362996438, 40.661481617762618 ], [ -73.794181283278434, 40.658072897476757 ], [ -73.787810949258372, 40.659114864177901 ], [ -73.785830670188517, 40.663565766986636 ], [ -73.790221627054777, 40.666975037314906 ] ] ] } },
{ "type": "Feature", "properties": { "index": "882a100e27fffff" }, "geometry": { "type": "Polygon", "coordinates": [ [ [ -73.859938924529771, 40.76294964195457 ], [ -73.866322126880362, 40.761902585781968 ], [ -73.868299045480555, 40.757444747602868 ], [ -73.863893669243211, 40.754034299060436 ], [ -73.857511494909332, 40.755081137713972 ], [ -73.855533668908905, 40.759538642399278 ], [ -73.859938924529771, 40.76294964195457 ] ] ] } },
{ "type": "Feature", "properties": { "index": "882a103b3bfffff" }, "geometry": { "type": "Polygon", "coordinates": [ [ [ -73.791339368914322, 40.637905411905137 ], [ -73.797706769094063, 40.636863472170013 ], [ -73.799684818657994, 40.632413818563421 ], [ -73.795296369094302, 40.629006438679568 ], [ -73.788929992510845, 40.630048162622515 ], [ -73.786951042006933, 40.634497482212055 ], [ -73.791339368914322, 40.637905411905137 ] ] ] } },
{ "type": "Feature", "properties": { "index": "882a100ae9fffff" }, "geometry": { "type": "Polygon", "coordinates": [ [ [ -73.921574506729016, 40.864518965071539 ], [ -73.92797047436585, 40.863467413101347 ], [ -73.929945906799645, 40.859002841997224 ], [ -73.925526284530847, 40.855590155791177 ], [ -73.919131348422326, 40.856641488717528 ], [ -73.917155003167522, 40.861105726863833 ], [ -73.921574506729016, 40.864518965071539 ] ] ] } },
{ "type": "Feature", "properties": { "index": "882a107283fffff" }, "geometry": { "type": "Polygon", "coordinates": [ [ [ -74.01159687576191, 40.7007652467844 ], [ -74.017969004688979, 40.699710442671467 ], [ -74.019929160566647, 40.695253186376611 ], [ -74.015518096249266, 40.691851064696301 ], [ -74.009146990295577, 40.692905648430887 ], [ -74.0071859257976, 40.697362574194081 ], [ -74.01159687576191, 40.7007652467844 ] ] ] } },
{ "type": "Feature", "properties": { "index": "882a100db7fffff" }, "geometry": { "type": "Polygon", "coordinates": [ [ [ -73.961148254997752, 40.667789697023494 ], [ -73.967516793724059, 40.666738040763313 ], [ -73.969480280257144, 40.662283546048435 ], [ -73.965076134322317, 40.658881038799265 ], [ -73.958708617910801, 40.659932475784458 ], [ -73.956744225230977, 40.664386639263888 ], [ -73.961148254997752, 40.667789697023494 ] ] ] } },
{ "type": "Feature", "properties": { "index": "882a100147fffff" }, "geometry": { "type": "Polygon", "coordinates": [ [ [ -73.849667106065326, 40.892873073189868 ], [ -73.856068182907848, 40.891825227671923 ], [ -73.858051541942729, 40.887360462851184 ], [ -73.853634736439218, 40.883943877876739 ], [ -73.847234693478853, 40.884991505716293 ], [ -73.845250422253571, 40.889455936178898 ], [ -73.849667106065326, 40.892873073189868 ] ] ] } },
{ "type": "Feature", "properties": { "index": "882a103943fffff" }, "geometry": { "type": "Polygon", "coordinates": [ [ [ -73.829540034660653, 40.631648651790066 ], [ -73.835905939709392, 40.630604663705768 ], [ -73.837880172066576, 40.626154634955753 ], [ -73.833489401102398, 40.622748927584553 ], [ -73.827124518800943, 40.623792699129311 ], [ -73.825149384828322, 40.628242394555279 ], [ -73.829540034660653, 40.631648651790066 ] ] ] } },
{ "type": "Feature", "properties": { "index": "882a100d4bfffff" }, "geometry": { "type": "Polygon", "coordinates": [ [ [ -73.930608835142579, 40.76373913923792 ], [ -73.936990926519826, 40.76268815184234 ], [ -73.938961279359475, 40.758228940836041 ], [ -73.934550450059945, 40.754821049466358 ], [ -73.928169385652026, 40.755871817923655 ], [ -73.926198123686802, 40.760330696659011 ], [ -73.930608835142579, 40.76373913923792 ] ] ] } },
{ "type": "Feature", "properties": { "index": "882a107259fffff" }, "geometry": { "type": "Polygon", "coordinates": [ [ [ -73.992938367805252, 40.770000811574128 ], [ -73.999320224374898, 40.768946298235853 ], [ -74.00128501515357, 40.764485575770451 ], [ -73.996868860332839, 40.761079697832521 ], [ -73.990488030045611, 40.762133990966063 ], [ -73.988522328408948, 40.766594382212226 ], [ -73.992938367805252, 40.770000811574128 ] ] ] } },
{ "type": "Feature", "properties": { "index": "882a100ce3fffff" }, "geometry": { "type": "Polygon", "coordinates": [ [ [ -73.876361484593005, 40.68588399641056 ], [ -73.882733940473031, 40.68483684268729 ], [ -73.884706088718545, 40.680382938406645 ], [ -73.880306686016823, 40.676976520621118 ], [ -73.873935254535894, 40.678023456714087 ], [ -73.871962201469728, 40.682477028193183 ], [ -73.876361484593005, 40.68588399641056 ] ] ] } },
{ "type": "Feature", "properties": { "index": "882a107669fffff" }, "geometry": { "type": "Polygon", "coordinates": [ [ [ -73.928834455368644, 40.660730894107544 ], [ -73.93520259762677, 40.659681102041027 ], [ -73.937168801558613, 40.655227601556327 ], [ -73.932767768449096, 40.651824224867369 ], [ -73.926400648693658, 40.65287379832521 ], [ -73.924433539656789, 40.657326967050842 ], [ -73.928834455368644, 40.660730894107544 ] ] ] } },
{ "type": "Feature", "properties": { "index": "882a103b1dfffff" }, "geometry": { "type": "Polygon", "coordinates": [ [ [ -73.774642791204116, 40.648887820853012 ], [ -73.781011961349577, 40.647846690444887 ], [ -73.782992026526188, 40.643396746178624 ], [ -73.778603822629819, 40.639988266654832 ], [ -73.772235676810567, 40.641029181574623 ], [ -73.770254710673754, 40.645478791477139 ], [ -73.774642791204116, 40.648887820853012 ] ] ] } },
{ "type": "Feature", "properties": { "index": "882a100addfffff" }, "geometry": { "type": "Polygon", "coordinates": [ [ [ -73.88669476544986, 40.84955190922264 ], [ -73.893089296311715, 40.848502455653261 ], [ -73.895067362154265, 40.8440393612875 ], [ -73.890651808647917, 40.840626053947311 ], [ -73.884258309192973, 40.841675289215885 ], [ -73.882279331950741, 40.846138050095597 ], [ -73.88669476544986, 40.84955190922264 ] ] ] } },
{ "type": "Feature", "properties": { "index": "882a1060e7fffff" }, "geometry": { "type": "Polygon", "coordinates": [ [ [ -74.195334830422212, 40.550396663723951 ], [ -74.201683354990479, 40.549333354137111 ], [ -74.203620140403046, 40.544881033318319 ], [ -74.199209308502006, 40.541492348601238 ], [ -74.192861797539763, 40.5425554345899 ], [ -74.190924104982386, 40.547007428863459 ], [ -74.195334830422212, 40.550396663723951 ] ] ] } },
{ "type": "Feature", "properties": { "index": "882a100007fffff" }, "geometry": { "type": "Polygon", "coordinates": [ [ [ -73.788325523976539, 40.857372432438005 ], [ -73.794722805049588, 40.856328372075915 ], [ -73.796710399298092, 40.851866711581245 ], [ -73.792301621915058, 40.848449446654449 ], [ -73.78590537409633, 40.849493290671774 ], [ -73.783916870520059, 40.853954615931038 ], [ -73.788325523976539, 40.857372432438005 ] ] ] } },
{ "type": "Feature", "properties": { "index": "882a100ac7fffff" }, "geometry": { "type": "Polygon", "coordinates": [ [ [ -73.908317971687325, 40.854279215248255 ], [ -73.914712773177797, 40.853228508871553 ], [ -73.916689015164721, 40.848764748060546 ], [ -73.912271367878233, 40.845352026731049 ], [ -73.905877597670084, 40.846402514359212 ], [ -73.903900443579332, 40.850865942035462 ], [ -73.908317971687325, 40.854279215248255 ] ] ] } },
{ "type": "Feature", "properties": { "index": "882a100f67fffff" }, "geometry": { "type": "Polygon", "coordinates": [ [ [ -73.921214730975933, 40.79836933078348 ], [ -73.927601694806967, 40.797318497825863 ], [ -73.929574379177012, 40.792857560314097 ], [ -73.925161010071335, 40.789447788346457 ], [ -73.918775074870211, 40.790498402455505 ], [ -73.916801480257618, 40.794959007350833 ], [ -73.921214730975933, 40.79836933078348 ] ] ] } },
{ "type": "Feature", "properties": { "index": "882a100a15fffff" }, "geometry": { "type": "Polygon", "coordinates": [ [ [ -73.926463300126755, 40.880276123917355 ], [ -73.932861331746793, 40.879224133645053 ], [ -73.934836969834677, 40.874758608123095 ], [ -73.930415489967942, 40.871345405798792 ], [ -73.924018490493978, 40.872397176884292 ], [ -73.922041938854022, 40.876862369450912 ], [ -73.926463300126755, 40.880276123917355 ] ] ] } },
{ "type": "Feature", "properties": { "index": "882a10769dfffff" }, "geometry": { "type": "Polygon", "coordinates": [ [ [ -73.891359934273709, 40.571989344972735 ], [ -73.897716711982653, 40.570942572461263 ], [ -73.899682694929311, 40.566494684163303 ], [ -73.895292801082149, 40.563093900285871 ], [ -73.888937042593199, 40.564140455190781 ], [ -73.886970158842672, 40.568588011550055 ], [ -73.891359934273709, 40.571989344972735 ] ] ] } },
{ "type": "Feature", "properties": { "index": "882a100d97fffff" }, "geometry": { "type": "Polygon", "coordinates": [ [ [ -73.931269080756579, 40.668588730385451 ], [ -73.937638245822157, 40.667538719639076 ], [ -73.939604551468449, 40.66308473960261 ], [ -73.93520259762677, 40.659681102041027 ], [ -73.928834455368644, 40.660730894107544 ], [ -73.926867244256528, 40.665184542385724 ], [ -73.931269080756579, 40.668588730385451 ] ] ] } },
{ "type": "Feature", "properties": { "index": "882a107659fffff" }, "geometry": { "type": "Polygon", "coordinates": [ [ [ -73.883339752597706, 40.643449486512509 ], [ -73.889706337060474, 40.642402396410368 ], [ -73.891676056121682, 40.63795070364295 ], [ -73.887280094186664, 40.634546433404111 ], [ -73.880914532168603, 40.63559330585673 ], [ -73.87894390975265, 40.640044666168059 ], [ -73.883339752597706, 40.643449486512509 ] ] ] } },
{ "type": "Feature", "properties": { "index": "882a107695fffff" }, "geometry": { "type": "Polygon", "coordinates": [ [ [ -73.899682694929311, 40.566494684163303 ], [ -73.906038587231819, 40.565447510713405 ], [ -73.908003566720424, 40.560999771172838 ], [ -73.903613554809084, 40.557599536818195 ], [ -73.897258681362146, 40.558646492510988 ], [ -73.895292801082149, 40.563093900285871 ], [ -73.899682694929311, 40.566494684163303 ] ] ] } },
{ "type": "Feature", "properties": { "index": "882a107691fffff" }, "geometry": { "type": "Polygon", "coordinates": [ [ [ -73.888937042593199, 40.564140455190781 ], [ -73.895292801082149, 40.563093900285871 ], [ -73.897258681362146, 40.558646492510988 ], [ -73.892869703710033, 40.555245971550406 ], [ -73.886514964137731, 40.55629230891951 ], [ -73.884548183412107, 40.560739384755401 ], [ -73.888937042593199, 40.564140455190781 ] ] ] } },
{ "type": "Feature", "properties": { "index": "882a100c41fffff" }, "geometry": { "type": "Polygon", "coordinates": [ [ [ -73.865870483253602, 40.749576939212076 ], [ -73.872251766225816, 40.748529694556773 ], [ -73.874227568571598, 40.744072479801225 ], [ -73.869822995083737, 40.740662842991561 ], [ -73.863442739452452, 40.74170987004662 ], [ -73.861466030080706, 40.746166751481915 ], [ -73.865870483253602, 40.749576939212076 ] ] ] } },
{ "type": "Feature", "properties": { "index": "882a103941fffff" }, "geometry": { "type": "Polygon", "coordinates": [ [ [ -73.831956362899533, 40.639505347185036 ], [ -73.838323291000918, 40.638461142490677 ], [ -73.840297628362492, 40.634010634103802 ], [ -73.835905939709392, 40.630604663705768 ], [ -73.829540034660653, 40.631648651790066 ], [ -73.827564795324363, 40.636098826852901 ], [ -73.831956362899533, 40.639505347185036 ] ] ] } },
{ "type": "Feature", "properties": { "index": "882a106297fffff" }, "geometry": { "type": "Polygon", "coordinates": [ [ [ -74.105915914097096, 40.552952151875402 ], [ -74.112266379262863, 40.55189374417769 ], [ -74.114211602519831, 40.54744292466787 ], [ -74.109807265868284, 40.544050840942262 ], [ -74.103457815809605, 40.545109026811744 ], [ -74.101511687405633, 40.549559518204887 ], [ -74.105915914097096, 40.552952151875402 ] ] ] } },
{ "type": "Feature", "properties": { "index": "882a107533fffff" }, "geometry": { "type": "Polygon", "coordinates": [ [ [ -74.066862454401786, 40.588341993736485 ], [ -74.073218390240896, 40.587285353097393 ], [ -74.075168716855316, 40.582833290219575 ], [ -74.070764013331157, 40.579438196931989 ], [ -74.064409094732355, 40.58049461641658 ], [ -74.062457862528035, 40.584946350313189 ], [ -74.066862454401786, 40.588341993736485 ] ] ] } },
{ "type": "Feature", "properties": { "index": "882a100163fffff" }, "geometry": { "type": "Polygon", "coordinates": [ [ [ -73.868869577529097, 40.889728499699189 ], [ -73.875269895018306, 40.88867961734082 ], [ -73.877251323815685, 40.884214661170205 ], [ -73.872833347769429, 40.880798921335739 ], [ -73.866434063729201, 40.881847585638276 ], [ -73.864451722399863, 40.886312207801268 ], [ -73.868869577529097, 40.889728499699189 ] ] ] } },
{ "type": "Feature", "properties": { "index": "882a1060d9fffff" }, "geometry": { "type": "Polygon", "coordinates": [ [ [ -74.133259558717214, 40.54426549589008 ], [ -74.139608365827925, 40.543205676232752 ], [ -74.141550683240865, 40.538754835938946 ], [ -74.137145099107912, 40.535364142867657 ], [ -74.130797306305581, 40.536423740178556 ], [ -74.128854083437915, 40.540874252877011 ], [ -74.133259558717214, 40.54426549589008 ] ] ] } },
{ "type": "Feature", "properties": { "index": "882a100da9fffff" }, "geometry": { "type": "Polygon", "coordinates": [ [ [ -73.960134796091438, 40.696873791626437 ], [ -73.966507295678241, 40.695821879935451 ], [ -73.968472092025806, 40.691365798745736 ], [ -73.964065296143502, 40.687961960623255 ], [ -73.957693820153352, 40.689013652976051 ], [ -73.955728116560749, 40.693469402759639 ], [ -73.960134796091438, 40.696873791626437 ] ] ] } },
{ "type": "Feature", "properties": { "index": "882a107623fffff" }, "geometry": { "type": "Polygon", "coordinates": [ [ [ -73.948958268375065, 40.628510993748527 ], [ -73.955321698569549, 40.627460433150425 ], [ -73.957284681190501, 40.623008337400513 ], [ -73.95288513807219, 40.619607133458949 ], [ -73.946522728672008, 40.620657475138394 ], [ -73.944558841707249, 40.625109239648232 ], [ -73.948958268375065, 40.628510993748527 ] ] ] } },
{ "type": "Feature", "properties": { "index": "882a100023fffff" }, "geometry": { "type": "Polygon", "coordinates": [ [ [ -73.807516613762573, 40.854239215411056 ], [ -73.813913141113176, 40.853194119204005 ], [ -73.815898808877634, 40.848732265856142 ], [ -73.811488859075837, 40.845315843571683 ], [ -73.805093364549421, 40.846360723056563 ], [ -73.803106787114245, 40.850822241518408 ], [ -73.807516613762573, 40.854239215411056 ] ] ] } },
{ "type": "Feature", "properties": { "index": "882a100c25fffff" }, "geometry": { "type": "Polygon", "coordinates": [ [ [ -73.920855967555994, 40.7322742836079 ], [ -73.927233952894966, 40.731224171537718 ], [ -73.929203896835048, 40.726766874984882 ], [ -73.924796763223398, 40.723360022747102 ], [ -73.918419803628154, 40.724409916164063 ], [ -73.916448952013113, 40.728866880442169 ], [ -73.920855967555994, 40.7322742836079 ] ] ] } },
{ "type": "Feature", "properties": { "index": "882a106317fffff" }, "geometry": { "type": "Polygon", "coordinates": [ [ [ -74.198554949412738, 40.624194898912322 ], [ -74.204913385793063, 40.623130591568234 ], [ -74.20685291086221, 40.618674113952153 ], [ -74.202434909732972, 40.615282270521689 ], [ -74.19607749009397, 40.616346353984 ], [ -74.194137054953231, 40.620802504728125 ], [ -74.198554949412738, 40.624194898912322 ] ] ] } },
{ "type": "Feature", "properties": { "index": "882a100521fffff" }, "geometry": { "type": "Polygon", "coordinates": [ [ [ -73.776078102489748, 40.751876423132806 ], [ -73.782461227261734, 40.750834138803242 ], [ -73.784445502677542, 40.746378495205995 ], [ -73.780047558388233, 40.742965470796243 ], [ -73.773665462421647, 40.74400753932126 ], [ -73.771680282052031, 40.748462848031068 ], [ -73.776078102489748, 40.751876423132806 ] ] ] } },
{ "type": "Feature", "properties": { "index": "882a1005bdfffff" }, "geometry": { "type": "Polygon", "coordinates": [ [ [ -73.746034506642772, 40.686574574909685 ], [ -73.752409268817615, 40.685534636501181 ], [ -73.754393585480656, 40.681083156084632 ], [ -73.750004041799215, 40.677671949105736 ], [ -73.74363030602548, 40.678711672494643 ], [ -73.741645087644756, 40.683162817852704 ], [ -73.746034506642772, 40.686574574909685 ] ] ] } },
{ "type": "Feature", "properties": { "index": "882a103825fffff" }, "geometry": { "type": "Polygon", "coordinates": [ [ [ -73.811545323603141, 40.605720275136122 ], [ -73.817908023892642, 40.604677555905354 ], [ -73.819882841487768, 40.600229299875274 ], [ -73.815495859096259, 40.596824096543322 ], [ -73.809134180698138, 40.597866599667718 ], [ -73.807158462911985, 40.602314522200992 ], [ -73.811545323603141, 40.605720275136122 ] ] ] } },
{ "type": "Feature", "properties": { "index": "882a100d9dfffff" }, "geometry": { "type": "Polygon", "coordinates": [ [ [ -73.925366031440319, 40.681951740511217 ], [ -73.931737110148546, 40.680901914063838 ], [ -73.933704525261859, 40.676447306924935 ], [ -73.929301767618966, 40.673042858134764 ], [ -73.922931712390394, 40.674092465982163 ], [ -73.920963391436985, 40.678546741189933 ], [ -73.925366031440319, 40.681951740511217 ] ] ] } },
{ "type": "Feature", "properties": { "index": "882a100ea9fffff" }, "geometry": { "type": "Polygon", "coordinates": [ [ [ -73.826253990275987, 40.718884909673591 ], [ -73.832631781176175, 40.717840185657153 ], [ -73.834609987170126, 40.713385407119588 ], [ -73.830211307266879, 40.70997568641296 ], [ -73.8238345429682, 40.711020193710155 ], [ -73.821855432083822, 40.715474638403634 ], [ -73.826253990275987, 40.718884909673591 ] ] ] } },
{ "type": "Feature", "properties": { "index": "882a107537fffff" }, "geometry": { "type": "Polygon", "coordinates": [ [ [ -74.077624014286982, 40.590680705827879 ], [ -74.083980076299426, 40.58962344546849 ], [ -74.085929496980114, 40.585171053784421 ], [ -74.081523761692694, 40.58177625123588 ], [ -74.075168716855316, 40.582833290219575 ], [ -74.073218390240896, 40.587285353097393 ], [ -74.077624014286982, 40.590680705827879 ] ] ] } },
{ "type": "Feature", "properties": { "index": "882a100ae5fffff" }, "geometry": { "type": "Polygon", "coordinates": [ [ [ -73.940761646242265, 40.861363274717057 ], [ -73.94715685019348, 40.860310688399885 ], [ -73.949130353757624, 40.855845929239777 ], [ -73.94470956664307, 40.852434088973915 ], [ -73.938315393785331, 40.853486455870929 ], [ -73.936340977061818, 40.857950882423992 ], [ -73.940761646242265, 40.861363274717057 ] ] ] } },
{ "type": "Feature", "properties": { "index": "882a100d55fffff" }, "geometry": { "type": "Polygon", "coordinates": [ [ [ -73.936520700749867, 40.750362316950032 ], [ -73.942900871739624, 40.749311143676671 ], [ -73.944870111480441, 40.744852557634815 ], [ -73.940460089093094, 40.741445476934189 ], [ -73.934080944396968, 40.74249643118894 ], [ -73.932110795906951, 40.746954685133005 ], [ -73.936520700749867, 40.750362316950032 ] ] ] } },
{ "type": "Feature", "properties": { "index": "882a100e57fffff" }, "geometry": { "type": "Polygon", "coordinates": [ [ [ -73.800060623928886, 40.764487232300453 ], [ -73.806445056933981, 40.763443484879836 ], [ -73.808427628054289, 40.75898669386136 ], [ -73.804026672301049, 40.755573984773385 ], [ -73.797643268290827, 40.756617515872549 ], [ -73.795659791152005, 40.761073972351561 ], [ -73.800060623928886, 40.764487232300453 ] ] ] } },
{ "type": "Feature", "properties": { "index": "882a100cbbfffff" }, "geometry": { "type": "Polygon", "coordinates": [ [ [ -73.866661460967194, 40.654446283963104 ], [ -73.873029821084856, 40.653400000335843 ], [ -73.875001554310444, 40.648948013462835 ], [ -73.87060583090927, 40.645542642990499 ], [ -73.864238493968472, 40.646588709270766 ], [ -73.862265857363951, 40.651040363340712 ], [ -73.866661460967194, 40.654446283963104 ] ] ] } },
{ "type": "Feature", "properties": { "index": "882a100e0dfffff" }, "geometry": { "type": "Polygon", "coordinates": [ [ [ -73.824056505389805, 40.777095311957758 ], [ -73.830442244855632, 40.776050100089343 ], [ -73.832423108778585, 40.77159216242913 ], [ -73.828019140432374, 40.768179770798426 ], [ -73.821634430149658, 40.769224765828206 ], [ -73.81965265914306, 40.773682369297681 ], [ -73.824056505389805, 40.777095311957758 ] ] ] } },
{ "type": "Feature", "properties": { "index": "882a107515fffff" }, "geometry": { "type": "Polygon", "coordinates": [ [ [ -74.050244248440436, 40.599358659441982 ], [ -74.056601966204411, 40.598302816321556 ], [ -74.058554298362864, 40.593850450320353 ], [ -74.05414981849006, 40.590454256737445 ], [ -74.047793118699786, 40.591509879002395 ], [ -74.045839880919416, 40.595961915675666 ], [ -74.050244248440436, 40.599358659441982 ] ] ] } },
{ "type": "Feature", "properties": { "index": "882a107251fffff" }, "geometry": { "type": "Polygon", "coordinates": [ [ [ -74.00128501515357, 40.764485575770451 ], [ -74.007665975913952, 40.763430658376748 ], [ -74.009629755829167, 40.758970083431144 ], [ -74.005213485939279, 40.755564756894124 ], [ -73.998833551091181, 40.756619453931883 ], [ -73.996868860332839, 40.761079697832521 ], [ -74.00128501515357, 40.764485575770451 ] ] ] } },
{ "type": "Feature", "properties": { "index": "882a10618bfffff" }, "geometry": { "type": "Polygon", "coordinates": [ [ [ -74.235902054268067, 40.551852360216493 ], [ -74.242250044186008, 40.550786798410009 ], [ -74.244183106901588, 40.546333654603423 ], [ -74.239769087957484, 40.542946398417428 ], [ -74.233422111073352, 40.544011735815893 ], [ -74.231488140209194, 40.54846455377794 ], [ -74.235902054268067, 40.551852360216493 ] ] ] } },
{ "type": "Feature", "properties": { "index": "882a107469fffff" }, "geometry": { "type": "Polygon", "coordinates": [ [ [ -73.987135058724647, 40.622202521934483 ], [ -73.993496971599242, 40.621149918383303 ], [ -73.995456134348132, 40.616697459563362 ], [ -73.991054289341449, 40.613297934809083 ], [ -73.984693396402179, 40.614350318697369 ], [ -73.982733328645523, 40.618802446972936 ], [ -73.987135058724647, 40.622202521934483 ] ] ] } },
{ "type": "Feature", "properties": { "index": "882a100d11fffff" }, "geometry": { "type": "Polygon", "coordinates": [ [ [ -73.939989164519005, 40.729122919828548 ], [ -73.946366390518122, 40.72807178028593 ], [ -73.948334416436083, 40.723614298525391 ], [ -73.943926124477599, 40.720208288203331 ], [ -73.937549923791039, 40.721259208718557 ], [ -73.935580989862601, 40.725716358553342 ], [ -73.939989164519005, 40.729122919828548 ] ] ] } },
{ "type": "Feature", "properties": { "index": "882a107647fffff" }, "geometry": { "type": "Polygon", "coordinates": [ [ [ -73.915633666795998, 40.650519084838301 ], [ -73.922000653415523, 40.649470132364044 ], [ -73.923967660327477, 40.645017443272252 ], [ -73.919568585128815, 40.641614038559027 ], [ -73.913202620769411, 40.642662772717728 ], [ -73.911234709460274, 40.64711512987548 ], [ -73.915633666795998, 40.650519084838301 ] ] ] } },
{ "type": "Feature", "properties": { "index": "882a106e4bfffff" }, "geometry": { "type": "Polygon", "coordinates": [ [ [ -74.204480313790626, 40.515847924691805 ], [ -74.210824014256701, 40.514784496410655 ], [ -74.212758526674023, 40.510333931035817 ], [ -74.208350244761988, 40.506947120118021 ], [ -74.202007556271923, 40.508010324722456 ], [ -74.200072137827433, 40.51246056389104 ], [ -74.204480313790626, 40.515847924691805 ] ] ] } },
{ "type": "Feature", "properties": { "index": "882a100c01fffff" }, "geometry": { "type": "Polygon", "coordinates": [ [ [ -73.880152744705342, 40.73070208327286 ], [ -73.886531218257034, 40.729654245351334 ], [ -73.888504894550309, 40.725197800206089 ], [ -73.88410100404397, 40.721789525925459 ], [ -73.877723556789903, 40.722837146013788 ], [ -73.875748973857, 40.727293258186222 ], [ -73.880152744705342, 40.73070208327286 ] ] ] } },
{ "type": "Feature", "properties": { "index": "882a103805fffff" }, "geometry": { "type": "Polygon", "coordinates": [ [ [ -73.781706722567861, 40.606480876035477 ], [ -73.788070030197019, 40.60543979904746 ], [ -73.790047653903841, 40.600992064147917 ], [ -73.785662869598937, 40.597585740222705 ], [ -73.779300584343446, 40.598626601699515 ], [ -73.777322061131144, 40.603074002583362 ], [ -73.781706722567861, 40.606480876035477 ] ] ] } },
{ "type": "Feature", "properties": { "index": "882a103919fffff" }, "geometry": { "type": "Polygon", "coordinates": [ [ [ -73.82229592261514, 40.608083022939823 ], [ -73.828658760337717, 40.607039684262702 ], [ -73.830632677394092, 40.602591094908767 ], [ -73.826244657378481, 40.599186177526299 ], [ -73.819882841487768, 40.600229299875274 ], [ -73.817908023892642, 40.604677555905354 ], [ -73.82229592261514, 40.608083022939823 ] ] ] } },
{ "type": "Feature", "properties": { "index": "882a100e0bfffff" }, "geometry": { "type": "Polygon", "coordinates": [ [ [ -73.810846935009778, 40.766856455661781 ], [ -73.817231506883985, 40.765812084485653 ], [ -73.819213171634374, 40.761354959101872 ], [ -73.81481117099348, 40.757942539229909 ], [ -73.808427628054289, 40.75898669386136 ], [ -73.806445056933981, 40.763443484879836 ], [ -73.810846935009778, 40.766856455661781 ] ] ] } },
{ "type": "Feature", "properties": { "index": "882a100e59fffff" }, "geometry": { "type": "Polygon", "coordinates": [ [ [ -73.783320906288779, 40.7754875168186 ], [ -73.789707119327659, 40.77444458465272 ], [ -73.791691716771084, 40.769987506797577 ], [ -73.787291007328065, 40.766573695966407 ], [ -73.780905824020081, 40.767616412116396 ], [ -73.778920320537409, 40.772073155083916 ], [ -73.783320906288779, 40.7754875168186 ] ] ] } },
{ "type": "Feature", "properties": { "index": "882a106251fffff" }, "geometry": { "type": "Polygon", "coordinates": [ [ [ -74.100685290722367, 40.63226686581865 ], [ -74.107046568521938, 40.631207876580419 ], [ -74.108995562093156, 40.626752753754708 ], [ -74.104584186057565, 40.623356948758946 ], [ -74.098223926875988, 40.624415716040211 ], [ -74.096274025222854, 40.628870510243978 ], [ -74.100685290722367, 40.63226686581865 ] ] ] } },
{ "type": "Feature", "properties": { "index": "882a100ee5fffff" }, "geometry": { "type": "Polygon", "coordinates": [ [ [ -73.831095330968296, 40.734616563168217 ], [ -73.837475175992978, 40.733571405501273 ], [ -73.839453592954442, 40.729115669725857 ], [ -73.835053070617008, 40.725705425431443 ], [ -73.828674252808213, 40.726750366237781 ], [ -73.826694930233586, 40.731205768169509 ], [ -73.831095330968296, 40.734616563168217 ] ] ] } },
{ "type": "Feature", "properties": { "index": "882a107405fffff" }, "geometry": { "type": "Polygon", "coordinates": [ [ [ -73.990571390983675, 40.600995193612405 ], [ -73.996930374998172, 40.599942629082086 ], [ -73.998888334541874, 40.595491280715507 ], [ -73.994488214455345, 40.592092827222537 ], [ -73.988130249403795, 40.593145172082593 ], [ -73.986171385586914, 40.597596190076004 ], [ -73.990571390983675, 40.600995193612405 ] ] ] } },
{ "type": "Feature", "properties": { "index": "882a100ec7fffff" }, "geometry": { "type": "Polygon", "coordinates": [ [ [ -73.798758552757832, 40.727515047630241 ], [ -73.805137983036957, 40.726471758471597 ], [ -73.807119115786577, 40.722017024749448 ], [ -73.802721722931508, 40.718605914522044 ], [ -73.796343320048024, 40.719648987488803 ], [ -73.79436128273673, 40.724103386845314 ], [ -73.798758552757832, 40.727515047630241 ] ] ] } },
{ "type": "Feature", "properties": { "index": "882a1061d5fffff" }, "geometry": { "type": "Polygon", "coordinates": [ [ [ -74.227619108069177, 40.5573708265904 ], [ -74.233967992337099, 40.556305659616413 ], [ -74.235902054268067, 40.551852360216493 ], [ -74.231488140209194, 40.54846455377794 ], [ -74.22514026934266, 40.5495294964918 ], [ -74.223205299243389, 40.553982469873894 ], [ -74.227619108069177, 40.5573708265904 ] ] ] } },
{ "type": "Feature", "properties": { "index": "882a1001cdfffff" }, "geometry": { "type": "Polygon", "coordinates": [ [ [ -73.826705441079483, 40.851102891280206 ], [ -73.833101213406081, 40.850056759659346 ], [ -73.835084954681818, 40.845594714239859 ], [ -73.83067383375743, 40.842179134947934 ], [ -73.824279093824344, 40.843225049469439 ], [ -73.822294442535679, 40.847686760352509 ], [ -73.826705441079483, 40.851102891280206 ] ] ] } },
{ "type": "Feature", "properties": { "index": "882a107617fffff" }, "geometry": { "type": "Polygon", "coordinates": [ [ [ -73.914243881877709, 40.613599435024241 ], [ -73.920605893686215, 40.612550953543725 ], [ -73.922571486286557, 40.608100332075345 ], [ -73.91817597013447, 40.604698523820772 ], [ -73.911814979002884, 40.605746787118903 ], [ -73.909848483457935, 40.610197076824285 ], [ -73.914243881877709, 40.613599435024241 ] ] ] } },
{ "type": "Feature", "properties": { "index": "882a1000bbfffff" }, "geometry": { "type": "Polygon", "coordinates": [ [ [ -73.766573574183184, 40.78648674129559 ], [ -73.772961567123829, 40.785444625495366 ], [ -73.774948192190053, 40.780987261829395 ], [ -73.770547730488261, 40.777572349170008 ], [ -73.764160768014719, 40.778614249260244 ], [ -73.762173236889183, 40.783071277690347 ], [ -73.766573574183184, 40.78648674129559 ] ] ] } },
{ "type": "Feature", "properties": { "index": "882a10380dfffff" }, "geometry": { "type": "Polygon", "coordinates": [ [ [ -73.773363901292342, 40.611969429786718 ], [ -73.779728092462193, 40.610928756716916 ], [ -73.781706722567861, 40.606480876035477 ], [ -73.777322061131144, 40.603074002583362 ], [ -73.770958892699056, 40.604114460293673 ], [ -73.768979363077932, 40.608562006786265 ], [ -73.773363901292342, 40.611969429786718 ] ] ] } },
{ "type": "Feature", "properties": { "index": "882a106085fffff" }, "geometry": { "type": "Polygon", "coordinates": [ [ [ -74.182104603180733, 40.540228924914238 ], [ -74.18845199325871, 40.53916645764933 ], [ -74.190389593307913, 40.534714944823797 ], [ -74.185980709832393, 40.531326225956029 ], [ -74.179634333128902, 40.532388469915823 ], [ -74.177695826636253, 40.536839656018181 ], [ -74.182104603180733, 40.540228924914238 ] ] ] } },
{ "type": "Feature", "properties": { "index": "882a1060d5fffff" }, "geometry": { "type": "Polygon", "coordinates": [ [ [ -74.152305211774177, 40.541085022113037 ], [ -74.158653250328967, 40.540024187748088 ], [ -74.160593662272262, 40.535573174163517 ], [ -74.156186941549564, 40.532183322160655 ], [ -74.149839916870206, 40.533243933809992 ], [ -74.147898599148093, 40.537694620147533 ], [ -74.152305211774177, 40.541085022113037 ] ] ] } },
{ "type": "Feature", "properties": { "index": "882a100aa3fffff" }, "geometry": { "type": "Polygon", "coordinates": [ [ [ -73.941790674727201, 40.832219769927917 ], [ -73.948181889631826, 40.831167434916473 ], [ -73.95015407195207, 40.826704253479612 ], [ -73.945735951531006, 40.823293739460446 ], [ -73.939345766423955, 40.824345855114117 ], [ -73.937372672053314, 40.828808704114778 ], [ -73.941790674727201, 40.832219769927917 ] ] ] } },
{ "type": "Feature", "properties": { "index": "882a100e49fffff" }, "geometry": { "type": "Polygon", "coordinates": [ [ [ -73.798945267080683, 40.793603176935733 ], [ -73.805333680059448, 40.792559188074101 ], [ -73.807317584833967, 40.788100819745488 ], [ -73.802913983859, 40.784686774962175 ], [ -73.79652660116912, 40.785730547443379 ], [ -73.794541789278512, 40.7901885810587 ], [ -73.798945267080683, 40.793603176935733 ] ] ] } },
{ "type": "Feature", "properties": { "index": "882a1000a9fffff" }, "geometry": { "type": "Polygon", "coordinates": [ [ [ -73.784612120592669, 40.81248185156818 ], [ -73.791003347085976, 40.811438463289427 ], [ -73.792989388141621, 40.806979331540319 ], [ -73.788585110317158, 40.803563923102082 ], [ -73.782194915159465, 40.804607095235852 ], [ -73.780207966604067, 40.809065891923254 ], [ -73.784612120592669, 40.81248185156818 ] ] ] } },
{ "type": "Feature", "properties": { "index": "882a1075c9fffff" }, "geometry": { "type": "Polygon", "coordinates": [ [ [ -74.015516543060713, 40.584482706288547 ], [ -74.021872859030893, 40.583428942715841 ], [ -74.023827808613632, 40.578978045816875 ], [ -74.019427346565735, 40.575581242314001 ], [ -74.013072048460216, 40.576634785766736 ], [ -74.011116194648793, 40.581085352812394 ], [ -74.015516543060713, 40.584482706288547 ] ] ] } },
{ "type": "Feature", "properties": { "index": "882a1039e5fffff" }, "geometry": { "type": "Polygon", "coordinates": [ [ [ -73.855631599779741, 40.586113775829666 ], [ -73.861990898133172, 40.585068826832682 ], [ -73.863960794226344, 40.580620826239965 ], [ -73.859572292571215, 40.57721810724594 ], [ -73.853214014591728, 40.578262839310142 ], [ -73.851243218004953, 40.582710507271621 ], [ -73.855631599779741, 40.586113775829666 ] ] ] } },
{ "type": "Feature", "properties": { "index": "882a100f61fffff" }, "geometry": { "type": "Polygon", "coordinates": [ [ [ -73.912853174785027, 40.803880840375797 ], [ -73.919241033423873, 40.802830413676453 ], [ -73.921214730975933, 40.79836933078348 ], [ -73.916801480257618, 40.794959007350833 ], [ -73.910414650618748, 40.796009215353685 ], [ -73.908440042811023, 40.800469965455846 ], [ -73.912853174785027, 40.803880840375797 ] ] ] } },
{ "type": "Feature", "properties": { "index": "882a10395dfffff" }, "geometry": { "type": "Polygon", "coordinates": [ [ [ -73.818783617033688, 40.629285762527488 ], [ -73.825149384828322, 40.628242394555279 ], [ -73.827124518800943, 40.623792699129311 ], [ -73.822734786358211, 40.620386705143332 ], [ -73.816370041370575, 40.621429856797967 ], [ -73.814394006130655, 40.625879218726645 ], [ -73.818783617033688, 40.629285762527488 ] ] ] } },
{ "type": "Feature", "properties": { "index": "882a100f45fffff" }, "geometry": { "type": "Polygon", "coordinates": [ [ [ -73.893688079011014, 40.807030057081917 ], [ -73.900076697434812, 40.805980662126771 ], [ -73.902052318764547, 40.801519767074062 ], [ -73.89764023170099, 40.798108600087204 ], [ -73.891252642709503, 40.799157776721472 ], [ -73.889276111462195, 40.803618338633626 ], [ -73.893688079011014, 40.807030057081917 ] ] ] } },
{ "type": "Feature", "properties": { "index": "882a103b6bfffff" }, "geometry": { "type": "Polygon", "coordinates": [ [ [ -73.792633116339303, 40.674835952899763 ], [ -73.799005500426162, 40.673793554425892 ], [ -73.800984983983724, 40.669341838276331 ], [ -73.796592985954959, 40.665932854762595 ], [ -73.790221627054777, 40.666975037314906 ], [ -73.788241241109077, 40.671426419273061 ], [ -73.792633116339303, 40.674835952899763 ] ] ] } },
{ "type": "Feature", "properties": { "index": "882a100d47fffff" }, "geometry": { "type": "Polygon", "coordinates": [ [ [ -73.949754348493357, 40.760585147984393 ], [ -73.956135678803221, 40.759533131618646 ], [ -73.958104110919564, 40.755073735084061 ], [ -73.953692122299884, 40.751666686806793 ], [ -73.947311818527027, 40.752718483859674 ], [ -73.945342476949207, 40.757177548472768 ], [ -73.949754348493357, 40.760585147984393 ] ] ] } },
{ "type": "Feature", "properties": { "index": "882a1039a9fffff" }, "geometry": { "type": "Polygon", "coordinates": [ [ [ -73.850797241206905, 40.570412646493615 ], [ -73.85715449911649, 40.56936813129164 ], [ -73.859124187253016, 40.564921091344551 ], [ -73.854737517368619, 40.561518899201211 ], [ -73.848381279225009, 40.562563197611489 ], [ -73.84641069131122, 40.567009904927296 ], [ -73.850797241206905, 40.570412646493615 ] ] ] } },
{ "type": "Feature", "properties": { "index": "882a100ec3fffff" }, "geometry": { "type": "Polygon", "coordinates": [ [ [ -73.78798199162506, 40.725146053363915 ], [ -73.79436128273673, 40.724103386845314 ], [ -73.796343320048024, 40.719648987488803 ], [ -73.791946970571388, 40.716237589160862 ], [ -73.785568706914731, 40.717280039710502 ], [ -73.783585765392473, 40.721734104527584 ], [ -73.78798199162506, 40.725146053363915 ] ] ] } },
{ "type": "Feature", "properties": { "index": "882a1060c3fffff" }, "geometry": { "type": "Polygon", "coordinates": [ [ [ -74.154771333125112, 40.548926850451245 ], [ -74.161120385854943, 40.547865793298485 ], [ -74.163060891332563, 40.54341429833957 ], [ -74.158653250328967, 40.540024187748088 ], [ -74.152305211774177, 40.541085022113037 ], [ -74.150363800157947, 40.545536189827018 ], [ -74.154771333125112, 40.548926850451245 ] ] ] } },
{ "type": "Feature", "properties": { "index": "882a107541fffff" }, "geometry": { "type": "Polygon", "coordinates": [ [ [ -74.040970094063312, 40.633929321049564 ], [ -74.047332651583091, 40.632873614455697 ], [ -74.049287284109752, 40.628419505534858 ], [ -74.044880265962973, 40.625021432848179 ], [ -74.038518728058193, 40.626076918670876 ], [ -74.036563188796279, 40.630530697921365 ], [ -74.040970094063312, 40.633929321049564 ] ] ] } },
{ "type": "Feature", "properties": { "index": "882a10755dfffff" }, "geometry": { "type": "Polygon", "coordinates": [ [ [ -74.027751334484293, 40.623733420277119 ], [ -74.034112744312964, 40.622678555031172 ], [ -74.036068185423574, 40.618225255970131 ], [ -74.031663122845842, 40.614827151971774 ], [ -74.025302732393953, 40.615881796739863 ], [ -74.023346385254101, 40.620334765954134 ], [ -74.027751334484293, 40.623733420277119 ] ] ] } },
{ "type": "Feature", "properties": { "index": "882a1001a3fffff" }, "geometry": { "type": "Polygon", "coordinates": [ [ [ -73.866151876344404, 40.815684983814265 ], [ -73.872542147173803, 40.814637028383224 ], [ -73.874520706470804, 40.81017617768785 ], [ -73.870109904642334, 40.806763616058312 ], [ -73.863720664046838, 40.80781135369682 ], [ -73.861741195159041, 40.812271870727663 ], [ -73.866151876344404, 40.815684983814265 ] ] ] } },
{ "type": "Feature", "properties": { "index": "882a100e13fffff" }, "geometry": { "type": "Polygon", "coordinates": [ [ [ -73.803591460708176, 40.743249390081907 ], [ -73.809972946701578, 40.742205668327976 ], [ -73.811954292395171, 40.737749977694875 ], [ -73.807555057492607, 40.734338343151748 ], [ -73.801174599510219, 40.735381848572771 ], [ -73.799192348532245, 40.739837204840242 ], [ -73.803591460708176, 40.743249390081907 ] ] ] } },
{ "type": "Feature", "properties": { "index": "882a100d93fffff" }, "geometry": { "type": "Polygon", "coordinates": [ [ [ -73.920498212202531, 40.666233931704333 ], [ -73.926867244256528, 40.665184542385724 ], [ -73.928834455368644, 40.660730894107544 ], [ -73.924433539656789, 40.657326967050842 ], [ -73.918065530472433, 40.658376137911731 ], [ -73.916097414242074, 40.662829454257249 ], [ -73.920498212202531, 40.666233931704333 ] ] ] } },
{ "type": "Feature", "properties": { "index": "882a10015dfffff" }, "geometry": { "type": "Polygon", "coordinates": [ [ [ -73.828033049073213, 40.888132315538876 ], [ -73.834433849651063, 40.887085724595472 ], [ -73.836419032713039, 40.882621628666492 ], [ -73.832004326793836, 40.879204458360206 ], [ -73.825604560220327, 40.88025083207387 ], [ -73.823618465675466, 40.884714593293801 ], [ -73.828033049073213, 40.888132315538876 ] ] ] } },
{ "type": "Feature", "properties": { "index": "882a106319fffff" }, "geometry": { "type": "Polygon", "coordinates": [ [ [ -74.181953329928945, 40.635235737667983 ], [ -74.188313558395777, 40.634172225073634 ], [ -74.190255089202751, 40.629715440327516 ], [ -74.185837301762845, 40.626322495364654 ], [ -74.179478090775163, 40.627385784374759 ], [ -74.177535649858726, 40.631842241901559 ], [ -74.181953329928945, 40.635235737667983 ] ] ] } },
{ "type": "Feature", "properties": { "index": "882a100f19fffff" }, "geometry": { "type": "Polygon", "coordinates": [ [ [ -73.873158626833046, 40.773182581118192 ], [ -73.879542993671947, 40.772134683236338 ], [ -73.881519108699521, 40.767676033490233 ], [ -73.877111765114464, 40.764265614914763 ], [ -73.870728426538562, 40.765313294983443 ], [ -73.868751403397496, 40.769771611411016 ], [ -73.873158626833046, 40.773182581118192 ] ] ] } },
{ "type": "Feature", "properties": { "index": "882a1000a7fffff" }, "geometry": { "type": "Polygon", "coordinates": [ [ [ -73.801364749339825, 40.801476545560163 ], [ -73.807754192916434, 40.80043234024749 ], [ -73.809738204480155, 40.795973494162673 ], [ -73.805333680059448, 40.792559188074101 ], [ -73.798945267080683, 40.793603176935733 ], [ -73.79696034803807, 40.798061688307399 ], [ -73.801364749339825, 40.801476545560163 ] ] ] } },
{ "type": "Feature", "properties": { "index": "882a100e45fffff" }, "geometry": { "type": "Polygon", "coordinates": [ [ [ -73.818109753855637, 40.790470177882732 ], [ -73.82449741438495, 40.789425156648591 ], [ -73.826479397759485, 40.784966597254986 ], [ -73.822074628175145, 40.781553393430535 ], [ -73.815687997505989, 40.78259819790798 ], [ -73.813705106674178, 40.787056422936921 ], [ -73.818109753855637, 40.790470177882732 ] ] ] } },
{ "type": "Feature", "properties": { "index": "882a10773dfffff" }, "geometry": { "type": "Polygon", "coordinates": [ [ [ -74.013559132169092, 40.642602763158997 ], [ -74.019923344802876, 40.64154847824873 ], [ -74.02188089409087, 40.637094398722965 ], [ -74.017475137276833, 40.633694934269975 ], [ -74.011111945057266, 40.634748998930917 ], [ -74.009153489348762, 40.639202748264204 ], [ -74.013559132169092, 40.642602763158997 ] ] ] } },
{ "type": "Feature", "properties": { "index": "882a100c31fffff" }, "geometry": { "type": "Polygon", "coordinates": [ [ [ -73.894423695606292, 40.711829714183352 ], [ -73.900799361394064, 40.710781284642195 ], [ -73.902770914137236, 40.706325610536396 ], [ -73.89836770745795, 40.702918698567579 ], [ -73.891993066925679, 40.703966910043086 ], [ -73.890020607929472, 40.708422251523309 ], [ -73.894423695606292, 40.711829714183352 ] ] ] } },
{ "type": "Feature", "properties": { "index": "882a100d2bfffff" }, "geometry": { "type": "Polygon", "coordinates": [ [ [ -73.974797920658645, 40.744050136596201 ], [ -73.981176568235426, 40.742996907375677 ], [ -73.98314196856704, 40.738537952075355 ], [ -73.978729630853209, 40.735132557364565 ], [ -73.972352008705158, 40.736185566818079 ], [ -73.970385698954345, 40.740644190719422 ], [ -73.974797920658645, 40.744050136596201 ] ] ] } },
{ "type": "Feature", "properties": { "index": "882a10741dfffff" }, "geometry": { "type": "Polygon", "coordinates": [ [ [ -73.966617571889927, 40.588450228966622 ], [ -73.972975276284529, 40.587399123075684 ], [ -73.974934943924495, 40.582948916067977 ], [ -73.970537810504041, 40.579550145644014 ], [ -73.964181124895845, 40.58060103237888 ], [ -73.962220554032768, 40.585050908663952 ], [ -73.966617571889927, 40.588450228966622 ] ] ] } },
{ "type": "Feature", "properties": { "index": "882a107439fffff" }, "geometry": { "type": "Polygon", "coordinates": [ [ [ -73.985689927353334, 40.585295891827286 ], [ -73.992046873744584, 40.58424376656609 ], [ -73.994004634466478, 40.579793379152612 ], [ -73.989606352462076, 40.576395447345668 ], [ -73.983250424428547, 40.577447353079343 ], [ -73.981291760152672, 40.581897410117591 ], [ -73.985689927353334, 40.585295891827286 ] ] ] } },
{ "type": "Feature", "properties": { "index": "882a1008dbfffff" }, "geometry": { "type": "Polygon", "coordinates": [ [ [ -73.932015989910582, 40.800728528871176 ], [ -73.938403087471102, 40.799677070861897 ], [ -73.940374861248131, 40.795215800909133 ], [ -73.935960448170377, 40.791806321376725 ], [ -73.929574379177012, 40.792857560314097 ], [ -73.927601694806967, 40.797318497825863 ], [ -73.932015989910582, 40.800728528871176 ] ] ] } },
{ "type": "Feature", "properties": { "index": "882a100d85fffff" }, "geometry": { "type": "Polygon", "coordinates": [ [ [ -73.949355748878659, 40.694520692163685 ], [ -73.955728116560749, 40.693469402759639 ], [ -73.957693820153352, 40.689013652976051 ], [ -73.953288063073018, 40.685609524147544 ], [ -73.946916719050549, 40.686660594435736 ], [ -73.944950108560704, 40.691116012638382 ], [ -73.949355748878659, 40.694520692163685 ] ] ] } },
{ "type": "Feature", "properties": { "index": "882a107749fffff" }, "geometry": { "type": "Polygon", "coordinates": [ [ [ -73.97436426366437, 40.677998809983286 ], [ -73.980733956184437, 40.676946312564873 ], [ -73.982696636493671, 40.672491007241469 ], [ -73.978290531249641, 40.669088530366182 ], [ -73.971921861285594, 40.670140808216068 ], [ -73.969958274121211, 40.674595782479841 ], [ -73.97436426366437, 40.677998809983286 ] ] ] } },
{ "type": "Feature", "properties": { "index": "882a1062a1fffff" }, "geometry": { "type": "Polygon", "coordinates": [ [ [ -74.143116827900158, 40.575639918921183 ], [ -74.149469695245244, 40.574579209156546 ], [ -74.151412389141285, 40.570126444153843 ], [ -74.147003122697285, 40.566734716472709 ], [ -74.140651270861156, 40.56779520360223 ], [ -74.138707670070332, 40.572247641017746 ], [ -74.143116827900158, 40.575639918921183 ] ] ] } },
{ "type": "Feature", "properties": { "index": "882a100425fffff" }, "geometry": { "type": "Polygon", "coordinates": [ [ [ -73.711411075778486, 40.737631277529907 ], [ -73.717793351806051, 40.736592731140611 ], [ -73.719783051669665, 40.732139099472469 ], [ -73.71539137846203, 40.728724350092804 ], [ -73.709010131589835, 40.729762682016393 ], [ -73.707019528883094, 40.734215977756044 ], [ -73.711411075778486, 40.737631277529907 ] ] ] } },
{ "type": "Feature", "properties": { "index": "882a10631dfffff" }, "geometry": { "type": "Polygon", "coordinates": [ [ [ -74.192732270366335, 40.63756542678523 ], [ -74.199092620212681, 40.636501292871657 ], [ -74.201033240566915, 40.632044181082549 ], [ -74.196614421638017, 40.628651530219621 ], [ -74.190255089202751, 40.629715440327516 ], [ -74.188313558395777, 40.634172225073634 ], [ -74.192732270366335, 40.63756542678523 ] ] ] } },
{ "type": "Feature", "properties": { "index": "882a107661fffff" }, "geometry": { "type": "Polygon", "coordinates": [ [ [ -73.937168801558613, 40.655227601556327 ], [ -73.943536053991465, 40.654177407018743 ], [ -73.945501251067299, 40.649724054581704 ], [ -73.94110010091363, 40.646321228237852 ], [ -73.934733870616597, 40.647371204015805 ], [ -73.932767768449096, 40.651824224867369 ], [ -73.937168801558613, 40.655227601556327 ] ] ] } },
{ "type": "Feature", "properties": { "index": "882a100cc5fffff" }, "geometry": { "type": "Polygon", "coordinates": [ [ [ -73.859666581862271, 40.696885338152512 ], [ -73.866040816207217, 40.695838993223134 ], [ -73.868014982405342, 40.691384796503137 ], [ -73.863615819215397, 40.687977277831862 ], [ -73.857242610003496, 40.68902340543427 ], [ -73.85526753896076, 40.693477269005271 ], [ -73.859666581862271, 40.696885338152512 ] ] ] } },
{ "type": "Feature", "properties": { "index": "882a1061d7fffff" }, "geometry": { "type": "Polygon", "coordinates": [ [ [ -74.22514026934266, 40.5495294964918 ], [ -74.231488140209194, 40.54846455377794 ], [ -74.233422111073352, 40.544011735815893 ], [ -74.229009118988415, 40.540624186557764 ], [ -74.222662261224315, 40.541688905084186 ], [ -74.220727382552425, 40.546141397025742 ], [ -74.22514026934266, 40.5495294964918 ] ] ] } },
{ "type": "Feature", "properties": { "index": "882a10014dfffff" }, "geometry": { "type": "Polygon", "coordinates": [ [ [ -73.843712850589554, 40.906268413698598 ], [ -73.850115858349966, 40.905220760395814 ], [ -73.852100341212832, 40.900755376500598 ], [ -73.847682728996759, 40.897337980410633 ], [ -73.84128075580054, 40.89838541611725 ], [ -73.839295360370045, 40.902850465480185 ], [ -73.843712850589554, 40.906268413698598 ] ] ] } },
{ "type": "Feature", "properties": { "index": "882a100d3dfffff" }, "geometry": { "type": "Polygon", "coordinates": [ [ [ -73.972352008705158, 40.736185566818079 ], [ -73.978729630853209, 40.735132557364565 ], [ -73.9806949306478, 40.730674080877506 ], [ -73.97628351746279, 40.727268945214263 ], [ -73.969906920437822, 40.728321734972319 ], [ -73.967940711586891, 40.732779880059141 ], [ -73.972352008705158, 40.736185566818079 ] ] ] } },
{ "type": "Feature", "properties": { "index": "882a1072cdfffff" }, "geometry": { "type": "Polygon", "coordinates": [ [ [ -74.002274464615894, 40.735376026215008 ], [ -74.008651453828989, 40.73432136635023 ], [ -74.010613924865353, 40.729862375606345 ], [ -74.006200316538823, 40.72645837557247 ], [ -73.999824351951759, 40.72751281514541 ], [ -73.997860971177147, 40.731971475014007 ], [ -74.002274464615894, 40.735376026215008 ] ] ] } },
{ "type": "Feature", "properties": { "index": "882a1005e9fffff" }, "geometry": { "type": "Polygon", "coordinates": [ [ [ -73.73652130694876, 40.72115394721029 ], [ -73.742900923395979, 40.720114177490743 ], [ -73.744887586914601, 40.71566097407176 ], [ -73.740495536915475, 40.712247875750158 ], [ -73.734116948524587, 40.713287430545058 ], [ -73.73212938218947, 40.717740298556826 ], [ -73.73652130694876, 40.72115394721029 ] ] ] } },
{ "type": "Feature", "properties": { "index": "882a10753bfffff" }, "geometry": { "type": "Polygon", "coordinates": [ [ [ -74.058554298362864, 40.593850450320353 ], [ -74.064911125177559, 40.592794208302323 ], [ -74.066862454401786, 40.588341993736485 ], [ -74.062457862528035, 40.584946350313189 ], [ -74.056102053320302, 40.586002371326195 ], [ -74.05414981849006, 40.590454256737445 ], [ -74.058554298362864, 40.593850450320353 ] ] ] } },
{ "type": "Feature", "properties": { "index": "882a106e6bfffff" }, "geometry": { "type": "Polygon", "coordinates": [ [ [ -74.234263903886998, 40.51497841387085 ], [ -74.240606950558075, 40.513913355295486 ], [ -74.242538652231474, 40.509462294190079 ], [ -74.238128214031462, 40.506076617311692 ], [ -74.231786178833445, 40.507141451622005 ], [ -74.229853570471846, 40.511592187045359 ], [ -74.234263903886998, 40.51497841387085 ] ] ] } },
{ "type": "Feature", "properties": { "index": "882a106e69fffff" }, "geometry": { "type": "Polygon", "coordinates": [ [ [ -74.236742458812756, 40.522816115526759 ], [ -74.243086517254994, 40.521750832613691 ], [ -74.245018309548911, 40.517299289673566 ], [ -74.240606950558075, 40.513913355295486 ], [ -74.234263903886998, 40.51497841387085 ], [ -74.232331204545076, 40.519429631131565 ], [ -74.236742458812756, 40.522816115526759 ] ] ] } },
{ "type": "Feature", "properties": { "index": "882a100c91fffff" }, "geometry": { "type": "Polygon", "coordinates": [ [ [ -73.84755487708432, 40.657583085689687 ], [ -73.853923988824334, 40.656537826687774 ], [ -73.855897633008013, 40.652086026120074 ], [ -73.851503068606121, 40.648679817675038 ], [ -73.845134980469609, 40.649724859703596 ], [ -73.84316043324354, 40.654176327120972 ], [ -73.84755487708432, 40.657583085689687 ] ] ] } },
{ "type": "Feature", "properties": { "index": "882a100187fffff" }, "geometry": { "type": "Polygon", "coordinates": [ [ [ -73.846979550042803, 40.818826784173034 ], [ -73.85337057763482, 40.817779861757224 ], [ -73.855351061049561, 40.813319200894057 ], [ -73.850941426236261, 40.809905796430954 ], [ -73.844551429309192, 40.810952501430506 ], [ -73.842570036643679, 40.815412828279712 ], [ -73.846979550042803, 40.818826784173034 ] ] ] } },
{ "type": "Feature", "properties": { "index": "882a100cebfffff" }, "geometry": { "type": "Polygon", "coordinates": [ [ [ -73.868014982405342, 40.691384796503137 ], [ -73.874388327533268, 40.690338047038303 ], [ -73.876361484593005, 40.68588399641056 ], [ -73.871962201469728, 40.682477028193183 ], [ -73.865589881107837, 40.683523560179353 ], [ -73.863615819215397, 40.687977277831862 ], [ -73.868014982405342, 40.691384796503137 ] ] ] } },
{ "type": "Feature", "properties": { "index": "882a103a21fffff" }, "geometry": { "type": "Polygon", "coordinates": [ [ [ -73.742375001985423, 40.641779544645317 ], [ -73.748743751488234, 40.64074027518464 ], [ -73.750726518497615, 40.636291334528387 ], [ -73.7463414360287, 40.632881998185802 ], [ -73.739973711027019, 40.633921052824775 ], [ -73.737990044105487, 40.638369658598727 ], [ -73.742375001985423, 40.641779544645317 ] ] ] } },
{ "type": "Feature", "properties": { "index": "882a1074cbfffff" }, "geometry": { "type": "Polygon", "coordinates": [ [ [ -73.937814285673142, 40.560206547809898 ], [ -73.944168671756671, 40.559157336433202 ], [ -73.946129842727899, 40.554709232847749 ], [ -73.941737529182745, 40.551310671681833 ], [ -73.935384161102419, 40.552359664558324 ], [ -73.93342208867503, 40.556807437071221 ], [ -73.937814285673142, 40.560206547809898 ] ] ] } },
{ "type": "Feature", "properties": { "index": "882a100ed7fffff" }, "geometry": { "type": "Polygon", "coordinates": [ [ [ -73.783156235181593, 40.709414767315131 ], [ -73.789533471690774, 40.708372532664043 ], [ -73.791515295145274, 40.703919090546016 ], [ -73.787120785692622, 40.700508217588776 ], [ -73.780744576023409, 40.701550236411698 ], [ -73.778761849079558, 40.706003343990545 ], [ -73.783156235181593, 40.709414767315131 ] ] ] } },
{ "type": "Feature", "properties": { "index": "882a100f17fffff" }, "geometry": { "type": "Polygon", "coordinates": [ [ [ -73.889877685787738, 40.762169224785474 ], [ -73.89626026759818, 40.761120514820945 ], [ -73.898234358392926, 40.756662155537683 ], [ -73.893826775578702, 40.753252839159394 ], [ -73.887445221293433, 40.754301331006594 ], [ -73.885470222409865, 40.758759357319626 ], [ -73.889877685787738, 40.762169224785474 ] ] ] } },
{ "type": "Feature", "properties": { "index": "882a106299fffff" }, "geometry": { "type": "Polygon", "coordinates": [ [ [ -74.089318862697198, 40.563969873576141 ], [ -74.095671109313088, 40.562912260334834 ], [ -74.097618334255813, 40.558461135020885 ], [ -74.093214217873737, 40.555067951381204 ], [ -74.08686298709749, 40.556125343092191 ], [ -74.084914856974081, 40.560576139943095 ], [ -74.089318862697198, 40.563969873576141 ] ] ] } },
{ "type": "Feature", "properties": { "index": "882a100ca3fffff" }, "geometry": { "type": "Polygon", "coordinates": [ [ [ -73.890620309535578, 40.667022477279374 ], [ -73.896989963162696, 40.665974733803431 ], [ -73.898959991693943, 40.661521602372922 ], [ -73.894561271145363, 40.658116546843438 ], [ -73.888192640878188, 40.659164072457209 ], [ -73.886221707911588, 40.663616871432957 ], [ -73.890620309535578, 40.667022477279374 ] ] ] } },
{ "type": "Feature", "properties": { "index": "882a100087fffff" }, "geometry": { "type": "Polygon", "coordinates": [ [ [ -73.771401629975173, 40.802233944539026 ], [ -73.777791684777711, 40.801191397107623 ], [ -73.779778525550824, 40.796733078011407 ], [ -73.775376218419026, 40.793317641553088 ], [ -73.768987194702092, 40.79435997313368 ], [ -73.766999447144769, 40.798817956993851 ], [ -73.771401629975173, 40.802233944539026 ] ] ] } },
{ "type": "Feature", "properties": { "index": "882a100a87fffff" }, "geometry": { "type": "Polygon", "coordinates": [ [ [ -73.92261550409998, 40.835374709433822 ], [ -73.929007481817351, 40.834323407234983 ], [ -73.930981590626246, 40.829860413180498 ], [ -73.926564633543492, 40.826449054081479 ], [ -73.920173686057765, 40.827500137298365 ], [ -73.918198665536167, 40.831962798566281 ], [ -73.92261550409998, 40.835374709433822 ] ] ] } },
{ "type": "Feature", "properties": { "index": "882a100c89fffff" }, "geometry": { "type": "Polygon", "coordinates": [ [ [ -73.854819453999383, 40.681162213595073 ], [ -73.861191638384369, 40.680116303248909 ], [ -73.863165595922453, 40.675663064745443 ], [ -73.858768273310829, 40.672256069708112 ], [ -73.852397113446699, 40.673301762868824 ], [ -73.850422251785503, 40.677754668222697 ], [ -73.854819453999383, 40.681162213595073 ] ] ] } },
{ "type": "Feature", "properties": { "index": "882a1000adfffff" }, "geometry": { "type": "Polygon", "coordinates": [ [ [ -73.79540854882076, 40.81485413302061 ], [ -73.801799915148123, 40.813810119717147 ], [ -73.803785048351301, 40.809350653080763 ], [ -73.799379723192985, 40.805935534605538 ], [ -73.792989388141621, 40.806979331540319 ], [ -73.791003347085976, 40.811438463289427 ], [ -73.79540854882076, 40.81485413302061 ] ] ] } },
{ "type": "Feature", "properties": { "index": "882a106211fffff" }, "geometry": { "type": "Polygon", "coordinates": [ [ [ -74.114840344183492, 40.613388649789393 ], [ -74.121198816825697, 40.612329085410344 ], [ -74.123145708024978, 40.607874747118736 ], [ -74.118735034379171, 40.604480301452753 ], [ -74.112377579317453, 40.60553964364825 ], [ -74.110429780431716, 40.609993653663075 ], [ -74.114840344183492, 40.613388649789393 ] ] ] } },
{ "type": "Feature", "properties": { "index": "882a100cbdfffff" }, "geometry": { "type": "Polygon", "coordinates": [ [ [ -73.879852189068913, 40.664663993645036 ], [ -73.886221707911588, 40.663616871432957 ], [ -73.888192640878188, 40.659164072457209 ], [ -73.88379495920131, 40.655758728292625 ], [ -73.877426463779855, 40.65680563286471 ], [ -73.875454626726025, 40.661258099211686 ], [ -73.879852189068913, 40.664663993645036 ] ] ] } },
{ "type": "Feature", "properties": { "index": "882a103a61fffff" }, "geometry": { "type": "Polygon", "coordinates": [ [ [ -73.728066123765146, 40.660615804603985 ], [ -73.734437666248738, 40.659577131731631 ], [ -73.736422558889345, 40.655127423327869 ], [ -73.732036809448118, 40.651716722996802 ], [ -73.725666292501785, 40.65275518128211 ], [ -73.723680499571984, 40.657204554456278 ], [ -73.728066123765146, 40.660615804603985 ] ] ] } },
{ "type": "Feature", "properties": { "index": "882a1061d1fffff" }, "geometry": { "type": "Polygon", "coordinates": [ [ [ -74.216856534416877, 40.555047017626627 ], [ -74.223205299243389, 40.553982469873894 ], [ -74.22514026934266, 40.5495294964918 ], [ -74.220727382552425, 40.546141397025742 ], [ -74.21437963119574, 40.547205720739029 ], [ -74.212443753269255, 40.551658367927381 ], [ -74.216856534416877, 40.555047017626627 ] ] ] } },
{ "type": "Feature", "properties": { "index": "882a106033fffff" }, "geometry": { "type": "Polygon", "coordinates": [ [ [ -74.200283383768962, 40.566081339161478 ], [ -74.206633936447332, 40.565017582160806 ], [ -74.208570905993184, 40.560564298692533 ], [ -74.204158230836313, 40.557175098734881 ], [ -74.197808692362685, 40.558238631992388 ], [ -74.195870814951149, 40.56269158892033 ], [ -74.200283383768962, 40.566081339161478 ] ] ] } },
{ "type": "Feature", "properties": { "index": "882a100e29fffff" }, "geometry": { "type": "Polygon", "coordinates": [ [ [ -73.843212970326164, 40.773958645094126 ], [ -73.849597956043283, 40.772912402063071 ], [ -73.851576899576372, 40.768454274629626 ], [ -73.847171764928845, 40.765042724039638 ], [ -73.840787807965683, 40.766088749856294 ], [ -73.838807957008996, 40.770546543447665 ], [ -73.843212970326164, 40.773958645094126 ] ] ] } },
{ "type": "Feature", "properties": { "index": "882a100d95fffff" }, "geometry": { "type": "Polygon", "coordinates": [ [ [ -73.933704525261859, 40.676447306924935 ], [ -73.940074713439699, 40.675397077427498 ], [ -73.942041120750531, 40.670942617920758 ], [ -73.937638245822157, 40.667538719639076 ], [ -73.931269080756579, 40.668588730385451 ], [ -73.929301767618966, 40.673042858134764 ], [ -73.933704525261859, 40.676447306924935 ] ] ] } },
{ "type": "Feature", "properties": { "index": "882a107641fffff" }, "geometry": { "type": "Polygon", "coordinates": [ [ [ -73.907297777349498, 40.656020471382199 ], [ -73.913665653001516, 40.654971921630604 ], [ -73.915633666795998, 40.650519084838301 ], [ -73.911234709460274, 40.64711512987548 ], [ -73.904867856434919, 40.648163461462545 ], [ -73.902898938230393, 40.652615966147252 ], [ -73.907297777349498, 40.656020471382199 ] ] ] } },
{ "type": "Feature", "properties": { "index": "882a103823fffff" }, "geometry": { "type": "Polygon", "coordinates": [ [ [ -73.798386695589016, 40.595502994653927 ], [ -73.804748236038904, 40.594461110656674 ], [ -73.806723847912281, 40.590013668083301 ], [ -73.802338818932569, 40.586608443147234 ], [ -73.795978300128255, 40.587650111330184 ], [ -73.794001788769862, 40.592097220234095 ], [ -73.798386695589016, 40.595502994653927 ] ] ] } },
{ "type": "Feature", "properties": { "index": "882a106047fffff" }, "geometry": { "type": "Polygon", "coordinates": [ [ [ -74.182828533608557, 40.60616990529406 ], [ -74.189184815615334, 40.605106666167671 ], [ -74.191125065325139, 40.600651476793608 ], [ -74.186709942143906, 40.597259853568708 ], [ -74.180354676345445, 40.59832286917969 ], [ -74.17841351763019, 40.602777731500616 ], [ -74.182828533608557, 40.60616990529406 ] ] ] } },
{ "type": "Feature", "properties": { "index": "882a10015bfffff" }, "geometry": { "type": "Polygon", "coordinates": [ [ [ -73.814791276575335, 40.877879116310694 ], [ -73.82119090425914, 40.876833369512347 ], [ -73.823176892181564, 40.872370085135351 ], [ -73.818764163298056, 40.868952882411783 ], [ -73.812365569368879, 40.869998412275542 ], [ -73.810378670682354, 40.874461361767729 ], [ -73.814791276575335, 40.877879116310694 ] ] ] } },
{ "type": "Feature", "properties": { "index": "882a100ad7fffff" }, "geometry": { "type": "Polygon", "coordinates": [ [ [ -73.892629770442838, 40.836163437002128 ], [ -73.899022374470277, 40.835113794055864 ], [ -73.900999321145449, 40.830651321302078 ], [ -73.896584574928823, 40.827238824777112 ], [ -73.890193001628774, 40.828288249341277 ], [ -73.888215143931106, 40.832750388782671 ], [ -73.892629770442838, 40.836163437002128 ] ] ] } },
{ "type": "Feature", "properties": { "index": "882a1076a7fffff" }, "geometry": { "type": "Polygon", "coordinates": [ [ [ -73.942676982312449, 40.57590254267113 ], [ -73.94903340531053, 40.574852894080948 ], [ -73.950994778177986, 40.570403829213042 ], [ -73.946600630331886, 40.567004743976874 ], [ -73.94024522594249, 40.568054173924786 ], [ -73.938282950901566, 40.572502907721386 ], [ -73.942676982312449, 40.57590254267113 ] ] ] } },
{ "type": "Feature", "properties": { "index": "882a1001d9fffff" }, "geometry": { "type": "Polygon", "coordinates": [ [ [ -73.800249321271892, 40.830605951688597 ], [ -73.806642751079494, 40.829561505435827 ], [ -73.808628098251489, 40.82510108386591 ], [ -73.80422092430851, 40.821685443406018 ], [ -73.797828526395804, 40.822729673148821 ], [ -73.79584227064467, 40.827189759831867 ], [ -73.800249321271892, 40.830605951688597 ] ] ] } },
{ "type": "Feature", "properties": { "index": "882a10741bfffff" }, "geometry": { "type": "Polygon", "coordinates": [ [ [ -73.95342847083586, 40.578252241124922 ], [ -73.959785025367253, 40.577201973510178 ], [ -73.961745495716002, 40.572752577744815 ], [ -73.957350314163122, 40.569353780461881 ], [ -73.950994778177986, 40.570403829213042 ], [ -73.94903340531053, 40.574852894080948 ], [ -73.95342847083586, 40.578252241124922 ] ] ] } },
{ "type": "Feature", "properties": { "index": "882a100893fffff" }, "geometry": { "type": "Polygon", "coordinates": [ [ [ -73.954641878814343, 40.776320688988534 ], [ -73.961025263117563, 40.775268233782654 ], [ -73.962993898030035, 40.770807880355157 ], [ -73.958580058939901, 40.76740031402273 ], [ -73.952197701786645, 40.768452549772817 ], [ -73.950228156685995, 40.772912571281196 ], [ -73.954641878814343, 40.776320688988534 ] ] ] } },
{ "type": "Feature", "properties": { "index": "882a100183fffff" }, "geometry": { "type": "Polygon", "coordinates": [ [ [ -73.836179146635445, 40.816459125402965 ], [ -73.842570036643679, 40.815412828279712 ], [ -73.844551429309192, 40.810952501430506 ], [ -73.840142840978402, 40.807538805863743 ], [ -73.833752981696009, 40.808584885794389 ], [ -73.831770680131783, 40.813044878454697 ], [ -73.836179146635445, 40.816459125402965 ] ] ] } },
{ "type": "Feature", "properties": { "index": "882a100c4bfffff" }, "geometry": { "type": "Polygon", "coordinates": [ [ [ -73.855084883456144, 40.74721337268732 ], [ -73.861466030080706, 40.746166751481915 ], [ -73.863442739452452, 40.74170987004662 ], [ -73.859039208987951, 40.738299943281802 ], [ -73.852659089765339, 40.739346347109951 ], [ -73.850681473717913, 40.743802895050493 ], [ -73.855084883456144, 40.74721337268732 ] ] ] } },
{ "type": "Feature", "properties": { "index": "882a100cabfffff" }, "geometry": { "type": "Polygon", "coordinates": [ [ [ -73.882278730580694, 40.672523095570256 ], [ -73.888649273149994, 40.671475755647343 ], [ -73.890620309535578, 40.667022477279374 ], [ -73.886221707911588, 40.663616871432957 ], [ -73.879852189068913, 40.664663993645036 ], [ -73.877880248235627, 40.669116939384665 ], [ -73.882278730580694, 40.672523095570256 ] ] ] } },
{ "type": "Feature", "properties": { "index": "882a100d83fffff" }, "geometry": { "type": "Polygon", "coordinates": [ [ [ -73.936140789289112, 40.684306623491764 ], [ -73.942512000884207, 40.683256175172097 ], [ -73.944478509809599, 40.678801236276584 ], [ -73.940074713439699, 40.675397077427498 ], [ -73.933704525261859, 40.676447306924935 ], [ -73.931737110148546, 40.680901914063838 ], [ -73.936140789289112, 40.684306623491764 ] ] ] } },
{ "type": "Feature", "properties": { "index": "882a103807fffff" }, "geometry": { "type": "Polygon", "coordinates": [ [ [ -73.779300584343446, 40.598626601699515 ], [ -73.785662869598937, 40.597585740222705 ], [ -73.78764038672368, 40.59313848520177 ], [ -73.783256517852195, 40.589732425643547 ], [ -73.776895254665007, 40.590773071679315 ], [ -73.774916838392912, 40.595219992684974 ], [ -73.779300584343446, 40.598626601699515 ] ] ] } },
{ "type": "Feature", "properties": { "index": "882a100137fffff" }, "geometry": { "type": "Polygon", "coordinates": [ [ [ -73.878320257215449, 40.855064192900706 ], [ -73.884715683844931, 40.854015147440641 ], [ -73.88669476544986, 40.84955190922264 ], [ -73.882279331950741, 40.846138050095597 ], [ -73.875884937099102, 40.847186877407566 ], [ -73.873904944082085, 40.851649781964859 ], [ -73.878320257215449, 40.855064192900706 ] ] ] } },
{ "type": "Feature", "properties": { "index": "882a100f43fffff" }, "geometry": { "type": "Polygon", "coordinates": [ [ [ -73.88045414719376, 40.796794869687766 ], [ -73.88684160066785, 40.7957463179402 ], [ -73.888818027934278, 40.791286233945598 ], [ -73.884407911042402, 40.787875034985234 ], [ -73.878021486754534, 40.788923368706484 ], [ -73.876044150285239, 40.793383119384607 ], [ -73.88045414719376, 40.796794869687766 ] ] ] } },
{ "type": "Feature", "properties": { "index": "882a100541fffff" }, "geometry": { "type": "Polygon", "coordinates": [ [ [ -73.731805623569088, 40.771489736963204 ], [ -73.738192161682036, 40.770449708374798 ], [ -73.740181394858297, 40.76599382877648 ], [ -73.73578499467493, 40.762578313494281 ], [ -73.729399486895687, 40.76361812711334 ], [ -73.727409349079423, 40.76807367095455 ], [ -73.731805623569088, 40.771489736963204 ] ] ] } },
{ "type": "Feature", "properties": { "index": "882a107543fffff" }, "geometry": { "type": "Polygon", "coordinates": [ [ [ -74.038518728058193, 40.626076918670876 ], [ -74.044880265962973, 40.625021432848179 ], [ -74.046834800699202, 40.620567804115275 ], [ -74.042428704016061, 40.617169990846875 ], [ -74.036068185423574, 40.618225255970131 ], [ -74.034112744312964, 40.622678555031172 ], [ -74.038518728058193, 40.626076918670876 ] ] ] } },
{ "type": "Feature", "properties": { "index": "882a100edbfffff" }, "geometry": { "type": "Polygon", "coordinates": [ [ [ -73.764023030732616, 40.712539414081832 ], [ -73.770401014559084, 40.711498208071525 ], [ -73.772384752315176, 40.707044956545595 ], [ -73.767991409506322, 40.703633245886948 ], [ -73.76161445294521, 40.70467423644434 ], [ -73.759629812040401, 40.70912715308387 ], [ -73.764023030732616, 40.712539414081832 ] ] ] } },
{ "type": "Feature", "properties": { "index": "882a107567fffff" }, "geometry": { "type": "Polygon", "coordinates": [ [ [ -74.079141614277205, 40.627589978397744 ], [ -74.085502640844467, 40.626532230908253 ], [ -74.087453450235088, 40.622077765501899 ], [ -74.083044140562237, 40.618681376527718 ], [ -74.07668413274456, 40.619738902503322 ], [ -74.074732415961009, 40.624193038936845 ], [ -74.079141614277205, 40.627589978397744 ] ] ] } },
{ "type": "Feature", "properties": { "index": "882a100141fffff" }, "geometry": { "type": "Polygon", "coordinates": [ [ [ -73.84128075580054, 40.89838541611725 ], [ -73.847682728996759, 40.897337980410633 ], [ -73.849667106065326, 40.892873073189868 ], [ -73.845250422253571, 40.889455936178898 ], [ -73.838849483311094, 40.890503154360417 ], [ -73.836864194040459, 40.894967727048197 ], [ -73.84128075580054, 40.89838541611725 ] ] ] } },
{ "type": "Feature", "properties": { "index": "882a100123fffff" }, "geometry": { "type": "Polygon", "coordinates": [ [ [ -73.883193366216162, 40.870821032737446 ], [ -73.889590857328955, 40.869771550767574 ], [ -73.891570147510564, 40.865307358122955 ], [ -73.887152858834881, 40.861892981077276 ], [ -73.880756400118401, 40.862942244756638 ], [ -73.87877619779475, 40.867406103742312 ], [ -73.883193366216162, 40.870821032737446 ] ] ] } },
{ "type": "Feature", "properties": { "index": "882a106183fffff" }, "geometry": { "type": "Polygon", "coordinates": [ [ [ -74.244183106901588, 40.546333654603423 ], [ -74.250530202447365, 40.54526769824102 ], [ -74.252462266273156, 40.540814710278937 ], [ -74.248048142791433, 40.537428004320063 ], [ -74.24170205991193, 40.538493736126611 ], [ -74.239769087957484, 40.542946398417428 ], [ -74.244183106901588, 40.546333654603423 ] ] ] } },
{ "type": "Feature", "properties": { "index": "882a100ce7fffff" }, "geometry": { "type": "Polygon", "coordinates": [ [ [ -73.887134263886054, 40.68824352192037 ], [ -73.893506854825276, 40.687195746363074 ], [ -73.895478097901574, 40.682741509455063 ], [ -73.891077655319975, 40.679335380702028 ], [ -73.884706088718545, 40.680382938406645 ], [ -73.882733940473031, 40.68483684268729 ], [ -73.887134263886054, 40.68824352192037 ] ] ] } },
{ "type": "Feature", "properties": { "index": "882a10013bfffff" }, "geometry": { "type": "Polygon", "coordinates": [ [ [ -73.859132459193532, 40.858209259581102 ], [ -73.865528644745368, 40.857161249019107 ], [ -73.867509653864744, 40.852698201041342 ], [ -73.863095388617367, 40.849283497606542 ], [ -73.856700235275909, 40.850331290397236 ], [ -73.854718315084909, 40.854794004364201 ], [ -73.859132459193532, 40.858209259581102 ] ] ] } },
{ "type": "Feature", "properties": { "index": "882a100d39fffff" }, "geometry": { "type": "Polygon", "coordinates": [ [ [ -73.961563221027319, 40.73383226611287 ], [ -73.967940711586891, 40.732779880059141 ], [ -73.969906920437822, 40.728321734972319 ], [ -73.965496547549122, 40.724916307484868 ], [ -73.959120082176057, 40.725968474065823 ], [ -73.957152964617293, 40.730426287577089 ], [ -73.961563221027319, 40.73383226611287 ] ] ] } },
{ "type": "Feature", "properties": { "index": "882a10626bfffff" }, "geometry": { "type": "Polygon", "coordinates": [ [ [ -74.135477512907201, 40.647127341677162 ], [ -74.141840182827849, 40.646066266417698 ], [ -74.143786544677653, 40.641609678527942 ], [ -74.139371146194165, 40.638214493960014 ], [ -74.133009494993985, 40.639275346525551 ], [ -74.131062223667598, 40.643731606322696 ], [ -74.135477512907201, 40.647127341677162 ] ] ] } },
{ "type": "Feature", "properties": { "index": "882a1076e5fffff" }, "geometry": { "type": "Polygon", "coordinates": [ [ [ -73.930897198074689, 40.602600976090159 ], [ -73.937257434599616, 40.601551691753485 ], [ -73.939221017535758, 40.597101367598405 ], [ -73.934825266976688, 40.593700659166679 ], [ -73.928466050397461, 40.594749725019703 ], [ -73.926501564542917, 40.599199717758374 ], [ -73.930897198074689, 40.602600976090159 ] ] ] } },
{ "type": "Feature", "properties": { "index": "882a1076e1fffff" }, "geometry": { "type": "Polygon", "coordinates": [ [ [ -73.920141460672752, 40.600248382472031 ], [ -73.926501564542917, 40.599199717758374 ], [ -73.928466050397461, 40.594749725019703 ], [ -73.924071335065477, 40.591348728555232 ], [ -73.917712251202957, 40.592397175006809 ], [ -73.915746862776103, 40.596846836155201 ], [ -73.920141460672752, 40.600248382472031 ] ] ] } },
{ "type": "Feature", "properties": { "index": "882a103913fffff" }, "geometry": { "type": "Polygon", "coordinates": [ [ [ -73.828218469238905, 40.594738068132607 ], [ -73.834579400698985, 40.593694542941229 ], [ -73.836552207146497, 40.589246580437859 ], [ -73.832164982414866, 40.585842476246945 ], [ -73.825805072117433, 40.586885785029295 ], [ -73.823831365500652, 40.59133341438212 ], [ -73.828218469238905, 40.594738068132607 ] ] ] } },
{ "type": "Feature", "properties": { "index": "882a107457fffff" }, "geometry": { "type": "Polygon", "coordinates": [ [ [ -73.958298308029967, 40.59395129124615 ], [ -73.964656900562616, 40.592900585690764 ], [ -73.966617571889927, 40.588450228966622 ], [ -73.962220554032768, 40.585050908663952 ], [ -73.955862980652213, 40.586101395213412 ], [ -73.953901406087851, 40.590551421041688 ], [ -73.958298308029967, 40.59395129124615 ] ] ] } },
{ "type": "Feature", "properties": { "index": "882a100ebbfffff" }, "geometry": { "type": "Polygon", "coordinates": [ [ [ -73.808227721443814, 40.692926952239198 ], [ -73.814602295371458, 40.691883499988826 ], [ -73.816581088360607, 40.687430491766129 ], [ -73.812186210992692, 40.684021269782399 ], [ -73.805812662805678, 40.685064505747903 ], [ -73.803832966358442, 40.689517179952496 ], [ -73.808227721443814, 40.692926952239198 ] ] ] } },
{ "type": "Feature", "properties": { "index": "882a107637fffff" }, "geometry": { "type": "Polygon", "coordinates": [ [ [ -73.944088007233404, 40.612804697754648 ], [ -73.950449396143028, 40.611754574922699 ], [ -73.952412176847815, 40.607303439326785 ], [ -73.948014472378361, 40.603902757774733 ], [ -73.94165410365575, 40.60495266183036 ], [ -73.939690419326908, 40.609403466184588 ], [ -73.944088007233404, 40.612804697754648 ] ] ] } },
{ "type": "Feature", "properties": { "index": "882a10018bfffff" }, "geometry": { "type": "Polygon", "coordinates": [ [ [ -73.827804956047359, 40.821965484621877 ], [ -73.834196739104883, 40.820919595653358 ], [ -73.836179146635445, 40.816459125402965 ], [ -73.831770680131783, 40.813044878454697 ], [ -73.82537992816971, 40.81409055038344 ], [ -73.823396611729152, 40.818550686270548 ], [ -73.827804956047359, 40.821965484621877 ] ] ] } },
{ "type": "Feature", "properties": { "index": "882a10764dfffff" }, "geometry": { "type": "Polygon", "coordinates": [ [ [ -73.909728515658443, 40.663878222244399 ], [ -73.916097414242074, 40.662829454257249 ], [ -73.918065530472433, 40.658376137911731 ], [ -73.913665653001516, 40.654971921630604 ], [ -73.907297777349498, 40.656020471382199 ], [ -73.905328756348595, 40.660473455620753 ], [ -73.909728515658443, 40.663878222244399 ] ] ] } },
{ "type": "Feature", "properties": { "index": "882a1039e7fffff" }, "geometry": { "type": "Polygon", "coordinates": [ [ [ -73.853214014591728, 40.578262839310142 ], [ -73.859572292571215, 40.57721810724594 ], [ -73.86154208471018, 40.572770586935796 ], [ -73.85715449911649, 40.56936813129164 ], [ -73.850797241206905, 40.570412646493615 ], [ -73.848826548932593, 40.574859834172479 ], [ -73.853214014591728, 40.578262839310142 ] ] ] } },
{ "type": "Feature", "properties": { "index": "882a100133fffff" }, "geometry": { "type": "Polygon", "coordinates": [ [ [ -73.867509653864744, 40.852698201041342 ], [ -73.873904944082085, 40.851649781964859 ], [ -73.875884937099102, 40.847186877407566 ], [ -73.871470551071766, 40.843772725733125 ], [ -73.865076292693999, 40.84482092688544 ], [ -73.863095388617367, 40.849283497606542 ], [ -73.867509653864744, 40.852698201041342 ] ] ] } },
{ "type": "Feature", "properties": { "index": "882a100f31fffff" }, "geometry": { "type": "Polygon", "coordinates": [ [ [ -73.911461041168266, 40.766890042712113 ], [ -73.917843892323489, 40.765840084721034 ], [ -73.919816165890325, 40.761381060022231 ], [ -73.915406497203506, 40.757972325904952 ], [ -73.909024673449409, 40.75902206533258 ], [ -73.907051491093597, 40.763480757411095 ], [ -73.911461041168266, 40.766890042712113 ] ] ] } },
{ "type": "Feature", "properties": { "index": "882a100ec9fffff" }, "geometry": { "type": "Polygon", "coordinates": [ [ [ -73.78203172636664, 40.738510305449346 ], [ -73.788412933803642, 40.737467829769145 ], [ -73.790396089714974, 40.733012808041231 ], [ -73.785998942884547, 40.729600596677365 ], [ -73.779618763577474, 40.730642856470709 ], [ -73.777634703083805, 40.735097543485232 ], [ -73.78203172636664, 40.738510305449346 ] ] ] } },
{ "type": "Feature", "properties": { "index": "882a100ea3fffff" }, "geometry": { "type": "Polygon", "coordinates": [ [ [ -73.832189407704732, 40.70552138661715 ], [ -73.838565283279124, 40.704476473828066 ], [ -73.840542373594559, 40.700022319185273 ], [ -73.83614449296627, 40.696613410972468 ], [ -73.829769643319423, 40.697658106960873 ], [ -73.8277916484858, 40.702111927933174 ], [ -73.832189407704732, 40.70552138661715 ] ] ] } },
{ "type": "Feature", "properties": { "index": "882a100a19fffff" }, "geometry": { "type": "Polygon", "coordinates": [ [ [ -73.907267678463953, 40.883430023758947 ], [ -73.913666473340939, 40.882379069022726 ], [ -73.915644041663469, 40.877913732501511 ], [ -73.91122372843526, 40.874499683992795 ], [ -73.904825966139214, 40.875550419918973 ], [ -73.902847484603868, 40.880015423133962 ], [ -73.907267678463953, 40.883430023758947 ] ] ] } },
{ "type": "Feature", "properties": { "index": "882a100f5dfffff" }, "geometry": { "type": "Polygon", "coordinates": [ [ [ -73.869656832790781, 40.794431046342886 ], [ -73.876044150285239, 40.793383119384607 ], [ -73.878021486754534, 40.788923368706484 ], [ -73.873612414694037, 40.785511878448361 ], [ -73.867226126447335, 40.786559587603755 ], [ -73.865247881126336, 40.791019004790364 ], [ -73.869656832790781, 40.794431046342886 ] ] ] } },
{ "type": "Feature", "properties": { "index": "882a100167fffff" }, "geometry": { "type": "Polygon", "coordinates": [ [ [ -73.879688799661949, 40.892095615888501 ], [ -73.886089253718396, 40.891046106123717 ], [ -73.888069769630519, 40.886580816121231 ], [ -73.883650744485038, 40.883165369685521 ], [ -73.877251323815685, 40.884214661170205 ], [ -73.875269895018306, 40.88867961734082 ], [ -73.879688799661949, 40.892095615888501 ] ] ] } },
{ "type": "Feature", "properties": { "index": "882a100e35fffff" }, "geometry": { "type": "Polygon", "coordinates": [ [ [ -73.846725124821347, 40.752716614119443 ], [ -73.853107162407895, 40.751670399041352 ], [ -73.855084883456144, 40.74721337268732 ], [ -73.850681473717913, 40.743802895050493 ], [ -73.844300463901504, 40.744848892903484 ], [ -73.842321836165908, 40.749305585588736 ], [ -73.846725124821347, 40.752716614119443 ] ] ] } },
{ "type": "Feature", "properties": { "index": "882a100567fffff" }, "geometry": { "type": "Polygon", "coordinates": [ [ [ -73.770121117278634, 40.765244404906376 ], [ -73.776506160395883, 40.764202312439991 ], [ -73.778491556221539, 40.759746047476135 ], [ -73.774092814368515, 40.75633221001074 ], [ -73.767708800732649, 40.757374086755014 ], [ -73.765722499581585, 40.761830016657314 ], [ -73.770121117278634, 40.765244404906376 ] ] ] } },
{ "type": "Feature", "properties": { "index": "882a100f13fffff" }, "geometry": { "type": "Polygon", "coordinates": [ [ [ -73.879087775963896, 40.75980744341652 ], [ -73.885470222409865, 40.758759357319626 ], [ -73.887445221293433, 40.754301331006594 ], [ -73.883038681582264, 40.750891723905688 ], [ -73.876657262723086, 40.751939592108307 ], [ -73.87468135610095, 40.75639728527635 ], [ -73.879087775963896, 40.75980744341652 ] ] ] } },
{ "type": "Feature", "properties": { "index": "882a10014bfffff" }, "geometry": { "type": "Polygon", "coordinates": [ [ [ -73.830462359147816, 40.896014535292352 ], [ -73.836864194040459, 40.894967727048197 ], [ -73.838849483311094, 40.890503154360417 ], [ -73.834433849651063, 40.887085724595472 ], [ -73.828033049073213, 40.888132315538876 ], [ -73.826046847954473, 40.892596553518196 ], [ -73.830462359147816, 40.896014535292352 ] ] ] } },
{ "type": "Feature", "properties": { "index": "882a1072d9fffff" }, "geometry": { "type": "Polygon", "coordinates": [ [ [ -73.975803326224877, 40.714948552546538 ], [ -73.982178005238026, 40.713895579137024 ], [ -73.984142094799566, 40.709438208353774 ], [ -73.97973241377683, 40.706034142178794 ], [ -73.973358758907111, 40.707086895884792 ], [ -73.971393761028622, 40.711543935439316 ], [ -73.975803326224877, 40.714948552546538 ] ] ] } },
{ "type": "Feature", "properties": { "index": "882a10054bfffff" }, "geometry": { "type": "Polygon", "coordinates": [ [ [ -73.721022953340082, 40.769113075907178 ], [ -73.727409349079423, 40.76807367095455 ], [ -73.729399486895687, 40.76361812711334 ], [ -73.725004133373332, 40.760202324126048 ], [ -73.718618768025721, 40.761241514332724 ], [ -73.716627725922081, 40.765696722243277 ], [ -73.721022953340082, 40.769113075907178 ] ] ] } },
{ "type": "Feature", "properties": { "index": "882a103b25fffff" }, "geometry": { "type": "Polygon", "coordinates": [ [ [ -73.828446040901866, 40.660716812681414 ], [ -73.834815902980395, 40.659672578734195 ], [ -73.836791458120274, 40.655220965247118 ], [ -73.832398053998901, 40.651813919175112 ], [ -73.826029215949973, 40.652857936522807 ], [ -73.824052758104969, 40.657309216512473 ], [ -73.828446040901866, 40.660716812681414 ] ] ] } },
{ "type": "Feature", "properties": { "index": "882a103829fffff" }, "geometry": { "type": "Polygon", "coordinates": [ [ [ -73.792455730287656, 40.608846387188819 ], [ -73.79881917665827, 40.607804690825283 ], [ -73.800795900511488, 40.603356622082849 ], [ -73.796410077959621, 40.599950583517405 ], [ -73.790047653903841, 40.600992064147917 ], [ -73.788070030197019, 40.60543979904746 ], [ -73.792455730287656, 40.608846387188819 ] ] ] } },
{ "type": "Feature", "properties": { "index": "882a1076a1fffff" }, "geometry": { "type": "Polygon", "coordinates": [ [ [ -73.934357296057101, 40.581401005142183 ], [ -73.940714606039236, 40.58035175698889 ], [ -73.942676982312449, 40.57590254267113 ], [ -73.938282950901566, 40.572502907721386 ], [ -73.93192665989325, 40.573551937382682 ], [ -73.92996338143314, 40.578000820455991 ], [ -73.934357296057101, 40.581401005142183 ] ] ] } },
{ "type": "Feature", "properties": { "index": "882a10608dfffff" }, "geometry": { "type": "Polygon", "coordinates": [ [ [ -74.173817721342644, 40.545742664257503 ], [ -74.180166003819878, 40.544680592466932 ], [ -74.182104603180733, 40.540228924914238 ], [ -74.177695826636253, 40.536839656018181 ], [ -74.171348557900245, 40.537901504651877 ], [ -74.169409052077413, 40.542352845308201 ], [ -74.173817721342644, 40.545742664257503 ] ] ] } },
{ "type": "Feature", "properties": { "index": "882a107607fffff" }, "geometry": { "type": "Polygon", "coordinates": [ [ [ -73.92986646401954, 40.631660631387042 ], [ -73.936230650958024, 40.630611092914883 ], [ -73.938195543523335, 40.626159179862285 ], [ -73.933797153272423, 40.622757136839816 ], [ -73.927433987556952, 40.62380645676577 ], [ -73.925468190980908, 40.628258038230619 ], [ -73.92986646401954, 40.631660631387042 ] ] ] } },
{ "type": "Feature", "properties": { "index": "882a100135fffff" }, "geometry": { "type": "Polygon", "coordinates": [ [ [ -73.880756400118401, 40.862942244756638 ], [ -73.887152858834881, 40.861892981077276 ], [ -73.889132044752969, 40.857429265604289 ], [ -73.884715683844931, 40.854015147440641 ], [ -73.878320257215449, 40.855064192900706 ], [ -73.87634015952041, 40.859527574713859 ], [ -73.880756400118401, 40.862942244756638 ] ] ] } },
{ "type": "Feature", "properties": { "index": "882a107211fffff" }, "geometry": { "type": "Polygon", "coordinates": [ [ [ -74.015518875510452, 40.745589611486508 ], [ -74.02189701939659, 40.744534107475118 ], [ -74.023858679482601, 40.740074307141946 ], [ -74.01944310624387, 40.736670341488143 ], [ -74.013065987224564, 40.737725624913224 ], [ -74.01110341668911, 40.742185094548333 ], [ -74.015518875510452, 40.745589611486508 ] ] ] } },
{ "type": "Feature", "properties": { "index": "882a10058dfffff" }, "geometry": { "type": "Polygon", "coordinates": [ [ [ -73.731713400165788, 40.705421656015268 ], [ -73.738090960808435, 40.704382316074941 ], [ -73.740077406958065, 40.699930069728175 ], [ -73.735687194673858, 40.696517498698569 ], [ -73.729310661471459, 40.697556623854403 ], [ -73.727323313225881, 40.70200853479502 ], [ -73.731713400165788, 40.705421656015268 ] ] ] } },
{ "type": "Feature", "properties": { "index": "882a10622dfffff" }, "geometry": { "type": "Polygon", "coordinates": [ [ [ -74.162871096695881, 40.638424237257595 ], [ -74.169232098937911, 40.637361743808988 ], [ -74.171175543231953, 40.632905133269595 ], [ -74.166758895179072, 40.62951134371761 ], [ -74.160398910852777, 40.6305736139524 ], [ -74.158454556774231, 40.635029896922617 ], [ -74.162871096695881, 40.638424237257595 ] ] ] } },
{ "type": "Feature", "properties": { "index": "882a103b0bfffff" }, "geometry": { "type": "Polygon", "coordinates": [ [ [ -73.777050715624256, 40.656747203266356 ], [ -73.783420910402313, 40.655705857299658 ], [ -73.7854010825491, 40.65125543372158 ], [ -73.781011961349577, 40.647846690444887 ], [ -73.774642791204116, 40.648887820853012 ], [ -73.77266171773789, 40.653337910067002 ], [ -73.777050715624256, 40.656747203266356 ] ] ] } },
{ "type": "Feature", "properties": { "index": "882a100ed5fffff" }, "geometry": { "type": "Polygon", "coordinates": [ [ [ -73.785568706914731, 40.717280039710502 ], [ -73.791946970571388, 40.716237589160862 ], [ -73.793928900978003, 40.711783668382708 ], [ -73.789533471690774, 40.708372532664043 ], [ -73.783156235181593, 40.709414767315131 ], [ -73.781173400924914, 40.71386835355397 ], [ -73.785568706914731, 40.717280039710502 ] ] ] } },
{ "type": "Feature", "properties": { "index": "882a100dddfffff" }, "geometry": { "type": "Polygon", "coordinates": [ [ [ -73.911116232476076, 40.700821249111577 ], [ -73.917490116676277, 40.69977201122714 ], [ -73.919459650917645, 40.695316630441155 ], [ -73.915056207298448, 40.691910819787729 ], [ -73.908683347618322, 40.692959839303583 ], [ -73.906712907149412, 40.697414887811654 ], [ -73.911116232476076, 40.700821249111577 ] ] ] } },
{ "type": "Feature", "properties": { "index": "882a1062abfffff" }, "geometry": { "type": "Polygon", "coordinates": [ [ [ -74.132354925954942, 40.573307731290882 ], [ -74.138707670070332, 40.572247641017746 ], [ -74.140651270861156, 40.56779520360223 ], [ -74.136243034199026, 40.564403184192209 ], [ -74.129891305659243, 40.565463052051193 ], [ -74.127946798316245, 40.569915161704117 ], [ -74.132354925954942, 40.573307731290882 ] ] ] } },
{ "type": "Feature", "properties": { "index": "882a100121fffff" }, "geometry": { "type": "Polygon", "coordinates": [ [ [ -73.885631155917309, 40.878700556605082 ], [ -73.892029679735771, 40.877650856273426 ], [ -73.894009074131205, 40.873186186540643 ], [ -73.889590857328955, 40.869771550767574 ], [ -73.883193366216162, 40.870821032737446 ], [ -73.881213059313453, 40.875285368812271 ], [ -73.885631155917309, 40.878700556605082 ] ] ] } },
{ "type": "Feature", "properties": { "index": "882a10635bfffff" }, "geometry": { "type": "Polygon", "coordinates": [ [ [ -74.165344112977351, 40.6462755980046 ], [ -74.171706133436473, 40.6452128812697 ], [ -74.173649671288132, 40.640755790403709 ], [ -74.169232098937911, 40.637361743808988 ], [ -74.162871096695881, 40.638424237257595 ], [ -74.16092664869764, 40.642881000556834 ], [ -74.165344112977351, 40.6462755980046 ] ] ] } },
{ "type": "Feature", "properties": { "index": "882a100129fffff" }, "geometry": { "type": "Polygon", "coordinates": [ [ [ -73.877251323815685, 40.884214661170205 ], [ -73.883650744485038, 40.883165369685521 ], [ -73.885631155917309, 40.878700556605082 ], [ -73.881213059313453, 40.875285368812271 ], [ -73.874814671721396, 40.876334442088101 ], [ -73.872833347769429, 40.880798921335739 ], [ -73.877251323815685, 40.884214661170205 ] ] ] } },
{ "type": "Feature", "properties": { "index": "882a1060adfffff" }, "geometry": { "type": "Polygon", "coordinates": [ [ [ -74.203620140403046, 40.544881033318319 ], [ -74.209967771791554, 40.54381732851347 ], [ -74.21190355793027, 40.539365162768213 ], [ -74.207492619916039, 40.535977028169469 ], [ -74.201146001766517, 40.537040509228014 ], [ -74.199209308502006, 40.541492348601238 ], [ -74.203620140403046, 40.544881033318319 ] ] ] } },
{ "type": "Feature", "properties": { "index": "882a106e05fffff" }, "geometry": { "type": "Polygon", "coordinates": [ [ [ -74.240059825029547, 40.501626038121266 ], [ -74.24640096766862, 40.500560810269796 ], [ -74.248331581627824, 40.496110387562851 ], [ -74.243921959366105, 40.492725518188607 ], [ -74.237581827535621, 40.493790521700134 ], [ -74.235650307267591, 40.49824061889543 ], [ -74.240059825029547, 40.501626038121266 ] ] ] } },
{ "type": "Feature", "properties": { "index": "882a1039ebfffff" }, "geometry": { "type": "Polygon", "coordinates": [ [ [ -73.834137683929285, 40.581394993865132 ], [ -73.840496710128818, 40.58035128266728 ], [ -73.842468406862423, 40.575903947510163 ], [ -73.838081977308008, 40.572500656498761 ], [ -73.831723971602528, 40.573544151206875 ], [ -73.829751375068966, 40.57799115338662 ], [ -73.834137683929285, 40.581394993865132 ] ] ] } },
{ "type": "Feature", "properties": { "index": "882a100dcbfffff" }, "geometry": { "type": "Polygon", "coordinates": [ [ [ -73.913549936493581, 40.708683398680861 ], [ -73.919924845519589, 40.707633942356743 ], [ -73.921894482260299, 40.703178082506184 ], [ -73.917490116676277, 40.69977201122714 ], [ -73.911116232476076, 40.700821249111577 ], [ -73.909145689146271, 40.705276776684933 ], [ -73.913549936493581, 40.708683398680861 ] ] ] } },
{ "type": "Feature", "properties": { "index": "882a10742bfffff" }, "geometry": { "type": "Polygon", "coordinates": [ [ [ -73.998888334541874, 40.595491280715507 ], [ -74.00524642923591, 40.594438316228072 ], [ -74.007203385135554, 40.589987118097795 ], [ -74.002803150710662, 40.586589214624929 ], [ -73.996446074613473, 40.587641959292114 ], [ -73.994488214455345, 40.592092827222537 ], [ -73.998888334541874, 40.595491280715507 ] ] ] } },
{ "type": "Feature", "properties": { "index": "882a1060abfffff" }, "geometry": { "type": "Polygon", "coordinates": [ [ [ -74.190389593307913, 40.534714944823797 ], [ -74.19673609096327, 40.53365208236081 ], [ -74.198672692025539, 40.529200724513665 ], [ -74.194263701966975, 40.525812555649182 ], [ -74.187918217319421, 40.526875194658935 ], [ -74.185980709832393, 40.531326225956029 ], [ -74.190389593307913, 40.534714944823797 ] ] ] } },
{ "type": "Feature", "properties": { "index": "882a103867fffff" }, "geometry": { "type": "Polygon", "coordinates": [ [ [ -73.79486461627468, 40.616701454092976 ], [ -73.801229085265533, 40.6156595419261 ], [ -73.803205915295294, 40.611210993385363 ], [ -73.79881917665827, 40.607804690825283 ], [ -73.792455730287656, 40.608846387188819 ], [ -73.790478000045795, 40.613294601886324 ], [ -73.79486461627468, 40.616701454092976 ] ] ] } },
{ "type": "Feature", "properties": { "index": "882a100f65fffff" }, "geometry": { "type": "Polygon", "coordinates": [ [ [ -73.923655210196486, 40.806240996257053 ], [ -73.930043202964953, 40.805189944379507 ], [ -73.932015989910582, 40.800728528871176 ], [ -73.927601694806967, 40.797318497825863 ], [ -73.921214730975933, 40.79836933078348 ], [ -73.919241033423873, 40.802830413676453 ], [ -73.923655210196486, 40.806240996257053 ] ] ] } },
{ "type": "Feature", "properties": { "index": "882a1001c1fffff" }, "geometry": { "type": "Polygon", "coordinates": [ [ [ -73.824279093824344, 40.843225049469439 ], [ -73.83067383375743, 40.842179134947934 ], [ -73.832657468897125, 40.837717566786942 ], [ -73.828247273865998, 40.834302247654662 ], [ -73.821853566016827, 40.835347945147674 ], [ -73.819869021228357, 40.839809178771766 ], [ -73.824279093824344, 40.843225049469439 ] ] ] } },
{ "type": "Feature", "properties": { "index": "882a106291fffff" }, "geometry": { "type": "Polygon", "coordinates": [ [ [ -74.097618334255813, 40.558461135020885 ], [ -74.103969690159346, 40.557403124413256 ], [ -74.105915914097096, 40.552952151875402 ], [ -74.101511687405633, 40.549559518204887 ], [ -74.095161346975459, 40.550617307133194 ], [ -74.093214217873737, 40.555067951381204 ], [ -74.097618334255813, 40.558461135020885 ] ] ] } },
{ "type": "Feature", "properties": { "index": "882a100185fffff" }, "geometry": { "type": "Polygon", "coordinates": [ [ [ -73.8494084905996, 40.826701804677938 ], [ -73.855800549165437, 40.825654664774895 ], [ -73.857781137819131, 40.821193526322688 ], [ -73.85337057763482, 40.817779861757224 ], [ -73.846979550042803, 40.818826784173034 ], [ -73.844998051774553, 40.823287588611834 ], [ -73.8494084905996, 40.826701804677938 ] ] ] } },
{ "type": "Feature", "properties": { "index": "882a106031fffff" }, "geometry": { "type": "Polygon", "coordinates": [ [ [ -74.202758905049023, 40.573924784997331 ], [ -74.2091104722317, 40.572860804180905 ], [ -74.211047533762624, 40.568407039508919 ], [ -74.206633936447332, 40.565017582160806 ], [ -74.200283383768962, 40.566081339161478 ], [ -74.198345414011598, 40.570534777295656 ], [ -74.202758905049023, 40.573924784997331 ] ] ] } },
{ "type": "Feature", "properties": { "index": "882a100e33fffff" }, "geometry": { "type": "Polygon", "coordinates": [ [ [ -73.83351722515998, 40.742483500230257 ], [ -73.839898097707916, 40.741438125632051 ], [ -73.841876620080626, 40.73698191136063 ], [ -73.837475175992978, 40.733571405501273 ], [ -73.831095330968296, 40.734616563168217 ], [ -73.829115902620714, 40.739072443596179 ], [ -73.83351722515998, 40.742483500230257 ] ] ] } },
{ "type": "Feature", "properties": { "index": "882a100d3bfffff" }, "geometry": { "type": "Polygon", "coordinates": [ [ [ -73.959120082176057, 40.725968474065823 ], [ -73.965496547549122, 40.724916307484868 ], [ -73.967462655449495, 40.720458641294734 ], [ -73.963053206434154, 40.717053473232326 ], [ -73.956677765941933, 40.718105420411973 ], [ -73.954710749696289, 40.7225627550254 ], [ -73.959120082176057, 40.725968474065823 ] ] ] } },
{ "type": "Feature", "properties": { "index": "882a100de7fffff" }, "geometry": { "type": "Polygon", "coordinates": [ [ [ -73.962576593682741, 40.704734669386433 ], [ -73.968950117171218, 40.703682538285825 ], [ -73.97091501430954, 40.699225977872793 ], [ -73.966507295678241, 40.695821879935451 ], [ -73.960134796091438, 40.696873791626437 ], [ -73.958168991346213, 40.701330020634487 ], [ -73.962576593682741, 40.704734669386433 ] ] ] } },
{ "type": "Feature", "properties": { "index": "882a107523fffff" }, "geometry": { "type": "Polygon", "coordinates": [ [ [ -74.08253708220424, 40.606377756684374 ], [ -74.088895179471535, 40.605320053357872 ], [ -74.090844792698562, 40.600866700422834 ], [ -74.086437215423643, 40.597471379587049 ], [ -74.080080135934608, 40.59852886139403 ], [ -74.078129616052934, 40.602981885526212 ], [ -74.08253708220424, 40.606377756684374 ] ] ] } },
{ "type": "Feature", "properties": { "index": "882a106289fffff" }, "geometry": { "type": "Polygon", "coordinates": [ [ [ -74.104994242625992, 40.581997060456175 ], [ -74.111348646753981, 40.580938384378769 ], [ -74.113295156977628, 40.576485968890253 ], [ -74.108888169427559, 40.573092557733453 ], [ -74.102534781675274, 40.574151011915589 ], [ -74.100587365207801, 40.578603099119626 ], [ -74.104994242625992, 40.581997060456175 ] ] ] } },
{ "type": "Feature", "properties": { "index": "882a1076a5fffff" }, "geometry": { "type": "Polygon", "coordinates": [ [ [ -73.945109555185297, 40.58375165381684 ], [ -73.951466997094968, 40.582701786513283 ], [ -73.95342847083586, 40.578252241124922 ], [ -73.94903340531053, 40.574852894080948 ], [ -73.942676982312449, 40.57590254267113 ], [ -73.940714606039236, 40.58035175698889 ], [ -73.945109555185297, 40.58375165381684 ] ] ] } },
{ "type": "Feature", "properties": { "index": "882a103965fffff" }, "geometry": { "type": "Polygon", "coordinates": [ [ [ -73.872577460257887, 40.641091135672717 ], [ -73.87894390975265, 40.640044666168059 ], [ -73.880914532168603, 40.63559330585673 ], [ -73.876519608208653, 40.632188747650325 ], [ -73.870154181219618, 40.633234999727478 ], [ -73.86818265579663, 40.637686027408897 ], [ -73.872577460257887, 40.641091135672717 ] ] ] } },
{ "type": "Feature", "properties": { "index": "882a107501fffff" }, "geometry": { "type": "Polygon", "coordinates": [ [ [ -74.055148977509035, 40.615058440580036 ], [ -74.06150873212664, 40.614002155533363 ], [ -74.063461258785949, 40.609548828594967 ], [ -74.059054937281346, 40.606152115998086 ], [ -74.052696201241645, 40.607208180045745 ], [ -74.05074276823953, 40.611661177659258 ], [ -74.055148977509035, 40.615058440580036 ] ] ] } },
{ "type": "Feature", "properties": { "index": "882a10600bfffff" }, "geometry": { "type": "Polygon", "coordinates": [ [ [ -74.1778816490352, 40.590476571238291 ], [ -74.184235898925749, 40.58941377907022 ], [ -74.186175962987733, 40.584959551390604 ], [ -74.181762685552357, 40.581568442906722 ], [ -74.175409451269402, 40.582631011704329 ], [ -74.173468478924434, 40.587084912325935 ], [ -74.1778816490352, 40.590476571238291 ] ] ] } },
{ "type": "Feature", "properties": { "index": "882a10000dfffff" }, "geometry": { "type": "Polygon", "coordinates": [ [ [ -73.782358564465795, 40.870758457722431 ], [ -73.788757772697537, 40.869714591077965 ], [ -73.790746491850584, 40.865252311880603 ], [ -73.786336912587984, 40.861834234707928 ], [ -73.779938738291122, 40.862877885090505 ], [ -73.777949109435824, 40.867339828878052 ], [ -73.782358564465795, 40.870758457722431 ] ] ] } },
{ "type": "Feature", "properties": { "index": "882a100e67fffff" }, "geometry": { "type": "Polygon", "coordinates": [ [ [ -73.845638950740707, 40.781829279287322 ], [ -73.852024965519817, 40.780782818970984 ], [ -73.854004014221474, 40.776324213452895 ], [ -73.849597956043283, 40.772912402063071 ], [ -73.843212970326164, 40.773958645094126 ], [ -73.841233013838192, 40.778416916770574 ], [ -73.845638950740707, 40.781829279287322 ] ] ] } },
{ "type": "Feature", "properties": { "index": "882a100c1dfffff" }, "geometry": { "type": "Polygon", "coordinates": [ [ [ -73.866943396601698, 40.720475579240059 ], [ -73.873320708184025, 40.719428581904701 ], [ -73.875295187006571, 40.714972948472607 ], [ -73.870893260287573, 40.71156464549393 ], [ -73.864516974757535, 40.712611425289772 ], [ -73.862541590006657, 40.717066725574107 ], [ -73.866943396601698, 40.720475579240059 ] ] ] } },
{ "type": "Feature", "properties": { "index": "882a100e4dfffff" }, "geometry": { "type": "Polygon", "coordinates": [ [ [ -73.809738204480155, 40.795973494162673 ], [ -73.816126756549352, 40.794928880750234 ], [ -73.818109753855637, 40.790470177882732 ], [ -73.813705106674178, 40.787056422936921 ], [ -73.807317584833967, 40.788100819745488 ], [ -73.805333680059448, 40.792559188074101 ], [ -73.809738204480155, 40.795973494162673 ] ] ] } },
{ "type": "Feature", "properties": { "index": "882a100517fffff" }, "geometry": { "type": "Polygon", "coordinates": [ [ [ -73.738926475839364, 40.729021205777336 ], [ -73.745307120651219, 40.727981221063004 ], [ -73.747293892784484, 40.723527539230567 ], [ -73.742900923395979, 40.720114177490743 ], [ -73.73652130694876, 40.72115394721029 ], [ -73.734533631638385, 40.725607293635086 ], [ -73.738926475839364, 40.729021205777336 ] ] ] } },
{ "type": "Feature", "properties": { "index": "882a100e69fffff" }, "geometry": { "type": "Polygon", "coordinates": [ [ [ -73.828903107663578, 40.792838621484165 ], [ -73.835290906420596, 40.791792975726224 ], [ -73.837271981986078, 40.787334082142529 ], [ -73.832866166716684, 40.783921168477207 ], [ -73.826479397759485, 40.784966597254986 ], [ -73.82449741438495, 40.789425156648591 ], [ -73.828903107663578, 40.792838621484165 ] ] ] } },
{ "type": "Feature", "properties": { "index": "882a100001fffff" }, "geometry": { "type": "Polygon", "coordinates": [ [ [ -73.779938738291122, 40.862877885090505 ], [ -73.786336912587984, 40.861834234707928 ], [ -73.788325523976539, 40.857372432438005 ], [ -73.783916870520059, 40.853954615931038 ], [ -73.777519729847597, 40.854998050122347 ], [ -73.77553020912103, 40.859459516982298 ], [ -73.779938738291122, 40.862877885090505 ] ] ] } },
{ "type": "Feature", "properties": { "index": "882a100f4bfffff" }, "geometry": { "type": "Polygon", "coordinates": [ [ [ -73.872088359329794, 40.802303243116448 ], [ -73.878476706380084, 40.801255098284194 ], [ -73.88045414719376, 40.796794869687766 ], [ -73.876044150285239, 40.793383119384607 ], [ -73.869656832790781, 40.794431046342886 ], [ -73.867678482762003, 40.798890941448491 ], [ -73.872088359329794, 40.802303243116448 ] ] ] } },
{ "type": "Feature", "properties": { "index": "882a1074d9fffff" }, "geometry": { "type": "Polygon", "coordinates": [ [ [ -73.924639644877686, 40.550009190763582 ], [ -73.930992880782213, 40.548960816152274 ], [ -73.932954851828555, 40.544513524401772 ], [ -73.928564487834208, 40.541114938479552 ], [ -73.922212269692196, 40.542163094882788 ], [ -73.920249397892974, 40.54661005538663 ], [ -73.924639644877686, 40.550009190763582 ] ] ] } },
{ "type": "Feature", "properties": { "index": "882a100c53fffff" }, "geometry": { "type": "Polygon", "coordinates": [ [ [ -73.847809954052636, 40.723614515243383 ], [ -73.854188019392822, 40.722568545957266 ], [ -73.856164414555934, 40.718113100253746 ], [ -73.851763650081779, 40.714703957302596 ], [ -73.84538661122231, 40.715749709423889 ], [ -73.843409310468815, 40.720204821631484 ], [ -73.847809954052636, 40.723614515243383 ] ] ] } },
{ "type": "Feature", "properties": { "index": "882a107665fffff" }, "geometry": { "type": "Polygon", "coordinates": [ [ [ -73.947938124821079, 40.657580494164918 ], [ -73.954305509472661, 40.656529678451534 ], [ -73.956269801109755, 40.652075994603479 ], [ -73.951867613645632, 40.648673457849959 ], [ -73.945501251067299, 40.649724054581704 ], [ -73.943536053991465, 40.654177407018743 ], [ -73.947938124821079, 40.657580494164918 ] ] ] } },
{ "type": "Feature", "properties": { "index": "882a100eb9fffff" }, "geometry": { "type": "Polygon", "coordinates": [ [ [ -73.810643593436097, 40.700790140256146 ], [ -73.817019193411198, 40.699746471650393 ], [ -73.818998092413295, 40.695292984522418 ], [ -73.814602295371458, 40.691883499988826 ], [ -73.808227721443814, 40.692926952239198 ], [ -73.806247918623072, 40.697380105349055 ], [ -73.810643593436097, 40.700790140256146 ] ] ] } },
{ "type": "Feature", "properties": { "index": "882a1076c5fffff" }, "geometry": { "type": "Polygon", "coordinates": [ [ [ -73.901059641269299, 40.60339233457281 ], [ -73.907420498894069, 40.602344690927112 ], [ -73.909386892017594, 40.59789488134188 ], [ -73.904993329866599, 40.594493047309967 ], [ -73.89863349267641, 40.595540473065839 ], [ -73.896666197314104, 40.599989950713798 ], [ -73.901059641269299, 40.60339233457281 ] ] ] } },
{ "type": "Feature", "properties": { "index": "882a10053dfffff" }, "geometry": { "type": "Polygon", "coordinates": [ [ [ -73.762886607444898, 40.741635672246751 ], [ -73.769268563043553, 40.740594226735688 ], [ -73.771253635614329, 40.736139396276045 ], [ -73.766857656940431, 40.732726346359044 ], [ -73.760476729897775, 40.733767576359021 ], [ -73.758490753086008, 40.738222071757654 ], [ -73.762886607444898, 40.741635672246751 ] ] ] } },
{ "type": "Feature", "properties": { "index": "882a106e4dfffff" }, "geometry": { "type": "Polygon", "coordinates": [ [ [ -74.217708735179926, 40.526009939276761 ], [ -74.224053567635366, 40.524945668907321 ], [ -74.225987264970641, 40.520494295742047 ], [ -74.221577036687364, 40.517107518944044 ], [ -74.215233216438378, 40.518171565343849 ], [ -74.213298612375795, 40.522622612480887 ], [ -74.217708735179926, 40.526009939276761 ] ] ] } },
{ "type": "Feature", "properties": { "index": "882a107627fffff" }, "geometry": { "type": "Polygon", "coordinates": [ [ [ -73.959722161542857, 40.630861898058392 ], [ -73.96608572328995, 40.629810716980408 ], [ -73.968047801220749, 40.625358290164733 ], [ -73.963647222205992, 40.621957375462948 ], [ -73.957284681190501, 40.623008337400513 ], [ -73.955321698569549, 40.627460433150425 ], [ -73.959722161542857, 40.630861898058392 ] ] ] } },
{ "type": "Feature", "properties": { "index": "882a100109fffff" }, "geometry": { "type": "Polygon", "coordinates": [ [ [ -73.847234693478853, 40.884991505716293 ], [ -73.853634736439218, 40.883943877876739 ], [ -73.855617989947149, 40.879479589897031 ], [ -73.851202112433512, 40.87606326408595 ], [ -73.844803103045166, 40.877110674318196 ], [ -73.842818937712153, 40.881574627939045 ], [ -73.847234693478853, 40.884991505716293 ] ] ] } },
{ "type": "Feature", "properties": { "index": "882a100595fffff" }, "geometry": { "type": "Polygon", "coordinates": [ [ [ -73.724507611474053, 40.68182878757208 ], [ -73.730882090719561, 40.680790091775087 ], [ -73.732868210467458, 40.676339281648474 ], [ -73.728480752099145, 40.672927502693938 ], [ -73.722107299370577, 40.67396598391651 ], [ -73.720120278606103, 40.678416458638729 ], [ -73.724507611474053, 40.68182878757208 ] ] ] } },
{ "type": "Feature", "properties": { "index": "882a1076e9fffff" }, "geometry": { "type": "Polygon", "coordinates": [ [ [ -73.911814979002884, 40.605746787118903 ], [ -73.91817597013447, 40.604698523820772 ], [ -73.920141460672752, 40.600248382472031 ], [ -73.915746862776103, 40.596846836155201 ], [ -73.909386892017594, 40.59789488134188 ], [ -73.907420498894069, 40.602344690927112 ], [ -73.911814979002884, 40.605746787118903 ] ] ] } },
{ "type": "Feature", "properties": { "index": "882a107423fffff" }, "geometry": { "type": "Polygon", "coordinates": [ [ [ -74.007203385135554, 40.589987118097795 ], [ -74.01356059048139, 40.588933753929574 ], [ -74.015516543060713, 40.584482706288547 ], [ -74.011116194648793, 40.581085352812394 ], [ -74.004760007533662, 40.582138497010469 ], [ -74.002803150710662, 40.586589214624929 ], [ -74.007203385135554, 40.589987118097795 ] ] ] } },
{ "type": "Feature", "properties": { "index": "882a100e5dfffff" }, "geometry": { "type": "Polygon", "coordinates": [ [ [ -73.794108751200653, 40.777858657318816 ], [ -73.80049510391045, 40.776815101147434 ], [ -73.80247879496271, 40.772357688578779 ], [ -73.798077039809485, 40.768944166865438 ], [ -73.791691716771084, 40.769987506797577 ], [ -73.789707119327659, 40.77444458465272 ], [ -73.794108751200653, 40.777858657318816 ] ] ] } },
{ "type": "Feature", "properties": { "index": "882a10728bfffff" }, "geometry": { "type": "Polygon", "coordinates": [ [ [ -74.003262689268041, 40.706277053645074 ], [ -74.009635711870672, 40.705222651847656 ], [ -74.01159687576191, 40.7007652467844 ], [ -74.0071859257976, 40.697362574194081 ], [ -74.000813926537106, 40.698416755763809 ], [ -73.998851854010567, 40.702873830121497 ], [ -74.003262689268041, 40.706277053645074 ] ] ] } },
{ "type": "Feature", "properties": { "index": "882a100d29fffff" }, "geometry": { "type": "Polygon", "coordinates": [ [ [ -73.977244656705594, 40.751915444070619 ], [ -73.983624330016909, 40.750861995011526 ], [ -73.98558983083457, 40.746402560980208 ], [ -73.981176568235426, 40.742996907375677 ], [ -73.974797920658645, 40.744050136596201 ], [ -73.972831510058683, 40.748509239229826 ], [ -73.977244656705594, 40.751915444070619 ] ] ] } },
{ "type": "Feature", "properties": { "index": "882a100c2dfffff" }, "geometry": { "type": "Polygon", "coordinates": [ [ [ -73.912506135657949, 40.737781434054696 ], [ -73.918885013278626, 40.73673172662361 ], [ -73.920855967555994, 40.7322742836079 ], [ -73.916448952013113, 40.728866880442169 ], [ -73.910071100504695, 40.729916369371651 ], [ -73.908099238539279, 40.734373479938625 ], [ -73.912506135657949, 40.737781434054696 ] ] ] } },
{ "type": "Feature", "properties": { "index": "882a10775bfffff" }, "geometry": { "type": "Polygon", "coordinates": [ [ [ -73.956269801109755, 40.652075994603479 ], [ -73.962636295510819, 40.651024776821991 ], [ -73.964599580629937, 40.646571241449223 ], [ -73.960197276884571, 40.64316925506553 ], [ -73.953831804189761, 40.644220253714614 ], [ -73.951867613645632, 40.648673457849959 ], [ -73.956269801109755, 40.652075994603479 ] ] ] } },
{ "type": "Feature", "properties": { "index": "882a100c8bfffff" }, "geometry": { "type": "Polygon", "coordinates": [ [ [ -73.852397113446699, 40.673301762868824 ], [ -73.858768273310829, 40.672256069708112 ], [ -73.860742126445928, 40.667803310435211 ], [ -73.85634572359173, 40.664396577443242 ], [ -73.849975587942566, 40.665442053489201 ], [ -73.848000831044786, 40.669894479612253 ], [ -73.852397113446699, 40.673301762868824 ] ] ] } },
{ "type": "Feature", "properties": { "index": "882a1060c9fffff" }, "geometry": { "type": "Polygon", "coordinates": [ [ [ -74.148945722552497, 40.562282432526331 ], [ -74.155296682085009, 40.56122154881691 ], [ -74.157238281329413, 40.556769418591493 ], [ -74.152829827668072, 40.553378499461203 ], [ -74.14647988297726, 40.554439160459069 ], [ -74.144537377216238, 40.558890963268489 ], [ -74.148945722552497, 40.562282432526331 ] ] ] } },
{ "type": "Feature", "properties": { "index": "882a1008cbfffff" }, "geometry": { "type": "Polygon", "coordinates": [ [ [ -73.947708031791223, 40.818831035770138 ], [ -73.954097320548769, 40.817778513807347 ], [ -73.956068387026377, 40.813315955683706 ], [ -73.951651076531292, 40.809906251755763 ], [ -73.945262816892694, 40.810958554280276 ], [ -73.943290838743053, 40.815420780140997 ], [ -73.947708031791223, 40.818831035770138 ] ] ] } },
{ "type": "Feature", "properties": { "index": "882a10601dfffff" }, "geometry": { "type": "Polygon", "coordinates": [ [ [ -74.175409451269402, 40.582631011704329 ], [ -74.181762685552357, 40.581568442906722 ], [ -74.183702656709258, 40.577114696195792 ], [ -74.179290301615438, 40.57372384531255 ], [ -74.172938082639959, 40.574786190812127 ], [ -74.170997203560987, 40.57923961046265 ], [ -74.175409451269402, 40.582631011704329 ] ] ] } },
{ "type": "Feature", "properties": { "index": "882a100f2dfffff" }, "geometry": { "type": "Polygon", "coordinates": [ [ [ -73.929574379177012, 40.792857560314097 ], [ -73.935960448170377, 40.791806321376725 ], [ -73.937932119685499, 40.787345529502211 ], [ -73.933518632549166, 40.783936308977182 ], [ -73.927133591815647, 40.784987328914006 ], [ -73.925161010071335, 40.789447788346457 ], [ -73.929574379177012, 40.792857560314097 ] ] ] } },
{ "type": "Feature", "properties": { "index": "882a100093fffff" }, "geometry": { "type": "Polygon", "coordinates": [ [ [ -73.744998384030339, 40.781737884618252 ], [ -73.751386094641589, 40.780697017031926 ], [ -73.753374531474009, 40.776240324011646 ], [ -73.748976163162823, 40.772824834132024 ], [ -73.7425894831362, 40.773865486455357 ], [ -73.740600140949454, 40.778321843891902 ], [ -73.744998384030339, 40.781737884618252 ] ] ] } },
{ "type": "Feature", "properties": { "index": "882a100ab1fffff" }, "geometry": { "type": "Polygon", "coordinates": [ [ [ -73.928538639613464, 40.821986537692837 ], [ -73.93492869117982, 40.820935047761267 ], [ -73.936901683125811, 40.816472676508411 ], [ -73.932485534953173, 40.81306212777038 ], [ -73.926096512939665, 40.814113398639236 ], [ -73.924122609658838, 40.818575437278916 ], [ -73.928538639613464, 40.821986537692837 ] ] ] } },
{ "type": "Feature", "properties": { "index": "882a10055dfffff" }, "geometry": { "type": "Polygon", "coordinates": [ [ [ -73.718618768025721, 40.761241514332724 ], [ -73.725004133373332, 40.760202324126048 ], [ -73.726994161770918, 40.755747258204934 ], [ -73.72259972886026, 40.752331718391332 ], [ -73.716215393595078, 40.753370693922164 ], [ -73.714224461271456, 40.75782542391309 ], [ -73.718618768025721, 40.761241514332724 ] ] ] } },
{ "type": "Feature", "properties": { "index": "882a106239fffff" }, "geometry": { "type": "Polygon", "coordinates": [ [ [ -74.136381637972747, 40.618058015828993 ], [ -74.142740358568972, 40.616997210279649 ], [ -74.144685433364202, 40.612542215961291 ], [ -74.140272696047631, 40.609148355087562 ], [ -74.133914992898838, 40.610208938010651 ], [ -74.131969009729772, 40.614663604403454 ], [ -74.136381637972747, 40.618058015828993 ] ] ] } },
{ "type": "Feature", "properties": { "index": "882a100545fffff" }, "geometry": { "type": "Polygon", "coordinates": [ [ [ -73.7425894831362, 40.773865486455357 ], [ -73.748976163162823, 40.772824834132024 ], [ -73.750964491346636, 40.768368618950262 ], [ -73.746567044609549, 40.764953391645868 ], [ -73.740181394858297, 40.76599382877648 ], [ -73.738192161682036, 40.770449708374798 ], [ -73.7425894831362, 40.773865486455357 ] ] ] } },
{ "type": "Feature", "properties": { "index": "882a100cdbfffff" }, "geometry": { "type": "Polygon", "coordinates": [ [ [ -73.822515236615359, 40.6740727154084 ], [ -73.82888701031905, 40.673028669398342 ], [ -73.8308636791797, 40.66857643086518 ], [ -73.82646947752508, 40.665168571983457 ], [ -73.820098728523021, 40.666212401475221 ], [ -73.81812115658623, 40.670664306337464 ], [ -73.822515236615359, 40.6740727154084 ] ] ] } },
{ "type": "Feature", "properties": { "index": "882a103b09fffff" }, "geometry": { "type": "Polygon", "coordinates": [ [ [ -73.779459450471364, 40.664607328582157 ], [ -73.785830670188517, 40.663565766986636 ], [ -73.787810949258372, 40.659114864177901 ], [ -73.783420910402313, 40.655705857299658 ], [ -73.777050715624256, 40.656747203266356 ], [ -73.775069534875513, 40.661197771710683 ], [ -73.779459450471364, 40.664607328582157 ] ] ] } },
{ "type": "Feature", "properties": { "index": "882a100d27fffff" }, "geometry": { "type": "Polygon", "coordinates": [ [ [ -73.993933100038518, 40.740889421517295 ], [ -74.000310983979134, 40.739835164976327 ], [ -74.002274464615894, 40.735376026215008 ], [ -73.997860971177147, 40.731971475014007 ], [ -73.991484112232001, 40.733025511414098 ], [ -73.989519721842157, 40.737484319126047 ], [ -73.993933100038518, 40.740889421517295 ] ] ] } },
{ "type": "Feature", "properties": { "index": "882a100115fffff" }, "geometry": { "type": "Polygon", "coordinates": [ [ [ -73.85075335278934, 40.863720052490642 ], [ -73.85715043364425, 40.862672450722165 ], [ -73.859132459193532, 40.858209259581102 ], [ -73.854718315084909, 40.854794004364201 ], [ -73.848322266811238, 40.855841388514342 ], [ -73.846339330178495, 40.860304245469933 ], [ -73.85075335278934, 40.863720052490642 ] ] ] } },
{ "type": "Feature", "properties": { "index": "882a100c97fffff" }, "geometry": { "type": "Polygon", "coordinates": [ [ [ -73.855897633008013, 40.652086026120074 ], [ -73.862265857363951, 40.651040363340712 ], [ -73.864238493968472, 40.646588709270766 ], [ -73.85984380935983, 40.643183050927377 ], [ -73.853476608241451, 40.644228496581867 ], [ -73.851503068606121, 40.648679817675038 ], [ -73.855897633008013, 40.652086026120074 ] ] ] } },
{ "type": "Feature", "properties": { "index": "882a10776dfffff" }, "geometry": { "type": "Polygon", "coordinates": [ [ [ -74.01502796991744, 40.67953612765298 ], [ -74.021397160236134, 40.678481362488348 ], [ -74.023356110831415, 40.674025214219448 ], [ -74.018946779100645, 40.670624161445851 ], [ -74.012578610778476, 40.671678706224917 ], [ -74.010618752302094, 40.676134524133175 ], [ -74.01502796991744, 40.67953612765298 ] ] ] } },
{ "type": "Feature", "properties": { "index": "882a107723fffff" }, "geometry": { "type": "Polygon", "coordinates": [ [ [ -74.024330023254564, 40.644948202330717 ], [ -74.030694364689197, 40.643893296368283 ], [ -74.03265100721093, 40.639438886824983 ], [ -74.028244215175505, 40.636039713231639 ], [ -74.02188089409087, 40.637094398722965 ], [ -74.019923344802876, 40.64154847824873 ], [ -74.024330023254564, 40.644948202330717 ] ] ] } },
{ "type": "Feature", "properties": { "index": "882a1076ebfffff" }, "geometry": { "type": "Polygon", "coordinates": [ [ [ -73.909386892017594, 40.59789488134188 ], [ -73.915746862776103, 40.596846836155201 ], [ -73.917712251202957, 40.592397175006809 ], [ -73.91331857120872, 40.588995890779458 ], [ -73.906959620519501, 40.590043717925617 ], [ -73.904993329866599, 40.594493047309967 ], [ -73.909386892017594, 40.59789488134188 ] ] ] } },
{ "type": "Feature", "properties": { "index": "882a1001d5fffff" }, "geometry": { "type": "Polygon", "coordinates": [ [ [ -73.819428857250585, 40.827471578551943 ], [ -73.825821533325325, 40.826426098016583 ], [ -73.827804956047359, 40.821965484621877 ], [ -73.823396611729152, 40.818550686270548 ], [ -73.817004967119502, 40.819595949919048 ], [ -73.815020635476372, 40.824056228776044 ], [ -73.819428857250585, 40.827471578551943 ] ] ] } },
{ "type": "Feature", "properties": { "index": "882a1001e5fffff" }, "geometry": { "type": "Polygon", "coordinates": [ [ [ -73.865076292693999, 40.84482092688544 ], [ -73.871470551071766, 40.843772725733125 ], [ -73.873450439361406, 40.83931029851496 ], [ -73.869036980081688, 40.835896406256232 ], [ -73.862643753234366, 40.836944389555484 ], [ -73.860662954249648, 40.841406482936712 ], [ -73.865076292693999, 40.84482092688544 ] ] ] } },
{ "type": "Feature", "properties": { "index": "882a107631fffff" }, "geometry": { "type": "Polygon", "coordinates": [ [ [ -73.935761944234557, 40.618305703744305 ], [ -73.942124221561699, 40.617255982227157 ], [ -73.944088007233404, 40.612804697754648 ], [ -73.939690419326908, 40.609403466184588 ], [ -73.933329162552738, 40.610452969075943 ], [ -73.931364473243505, 40.614903922133394 ], [ -73.935761944234557, 40.618305703744305 ] ] ] } },
{ "type": "Feature", "properties": { "index": "882a1062d1fffff" }, "geometry": { "type": "Polygon", "coordinates": [ [ [ -74.083473086021698, 40.577324340298546 ], [ -74.089827239831465, 40.576266903246726 ], [ -74.091775562199459, 40.571815144502253 ], [ -74.087370636425362, 40.568421151414135 ], [ -74.081017499122666, 40.569478367012856 ], [ -74.079068271197528, 40.573929797122709 ], [ -74.083473086021698, 40.577324340298546 ] ] ] } },
{ "type": "Feature", "properties": { "index": "882a1076cdfffff" }, "geometry": { "type": "Polygon", "coordinates": [ [ [ -73.892730498665273, 40.608889534169982 ], [ -73.899092243126333, 40.607842292341353 ], [ -73.901059641269299, 40.60339233457281 ], [ -73.896666197314104, 40.599989950713798 ], [ -73.89030547365293, 40.601036974803407 ], [ -73.88833717325862, 40.605486600461397 ], [ -73.892730498665273, 40.608889534169982 ] ] ] } },
{ "type": "Feature", "properties": { "index": "882a106019fffff" }, "geometry": { "type": "Polygon", "coordinates": [ [ [ -74.164644091131947, 40.580301559489641 ], [ -74.170997203560987, 40.57923961046265 ], [ -74.172938082639959, 40.574786190812127 ], [ -74.168526756979858, 40.571395047394411 ], [ -74.162174659925697, 40.572456773344335 ], [ -74.160232873266963, 40.576909865758743 ], [ -74.164644091131947, 40.580301559489641 ] ] ] } },
{ "type": "Feature", "properties": { "index": "882a107713fffff" }, "geometry": { "type": "Polygon", "coordinates": [ [ [ -73.978812088192967, 40.627707333065402 ], [ -73.985174891065114, 40.626655130324714 ], [ -73.987135058724647, 40.622202521934483 ], [ -73.982733328645523, 40.618802446972936 ], [ -73.976371546075328, 40.619854430201023 ], [ -73.974410473393618, 40.624306707873394 ], [ -73.978812088192967, 40.627707333065402 ] ] ] } },
{ "type": "Feature", "properties": { "index": "882a100337fffff" }, "geometry": { "type": "Polygon", "coordinates": [ [ [ -73.819645151830045, 40.893642734398348 ], [ -73.826046847954473, 40.892596553518196 ], [ -73.828033049073213, 40.888132315538876 ], [ -73.823618465675466, 40.884714593293801 ], [ -73.817217803926624, 40.885760557097619 ], [ -73.815230691313829, 40.890224460193089 ], [ -73.819645151830045, 40.893642734398348 ] ] ] } },
{ "type": "Feature", "properties": { "index": "882a100103fffff" }, "geometry": { "type": "Polygon", "coordinates": [ [ [ -73.853185260365365, 40.871599453030825 ], [ -73.859583374111168, 40.870551633572951 ], [ -73.861565504969676, 40.86608796534113 ], [ -73.85715043364425, 40.862672450722165 ], [ -73.85075335278934, 40.863720052490642 ], [ -73.84877031048255, 40.86818338653768 ], [ -73.853185260365365, 40.871599453030825 ] ] ] } },
{ "type": "Feature", "properties": { "index": "882a1076ddfffff" }, "geometry": { "type": "Polygon", "coordinates": [ [ [ -73.877130204202544, 40.590828936541207 ], [ -73.883489772886676, 40.589782749357866 ], [ -73.88545786695272, 40.585334084022456 ], [ -73.881067293632967, 40.581931938125457 ], [ -73.874708745201687, 40.582977907932928 ], [ -73.872739749948778, 40.58742624098366 ], [ -73.877130204202544, 40.590828936541207 ] ] ] } },
{ "type": "Feature", "properties": { "index": "882a100e4bfffff" }, "geometry": { "type": "Polygon", "coordinates": [ [ [ -73.79652660116912, 40.785730547443379 ], [ -73.802913983859, 40.784686774962175 ], [ -73.804897781796313, 40.780228884472287 ], [ -73.80049510391045, 40.776815101147434 ], [ -73.794108751200653, 40.777858657318816 ], [ -73.792124046509798, 40.782316213095285 ], [ -73.79652660116912, 40.785730547443379 ] ] ] } },
{ "type": "Feature", "properties": { "index": "882a10623dfffff" }, "geometry": { "type": "Polygon", "coordinates": [ [ [ -74.147154018884024, 40.620391328951001 ], [ -74.15351286276794, 40.619329902676292 ], [ -74.155457028845774, 40.614874580608159 ], [ -74.151043259867649, 40.611481012534199 ], [ -74.144685433364202, 40.612542215961291 ], [ -74.142740358568972, 40.616997210279649 ], [ -74.147154018884024, 40.620391328951001 ] ] ] } },
{ "type": "Feature", "properties": { "index": "882a1062c1fffff" }, "geometry": { "type": "Polygon", "coordinates": [ [ [ -74.099150608179229, 40.595355397600862 ], [ -74.105506921163581, 40.594296897518888 ], [ -74.107454528945567, 40.589843848747634 ], [ -74.103046730474944, 40.586449628484225 ], [ -74.096691434534449, 40.587507906748087 ], [ -74.094742920131281, 40.591960627063337 ], [ -74.099150608179229, 40.595355397600862 ] ] ] } },
{ "type": "Feature", "properties": { "index": "882a106039fffff" }, "geometry": { "type": "Polygon", "coordinates": [ [ [ -74.194468381558224, 40.579442289134072 ], [ -74.200820843000116, 40.578378704256949 ], [ -74.202758905049023, 40.573924784997331 ], [ -74.198345414011598, 40.570534777295656 ], [ -74.191993967441746, 40.571598138505358 ], [ -74.190054997147371, 40.576051731053774 ], [ -74.194468381558224, 40.579442289134072 ] ] ] } },
{ "type": "Feature", "properties": { "index": "882a100ca9fffff" }, "geometry": { "type": "Polygon", "coordinates": [ [ [ -73.884706088718545, 40.680382938406645 ], [ -73.891077655319975, 40.679335380702028 ], [ -73.893048795075487, 40.674881623023289 ], [ -73.888649273149994, 40.671475755647343 ], [ -73.882278730580694, 40.672523095570256 ], [ -73.880306686016823, 40.676976520621118 ], [ -73.884706088718545, 40.680382938406645 ] ] ] } },
{ "type": "Feature", "properties": { "index": "882a100145fffff" }, "geometry": { "type": "Polygon", "coordinates": [ [ [ -73.852100341212832, 40.900755376500598 ], [ -73.858502452247762, 40.899707313233158 ], [ -73.860485916760425, 40.895242071655055 ], [ -73.856068182907848, 40.891825227671923 ], [ -73.849667106065326, 40.892873073189868 ], [ -73.847682728996759, 40.897337980410633 ], [ -73.852100341212832, 40.900755376500598 ] ] ] } },
{ "type": "Feature", "properties": { "index": "882a1062adfffff" }, "geometry": { "type": "Polygon", "coordinates": [ [ [ -74.145583212112712, 40.583485373558297 ], [ -74.151937095267144, 40.58242444108631 ], [ -74.153879883150609, 40.577971195108049 ], [ -74.149469695245244, 40.574579209156546 ], [ -74.143116827900158, 40.575639918921183 ], [ -74.141173132761423, 40.580092837314396 ], [ -74.145583212112712, 40.583485373558297 ] ] ] } },
{ "type": "Feature", "properties": { "index": "882a100f2bfffff" }, "geometry": { "type": "Polygon", "coordinates": [ [ [ -73.916336241471825, 40.782628211509909 ], [ -73.922721148350405, 40.781577816178128 ], [ -73.924693627418918, 40.777117834907671 ], [ -73.920282109236823, 40.773708581557514 ], [ -73.913898230373505, 40.774758758183303 ], [ -73.911924841789656, 40.779218406835341 ], [ -73.916336241471825, 40.782628211509909 ] ] ] } },
{ "type": "Feature", "properties": { "index": "882a100e07fffff" }, "geometry": { "type": "Polygon", "coordinates": [ [ [ -73.829999898461537, 40.763722311223653 ], [ -73.836383717877339, 40.762676909233321 ], [ -73.838363463254296, 40.758219593809443 ], [ -73.833960296038427, 40.754808014363121 ], [ -73.827577505129227, 40.75585319943302 ], [ -73.825596853042157, 40.760310180840008 ], [ -73.829999898461537, 40.763722311223653 ] ] ] } },
{ "type": "Feature", "properties": { "index": "882a1072c1fffff" }, "geometry": { "type": "Polygon", "coordinates": [ [ [ -73.999824351951759, 40.72751281514541 ], [ -74.006200316538823, 40.72645837557247 ], [ -74.008162688024711, 40.721999863802061 ], [ -74.003750004410762, 40.718596122451217 ], [ -73.997375064144535, 40.719650341803963 ], [ -73.995411783283316, 40.724108522697669 ], [ -73.999824351951759, 40.72751281514541 ] ] ] } },
{ "type": "Feature", "properties": { "index": "882a100f01fffff" }, "geometry": { "type": "Polygon", "coordinates": [ [ [ -73.897180001847104, 40.785777336424516 ], [ -73.903565668076595, 40.784727971681299 ], [ -73.905540069228138, 40.780268177658996 ], [ -73.901129713440781, 40.776858081317954 ], [ -73.894745075658363, 40.777907227730473 ], [ -73.892769765329007, 40.782366688784883 ], [ -73.897180001847104, 40.785777336424516 ] ] ] } },
{ "type": "Feature", "properties": { "index": "882a107663fffff" }, "geometry": { "type": "Polygon", "coordinates": [ [ [ -73.934733870616597, 40.647371204015805 ], [ -73.94110010091363, 40.646321228237852 ], [ -73.943065196535883, 40.641868355514411 ], [ -73.93866496670384, 40.638465790125359 ], [ -73.932299758238202, 40.639515547214842 ], [ -73.930333757884839, 40.64396808835204 ], [ -73.934733870616597, 40.647371204015805 ] ] ] } },
{ "type": "Feature", "properties": { "index": "882a100d31fffff" }, "geometry": { "type": "Polygon", "coordinates": [ [ [ -73.969906920437822, 40.728321734972319 ], [ -73.97628351746279, 40.727268945214263 ], [ -73.978248716669469, 40.722810947622655 ], [ -73.973838227656913, 40.719406071160634 ], [ -73.967462655449495, 40.720458641294734 ], [ -73.965496547549122, 40.724916307484868 ], [ -73.969906920437822, 40.728321734972319 ] ] ] } },
{ "type": "Feature", "properties": { "index": "882a100c6bfffff" }, "geometry": { "type": "Polygon", "coordinates": [ [ [ -73.885013576551927, 40.74643417600452 ], [ -73.891394103619106, 40.74538590220358 ], [ -73.893367987261811, 40.740928499824953 ], [ -73.888962251313686, 40.737519704189097 ], [ -73.882582751157656, 40.738567760014824 ], [ -73.880607960151139, 40.74302482942187 ], [ -73.885013576551927, 40.74643417600452 ] ] ] } },
{ "type": "Feature", "properties": { "index": "882a100d59fffff" }, "geometry": { "type": "Polygon", "coordinates": [ [ [ -73.917378667944647, 40.75351377961568 ], [ -73.923759598709196, 40.752463634967732 ], [ -73.925730758161762, 40.748005234723315 ], [ -73.921321895375272, 40.744597311543998 ], [ -73.914941991335937, 40.745647237547892 ], [ -73.912969923470314, 40.750105305345308 ], [ -73.917378667944647, 40.75351377961568 ] ] ] } },
{ "type": "Feature", "properties": { "index": "882a107719fffff" }, "geometry": { "type": "Polygon", "coordinates": [ [ [ -73.972927463677266, 40.641066235232977 ], [ -73.979292177491118, 40.640014214145893 ], [ -73.981253450547612, 40.63556097648538 ], [ -73.976850915298598, 40.632160090772402 ], [ -73.970487222457081, 40.633211892425948 ], [ -73.96852504400367, 40.637664799196145 ], [ -73.972927463677266, 40.641066235232977 ] ] ] } },
{ "type": "Feature", "properties": { "index": "882a1060c1fffff" }, "geometry": { "type": "Polygon", "coordinates": [ [ [ -74.157238281329413, 40.556769418591493 ], [ -74.163588348534105, 40.555708138578616 ], [ -74.165528947492533, 40.551256162325863 ], [ -74.161120385854943, 40.547865793298485 ], [ -74.154771333125112, 40.548926850451245 ], [ -74.152829827668072, 40.553378499461203 ], [ -74.157238281329413, 40.556769418591493 ] ] ] } },
{ "type": "Feature", "properties": { "index": "882a10056bfffff" }, "geometry": { "type": "Polygon", "coordinates": [ [ [ -73.750964491346636, 40.768368618950262 ], [ -73.757350282609991, 40.767327558209082 ], [ -73.759337597115234, 40.762871485538803 ], [ -73.754940025453379, 40.759456808989668 ], [ -73.748555264097831, 40.760497654384992 ], [ -73.746567044609549, 40.764953391645868 ], [ -73.750964491346636, 40.768368618950262 ] ] ] } },
{ "type": "Feature", "properties": { "index": "882a103801fffff" }, "geometry": { "type": "Polygon", "coordinates": [ [ [ -73.770958892699056, 40.604114460293673 ], [ -73.777322061131144, 40.603074002583362 ], [ -73.779300584343446, 40.598626601699515 ], [ -73.774916838392912, 40.595219992684974 ], [ -73.768554692393067, 40.596260235105902 ], [ -73.76657527002348, 40.600707301801386 ], [ -73.770958892699056, 40.604114460293673 ] ] ] } },
{ "type": "Feature", "properties": { "index": "882a1008b1fffff" }, "geometry": { "type": "Polygon", "coordinates": [ [ [ -73.987039849984924, 40.783384046203885 ], [ -73.993423629294568, 40.782329717074347 ], [ -73.995389531545527, 40.777868368943381 ], [ -73.990972565835818, 40.774461681304004 ], [ -73.984589813485073, 40.775515790308447 ], [ -73.982622999997517, 40.779976807047326 ], [ -73.987039849984924, 40.783384046203885 ] ] ] } },
{ "type": "Feature", "properties": { "index": "882a103b57fffff" }, "geometry": { "type": "Polygon", "coordinates": [ [ [ -73.766291662658858, 40.654378635397343 ], [ -73.77266171773789, 40.653337910067002 ], [ -73.774642791204116, 40.648887820853012 ], [ -73.770254710673754, 40.645478791477139 ], [ -73.763885680285952, 40.646519301471201 ], [ -73.761903705849662, 40.650969056148043 ], [ -73.766291662658858, 40.654378635397343 ] ] ] } },
{ "type": "Feature", "properties": { "index": "882a1001ebfffff" }, "geometry": { "type": "Polygon", "coordinates": [ [ [ -73.843462558019013, 40.840086271203901 ], [ -73.849856542058745, 40.839039322077376 ], [ -73.851838251386141, 40.834577562708304 ], [ -73.84742688677737, 40.83116308662337 ], [ -73.841033934390609, 40.832209818344538 ], [ -73.839051315073036, 40.836671243526268 ], [ -73.843462558019013, 40.840086271203901 ] ] ] } },
{ "type": "Feature", "properties": { "index": "882a1001a9fffff" }, "geometry": { "type": "Polygon", "coordinates": [ [ [ -73.860212035078462, 40.829068589288831 ], [ -73.86660423070434, 40.828020823771581 ], [ -73.868583909391361, 40.823559351481066 ], [ -73.864172302532438, 40.820145978516393 ], [ -73.857781137819131, 40.821193526322688 ], [ -73.855800549165437, 40.825654664774895 ], [ -73.860212035078462, 40.829068589288831 ] ] ] } },
{ "type": "Feature", "properties": { "index": "882a100aa9fffff" }, "geometry": { "type": "Polygon", "coordinates": [ [ [ -73.935869967303219, 40.845610372507387 ], [ -73.942263109375844, 40.84455822495898 ], [ -73.944236408444411, 40.840094420712099 ], [ -73.939817477982345, 40.836683096593276 ], [ -73.933425366386572, 40.837735024864585 ], [ -73.931451154889047, 40.842198496501865 ], [ -73.935869967303219, 40.845610372507387 ] ] ] } },
{ "type": "Feature", "properties": { "index": "882a100107fffff" }, "geometry": { "type": "Polygon", "coordinates": [ [ [ -73.863999373012177, 40.873967407439523 ], [ -73.870397623913277, 40.872918961121634 ], [ -73.872378842970392, 40.86845495888052 ], [ -73.867962723041344, 40.865039736936765 ], [ -73.861565504969676, 40.86608796534113 ], [ -73.859583374111168, 40.870551633572951 ], [ -73.863999373012177, 40.873967407439523 ] ] ] } },
{ "type": "Feature", "properties": { "index": "882a107465fffff" }, "geometry": { "type": "Polygon", "coordinates": [ [ [ -74.006220037057773, 40.619043690358609 ], [ -74.012581189358343, 40.617990065981616 ], [ -74.014538442182172, 40.613537426788966 ], [ -74.01013544815514, 40.610138742139675 ], [ -74.003775315359547, 40.611192146481983 ], [ -74.001817157197124, 40.615644455478304 ], [ -74.006220037057773, 40.619043690358609 ] ] ] } },
{ "type": "Feature", "properties": { "index": "882a107551fffff" }, "geometry": { "type": "Polygon", "coordinates": [ [ [ -74.025302732393953, 40.615881796739863 ], [ -74.031663122845842, 40.614827151971774 ], [ -74.033618465753634, 40.610374333181269 ], [ -74.029214323989279, 40.606976488977018 ], [ -74.022854952611539, 40.608030913338851 ], [ -74.020898704035019, 40.612483402281221 ], [ -74.025302732393953, 40.615881796739863 ] ] ] } },
{ "type": "Feature", "properties": { "index": "882a100581fffff" }, "geometry": { "type": "Polygon", "coordinates": [ [ [ -73.729310661471459, 40.697556623854403 ], [ -73.735687194673858, 40.696517498698569 ], [ -73.73767353206928, 40.692065731010352 ], [ -73.733284238111068, 40.688653423854241 ], [ -73.726908732040982, 40.689692334295636 ], [ -73.724921492909601, 40.694143766578286 ], [ -73.729310661471459, 40.697556623854403 ] ] ] } },
{ "type": "Feature", "properties": { "index": "882a1062d5fffff" }, "geometry": { "type": "Polygon", "coordinates": [ [ [ -74.094233086009893, 40.579661155637361 ], [ -74.100587365207801, 40.578603099119626 ], [ -74.102534781675274, 40.574151011915589 ], [ -74.09812882495585, 40.570757309658703 ], [ -74.091775562199459, 40.571815144502253 ], [ -74.089827239831465, 40.576266903246726 ], [ -74.094233086009893, 40.579661155637361 ] ] ] } },
{ "type": "Feature", "properties": { "index": "882a10752dfffff" }, "geometry": { "type": "Polygon", "coordinates": [ [ [ -74.087453450235088, 40.622077765501899 ], [ -74.093813583964319, 40.621019618920506 ], [ -74.09576338952796, 40.616565305058522 ], [ -74.091353968849518, 40.613169466547056 ], [ -74.084994853502224, 40.614227391465022 ], [ -74.083044140562237, 40.618681376527718 ], [ -74.087453450235088, 40.622077765501899 ] ] ] } },
{ "type": "Feature", "properties": { "index": "882a107717fffff" }, "geometry": { "type": "Polygon", "coordinates": [ [ [ -73.989577541536974, 40.630055465736895 ], [ -73.995940474650141, 40.629002642451397 ], [ -73.997899736941562, 40.624549703517935 ], [ -73.993496971599242, 40.621149918383303 ], [ -73.987135058724647, 40.622202521934483 ], [ -73.985174891065114, 40.626655130324714 ], [ -73.989577541536974, 40.630055465736895 ] ] ] } },
{ "type": "Feature", "properties": { "index": "882a100e19fffff" }, "geometry": { "type": "Polygon", "coordinates": [ [ [ -73.797643268290827, 40.756617515872549 ], [ -73.804026672301049, 40.755573984773385 ], [ -73.806009136755023, 40.751117671923062 ], [ -73.801609102968342, 40.747705224681873 ], [ -73.79522672764476, 40.748748539530148 ], [ -73.79324335753418, 40.753204517840928 ], [ -73.797643268290827, 40.756617515872549 ] ] ] } },
{ "type": "Feature", "properties": { "index": "882a1076dbfffff" }, "geometry": { "type": "Polygon", "coordinates": [ [ [ -73.863960794226344, 40.580620826239965 ], [ -73.870319207659591, 40.579575475352456 ], [ -73.872288099316691, 40.575127622584205 ], [ -73.867899478133879, 40.571725453132004 ], [ -73.86154208471018, 40.572770586935796 ], [ -73.859572292571215, 40.57721810724594 ], [ -73.863960794226344, 40.580620826239965 ] ] ] } },
{ "type": "Feature", "properties": { "index": "882a107289fffff" }, "geometry": { "type": "Polygon", "coordinates": [ [ [ -74.005712276294787, 40.714138089736352 ], [ -74.012086322544249, 40.713083467639592 ], [ -74.014047585777433, 40.708625583358184 ], [ -74.009635711870672, 40.705222651847656 ], [ -74.003262689268041, 40.706277053645074 ], [ -74.001300517037137, 40.710734607222328 ], [ -74.005712276294787, 40.714138089736352 ] ] ] } },
{ "type": "Feature", "properties": { "index": "882a100aedfffff" }, "geometry": { "type": "Polygon", "coordinates": [ [ [ -73.932391025254006, 40.86688035744401 ], [ -73.938787126981467, 40.865828178602982 ], [ -73.940761646242265, 40.861363274717057 ], [ -73.936340977061818, 40.857950882423992 ], [ -73.929945906799645, 40.859002841997224 ], [ -73.92797047436585, 40.863467413101347 ], [ -73.932391025254006, 40.86688035744401 ] ] ] } },
{ "type": "Feature", "properties": { "index": "882a107703fffff" }, "geometry": { "type": "Polygon", "coordinates": [ [ [ -73.994464970250434, 40.645763574102965 ], [ -74.000829944750961, 40.644710311134467 ], [ -74.002789405974866, 40.640256412217369 ], [ -73.998384798898982, 40.636856106779746 ], [ -73.992020845243886, 40.637909149871021 ], [ -73.990060477930584, 40.642362718247192 ], [ -73.994464970250434, 40.645763574102965 ] ] ] } },
{ "type": "Feature", "properties": { "index": "882a1060e5fffff" }, "geometry": { "type": "Polygon", "coordinates": [ [ [ -74.197808692362685, 40.558238631992388 ], [ -74.204158230836313, 40.557175098734881 ], [ -74.206095108342666, 40.552722296551032 ], [ -74.201683354990479, 40.549333354137111 ], [ -74.195334830422212, 40.550396663723951 ], [ -74.193397045410677, 40.554849139365004 ], [ -74.197808692362685, 40.558238631992388 ] ] ] } },
{ "type": "Feature", "properties": { "index": "882a10386dfffff" }, "geometry": { "type": "Polygon", "coordinates": [ [ [ -73.788929992510845, 40.630048162622515 ], [ -73.795296369094302, 40.629006438679568 ], [ -73.797274312264776, 40.624557264628457 ], [ -73.792886779544929, 40.621150148507652 ], [ -73.786521426251909, 40.622191656728731 ], [ -73.784542582500364, 40.626640496763059 ], [ -73.788929992510845, 40.630048162622515 ] ] ] } },
{ "type": "Feature", "properties": { "index": "882a106e43fffff" }, "geometry": { "type": "Polygon", "coordinates": [ [ [ -74.212758526674023, 40.510333931035817 ], [ -74.219101335014997, 40.509270108533045 ], [ -74.221034849724759, 40.504819698967431 ], [ -74.216626462211025, 40.501433437907394 ], [ -74.210284665479733, 40.502497036585602 ], [ -74.208350244761988, 40.506947120118021 ], [ -74.212758526674023, 40.510333931035817 ] ] ] } },
{ "type": "Feature", "properties": { "index": "882a106e09fffff" }, "geometry": { "type": "Polygon", "coordinates": [ [ [ -74.221034849724759, 40.504819698967431 ], [ -74.227376765917967, 40.503755482519097 ], [ -74.229309283244618, 40.499305229013324 ], [ -74.22490079047617, 40.495919517785751 ], [ -74.218559885526346, 40.496983510261842 ], [ -74.216626462211025, 40.501433437907394 ], [ -74.221034849724759, 40.504819698967431 ] ] ] } },
{ "type": "Feature", "properties": { "index": "882a1001a1fffff" }, "geometry": { "type": "Polygon", "coordinates": [ [ [ -73.868583909391361, 40.823559351481066 ], [ -73.87497521076321, 40.822511178186438 ], [ -73.876953874620526, 40.81804984982049 ], [ -73.872542147173803, 40.814637028383224 ], [ -73.866151876344404, 40.815684983814265 ], [ -73.864172302532438, 40.820145978516393 ], [ -73.868583909391361, 40.823559351481066 ] ] ] } },
{ "type": "Feature", "properties": { "index": "882a100a89fffff" }, "geometry": { "type": "Polygon", "coordinates": [ [ [ -73.905877597670084, 40.846402514359212 ], [ -73.912271367878233, 40.845352026731049 ], [ -73.91424750654717, 40.840888743338631 ], [ -73.909830786860084, 40.837476280680292 ], [ -73.903438047625585, 40.838526549631247 ], [ -73.901460997217711, 40.842989499887857 ], [ -73.905877597670084, 40.846402514359212 ] ] ] } },
{ "type": "Feature", "properties": { "index": "882a100c09fffff" }, "geometry": { "type": "Polygon", "coordinates": [ [ [ -73.871798693104139, 40.736206106730734 ], [ -73.878178057711082, 40.73515867410363 ], [ -73.880152744705342, 40.73070208327286 ], [ -73.875748973857, 40.727293258186222 ], [ -73.869370635915757, 40.728340473132008 ], [ -73.867395042269678, 40.732796730816005 ], [ -73.871798693104139, 40.736206106730734 ] ] ] } },
{ "type": "Feature", "properties": { "index": "882a103821fffff" }, "geometry": { "type": "Polygon", "coordinates": [ [ [ -73.800795900511488, 40.603356622082849 ], [ -73.807158462911985, 40.602314522200992 ], [ -73.809134180698138, 40.597866599667718 ], [ -73.804748236038904, 40.594461110656674 ], [ -73.798386695589016, 40.595502994653927 ], [ -73.796410077959621, 40.599950583517405 ], [ -73.800795900511488, 40.603356622082849 ] ] ] } },
{ "type": "Feature", "properties": { "index": "882a10011bfffff" }, "geometry": { "type": "Polygon", "coordinates": [ [ [ -73.829132608188914, 40.858981470342805 ], [ -73.835529413218723, 40.857935121551705 ], [ -73.837513260581886, 40.853472598956856 ], [ -73.833101213406081, 40.850056759659346 ], [ -73.826705441079483, 40.851102891280206 ], [ -73.824720683339066, 40.855565079339094 ], [ -73.829132608188914, 40.858981470342805 ] ] ] } },
{ "type": "Feature", "properties": { "index": "882a100e99fffff" }, "geometry": { "type": "Polygon", "coordinates": [ [ [ -73.780744576023409, 40.701550236411698 ], [ -73.787120785692622, 40.700508217588776 ], [ -73.789102502147571, 40.69605525421256 ], [ -73.78470891217485, 40.692644644168809 ], [ -73.77833372903828, 40.693686447233922 ], [ -73.776351109454467, 40.698139076071115 ], [ -73.780744576023409, 40.701550236411698 ] ] ] } },
{ "type": "Feature", "properties": { "index": "882a1074d5fffff" }, "geometry": { "type": "Polygon", "coordinates": [ [ [ -73.943698599131253, 40.546863048858171 ], [ -73.950051081293168, 40.54581365627115 ], [ -73.952011149084925, 40.5413661833894 ], [ -73.947619635910058, 40.537968433965112 ], [ -73.941268171084388, 40.539017607972873 ], [ -73.939307202208212, 40.54346474995446 ], [ -73.943698599131253, 40.546863048858171 ] ] ] } },
{ "type": "Feature", "properties": { "index": "882a103b41fffff" }, "geometry": { "type": "Polygon", "coordinates": [ [ [ -73.773514469980725, 40.677961094989392 ], [ -73.77988760097351, 40.676919723228956 ], [ -73.781868996146173, 40.672468196567692 ], [ -73.777478162487128, 40.669058376175606 ], [ -73.771106057105726, 40.670099532389074 ], [ -73.769123759884494, 40.674550724512152 ], [ -73.773514469980725, 40.677961094989392 ] ] ] } },
{ "type": "Feature", "properties": { "index": "882a103a65fffff" }, "geometry": { "type": "Polygon", "coordinates": [ [ [ -73.738824332548816, 40.662988096471089 ], [ -73.745196016442264, 40.661948802911219 ], [ -73.74718000844365, 40.657498759450611 ], [ -73.74279321730333, 40.654088344577424 ], [ -73.736422558889345, 40.655127423327869 ], [ -73.734437666248738, 40.659577131731631 ], [ -73.738824332548816, 40.662988096471089 ] ] ] } },
{ "type": "Feature", "properties": { "index": "882a103b11fffff" }, "geometry": { "type": "Polygon", "coordinates": [ [ [ -73.772235676810567, 40.641029181574623 ], [ -73.778603822629819, 40.639988266654832 ], [ -73.780583780789172, 40.635538801781472 ], [ -73.776196493842676, 40.632130586161885 ], [ -73.769829372043375, 40.633171285663543 ], [ -73.767848513282843, 40.637620416173519 ], [ -73.772235676810567, 40.641029181574623 ] ] ] } },
{ "type": "Feature", "properties": { "index": "882a100039fffff" }, "geometry": { "type": "Polygon", "coordinates": [ [ [ -73.78590537409633, 40.849493290671774 ], [ -73.792301621915058, 40.848449446654449 ], [ -73.794289108667527, 40.843988263253443 ], [ -73.789881256678711, 40.840571259075759 ], [ -73.783486041804082, 40.841614886818988 ], [ -73.781497646087857, 40.846075734984382 ], [ -73.78590537409633, 40.849493290671774 ] ] ] } },
{ "type": "Feature", "properties": { "index": "882a106197fffff" }, "geometry": { "type": "Polygon", "coordinates": [ [ [ -74.239221844018402, 40.530654556356502 ], [ -74.245566914530073, 40.529589049033049 ], [ -74.247498797389596, 40.525137024338491 ], [ -74.243086517254994, 40.521750832613691 ], [ -74.236742458812756, 40.522816115526759 ], [ -74.234809668545196, 40.527267814544579 ], [ -74.239221844018402, 40.530654556356502 ] ] ] } },
{ "type": "Feature", "properties": { "index": "882a100507fffff" }, "geometry": { "type": "Polygon", "coordinates": [ [ [ -73.754517678778583, 40.747131683849439 ], [ -73.760900522473008, 40.746090645895364 ], [ -73.762886607444898, 40.741635672246751 ], [ -73.758490753086008, 40.738222071757654 ], [ -73.752108938314635, 40.739262894353445 ], [ -73.750121949092161, 40.743717532767199 ], [ -73.754517678778583, 40.747131683849439 ] ] ] } },
{ "type": "Feature", "properties": { "index": "882a1008c3fffff" }, "geometry": { "type": "Polygon", "coordinates": [ [ [ -73.956068387026377, 40.813315955683706 ], [ -73.96245677940513, 40.812263027690662 ], [ -73.964426832427932, 40.807800615389873 ], [ -73.960009404842836, 40.80439146314059 ], [ -73.953622041212185, 40.805444171543421 ], [ -73.951651076531292, 40.809906251755763 ], [ -73.956068387026377, 40.813315955683706 ] ] ] } },
{ "type": "Feature", "properties": { "index": "882a103a67fffff" }, "geometry": { "type": "Polygon", "coordinates": [ [ [ -73.736422558889345, 40.655127423327869 ], [ -73.74279321730333, 40.654088344577424 ], [ -73.744777100991143, 40.649638780264631 ], [ -73.740391226657593, 40.646228629729208 ], [ -73.734021593416088, 40.647267493740245 ], [ -73.732036809448118, 40.651716722996802 ], [ -73.736422558889345, 40.655127423327869 ] ] ] } },
{ "type": "Feature", "properties": { "index": "882a100d25fffff" }, "geometry": { "type": "Polygon", "coordinates": [ [ [ -73.99638291285558, 40.748754069101984 ], [ -74.002761822097142, 40.747699592348489 ], [ -74.004725402544778, 40.743239974776692 ], [ -74.000310983979134, 40.739835164976327 ], [ -73.993933100038518, 40.740889421517295 ], [ -73.991968609474668, 40.745348708041114 ], [ -73.99638291285558, 40.748754069101984 ] ] ] } },
{ "type": "Feature", "properties": { "index": "882a100dbbfffff" }, "geometry": { "type": "Polygon", "coordinates": [ [ [ -73.942041120750531, 40.670942617920758 ], [ -73.948410418368681, 40.669891985650381 ], [ -73.950375818201692, 40.665437674030166 ], [ -73.945972826341617, 40.662034326234263 ], [ -73.939604551468449, 40.66308473960261 ], [ -73.937638245822157, 40.667538719639076 ], [ -73.942041120750531, 40.670942617920758 ] ] ] } },
{ "type": "Feature", "properties": { "index": "882a10766dfffff" }, "geometry": { "type": "Polygon", "coordinates": [ [ [ -73.939604551468449, 40.66308473960261 ], [ -73.945972826341617, 40.662034326234263 ], [ -73.947938124821079, 40.657580494164918 ], [ -73.943536053991465, 40.654177407018743 ], [ -73.937168801558613, 40.655227601556327 ], [ -73.93520259762677, 40.659681102041027 ], [ -73.939604551468449, 40.66308473960261 ] ] ] } },
{ "type": "Feature", "properties": { "index": "882a107601fffff" }, "geometry": { "type": "Polygon", "coordinates": [ [ [ -73.921535489866287, 40.637161829182354 ], [ -73.92790056553001, 40.636112692728631 ], [ -73.92986646401954, 40.631660631387042 ], [ -73.925468190980908, 40.628258038230619 ], [ -73.919104136906455, 40.629306956288914 ], [ -73.91713733439299, 40.633758685869317 ], [ -73.921535489866287, 40.637161829182354 ] ] ] } },
{ "type": "Feature", "properties": { "index": "882a100cd1fffff" }, "geometry": { "type": "Polygon", "coordinates": [ [ [ -73.83328213118547, 40.676436790840967 ], [ -73.839654042241193, 40.675392123482979 ], [ -73.841629807676597, 40.670939551452598 ], [ -73.837234565593775, 40.66753198024788 ], [ -73.8308636791797, 40.66857643086518 ], [ -73.82888701031905, 40.673028669398342 ], [ -73.83328213118547, 40.676436790840967 ] ] ] } },
{ "type": "Feature", "properties": { "index": "882a107527fffff" }, "geometry": { "type": "Polygon", "coordinates": [ [ [ -74.093303678271113, 40.608715633108027 ], [ -74.099661901122346, 40.607657309524555 ], [ -74.101610607350679, 40.60320362796196 ], [ -74.097201997837189, 40.599808598580267 ], [ -74.090844792698562, 40.600866700422834 ], [ -74.088895179471535, 40.605320053357872 ], [ -74.093303678271113, 40.608715633108027 ] ] ] } },
{ "type": "Feature", "properties": { "index": "882a1005bbfffff" }, "geometry": { "type": "Polygon", "coordinates": [ [ [ -73.732868210467458, 40.676339281648474 ], [ -73.739241804947184, 40.675300179392117 ], [ -73.741226914794211, 40.670849512937522 ], [ -73.736839331281828, 40.667438283940875 ], [ -73.730466762953824, 40.668477171470251 ], [ -73.728480752099145, 40.672927502693938 ], [ -73.732868210467458, 40.676339281648474 ] ] ] } },
{ "type": "Feature", "properties": { "index": "882a100c27fffff" }, "geometry": { "type": "Polygon", "coordinates": [ [ [ -73.918419803628154, 40.724409916164063 ], [ -73.924796763223398, 40.723360022747102 ], [ -73.926766604813565, 40.718903205013063 ], [ -73.922360394233493, 40.715496612941728 ], [ -73.915984460075848, 40.716546287776673 ], [ -73.914013711172899, 40.721002773235149 ], [ -73.918419803628154, 40.724409916164063 ] ] ] } },
{ "type": "Feature", "properties": { "index": "882a100505fffff" }, "geometry": { "type": "Polygon", "coordinates": [ [ [ -73.756927231577947, 40.755001214322718 ], [ -73.763311104504012, 40.753959960940101 ], [ -73.765297297589015, 40.749504509123561 ], [ -73.760900522473008, 40.746090645895364 ], [ -73.754517678778583, 40.747131683849439 ], [ -73.752530581081629, 40.751586800430808 ], [ -73.756927231577947, 40.755001214322718 ] ] ] } },
{ "type": "Feature", "properties": { "index": "882a100f11fffff" }, "geometry": { "type": "Polygon", "coordinates": [ [ [ -73.881519108699521, 40.767676033490233 ], [ -73.887902583039548, 40.766627729428059 ], [ -73.889877685787738, 40.762169224785474 ], [ -73.885470222409865, 40.758759357319626 ], [ -73.879087775963896, 40.75980744341652 ], [ -73.877111765114464, 40.764265614914763 ], [ -73.881519108699521, 40.767676033490233 ] ] ] } },
{ "type": "Feature", "properties": { "index": "882a107757fffff" }, "geometry": { "type": "Polygon", "coordinates": [ [ [ -73.975368525285987, 40.648921318352087 ], [ -73.981734260375944, 40.647869077760042 ], [ -73.983695633544002, 40.643415360227294 ], [ -73.979292177491118, 40.640014214145893 ], [ -73.972927463677266, 40.641066235232977 ], [ -73.970965184751662, 40.645519621876502 ], [ -73.975368525285987, 40.648921318352087 ] ] ] } },
{ "type": "Feature", "properties": { "index": "882a10631bfffff" }, "geometry": { "type": "Polygon", "coordinates": [ [ [ -74.179478090775163, 40.627385784374759 ], [ -74.185837301762845, 40.626322495364654 ], [ -74.187778739628172, 40.621866191102953 ], [ -74.183361876363719, 40.61847350304275 ], [ -74.177003682554187, 40.619536568541143 ], [ -74.17506133494139, 40.623992545581039 ], [ -74.179478090775163, 40.627385784374759 ] ] ] } },
{ "type": "Feature", "properties": { "index": "882a100569fffff" }, "geometry": { "type": "Polygon", "coordinates": [ [ [ -73.753374531474009, 40.776240324011646 ], [ -73.759761352954229, 40.775199047854315 ], [ -73.761748775793151, 40.770742497262944 ], [ -73.757350282609991, 40.767327558209082 ], [ -73.750964491346636, 40.768368618950262 ], [ -73.748976163162823, 40.772824834132024 ], [ -73.753374531474009, 40.776240324011646 ] ] ] } },
{ "type": "Feature", "properties": { "index": "882a100c1bfffff" }, "geometry": { "type": "Polygon", "coordinates": [ [ [ -73.853739940411373, 40.71024899034029 ], [ -73.860116089748885, 40.709202832977439 ], [ -73.862091369979041, 40.704748011515782 ], [ -73.857691406201511, 40.701339680709701 ], [ -73.851316282670595, 40.702385620826583 ], [ -73.849340097223035, 40.706840108965849 ], [ -73.853739940411373, 40.71024899034029 ] ] ] } },
{ "type": "Feature", "properties": { "index": "882a1039e1fffff" }, "geometry": { "type": "Polygon", "coordinates": [ [ [ -73.844884055500671, 40.583754837320569 ], [ -73.851243218004953, 40.582710507271621 ], [ -73.853214014591728, 40.578262839310142 ], [ -73.848826548932593, 40.574859834172479 ], [ -73.842468406862423, 40.575903947510163 ], [ -73.840496710128818, 40.58035128266728 ], [ -73.844884055500671, 40.583754837320569 ] ] ] } },
{ "type": "Feature", "properties": { "index": "882a106311fffff" }, "geometry": { "type": "Polygon", "coordinates": [ [ [ -74.190255089202751, 40.629715440327516 ], [ -74.196614421638017, 40.628651530219621 ], [ -74.198554949412738, 40.624194898912322 ], [ -74.194137054953231, 40.620802504728125 ], [ -74.187778739628172, 40.621866191102953 ], [ -74.185837301762845, 40.626322495364654 ], [ -74.190255089202751, 40.629715440327516 ] ] ] } },
{ "type": "Feature", "properties": { "index": "882a1062ebfffff" }, "geometry": { "type": "Polygon", "coordinates": [ [ [ -74.118218779640301, 40.592178879420324 ], [ -74.124574324850727, 40.591119361501107 ], [ -74.126520023450084, 40.586666137083164 ], [ -74.122111083896996, 40.583272758661522 ], [ -74.115756555297139, 40.584332054392299 ], [ -74.113809949750291, 40.588784950702951 ], [ -74.118218779640301, 40.592178879420324 ] ] ] } },
{ "type": "Feature", "properties": { "index": "882a100c21fffff" }, "geometry": { "type": "Polygon", "coordinates": [ [ [ -73.910071100504695, 40.729916369371651 ], [ -73.916448952013113, 40.728866880442169 ], [ -73.918419803628154, 40.724409916164063 ], [ -73.914013711172899, 40.721002773235149 ], [ -73.90763688547041, 40.722052043734159 ], [ -73.90566512652957, 40.726508675562727 ], [ -73.910071100504695, 40.729916369371651 ] ] ] } },
{ "type": "Feature", "properties": { "index": "882a100ed1fffff" }, "geometry": { "type": "Polygon", "coordinates": [ [ [ -73.774795276953995, 40.714910181784759 ], [ -73.781173400924914, 40.71386835355397 ], [ -73.783156235181593, 40.709414767315131 ], [ -73.778761849079558, 40.706003343990545 ], [ -73.772384752315176, 40.707044956545595 ], [ -73.770401014559084, 40.711498208071525 ], [ -73.774795276953995, 40.714910181784759 ] ] ] } },
{ "type": "Feature", "properties": { "index": "882a107447fffff" }, "geometry": { "type": "Polygon", "coordinates": [ [ [ -73.973931823790267, 40.612002268125757 ], [ -73.980292586361855, 40.610950504338909 ], [ -73.982252554165029, 40.606498856259009 ], [ -73.977852663809784, 40.603099302655977 ], [ -73.971492920933585, 40.604150847072894 ], [ -73.969532048828455, 40.608602164432931 ], [ -73.973931823790267, 40.612002268125757 ] ] ] } },
{ "type": "Feature", "properties": { "index": "882a100ac5fffff" }, "geometry": { "type": "Polygon", "coordinates": [ [ [ -73.910759170085953, 40.862156652060413 ], [ -73.917155003167522, 40.861105726863833 ], [ -73.919131348422326, 40.856641488717528 ], [ -73.914712773177797, 40.853228508871553 ], [ -73.908317971687325, 40.854279215248255 ], [ -73.906340713963587, 40.858743120260861 ], [ -73.910759170085953, 40.862156652060413 ] ] ] } },
{ "type": "Feature", "properties": { "index": "882a106089fffff" }, "geometry": { "type": "Polygon", "coordinates": [ [ [ -74.163060891332563, 40.54341429833957 ], [ -74.169409052077413, 40.542352845308201 ], [ -74.171348557900245, 40.537901504651877 ], [ -74.16694080920864, 40.534511944068399 ], [ -74.160593662272262, 40.535573174163517 ], [ -74.158653250328967, 40.540024187748088 ], [ -74.163060891332563, 40.54341429833957 ] ] ] } },
{ "type": "Feature", "properties": { "index": "882a100e91fffff" }, "geometry": { "type": "Polygon", "coordinates": [ [ [ -73.789102502147571, 40.69605525421256 ], [ -73.795477824688689, 40.695012829398642 ], [ -73.797458530978119, 40.690560010480588 ], [ -73.793064817957713, 40.687149950712296 ], [ -73.786690521582941, 40.688192159616094 ], [ -73.78470891217485, 40.692644644168809 ], [ -73.789102502147571, 40.69605525421256 ] ] ] } },
{ "type": "Feature", "properties": { "index": "882a1072ebfffff" }, "geometry": { "type": "Polygon", "coordinates": [ [ [ -74.018951481085722, 40.724348470224164 ], [ -74.025326680760344, 40.723293004545781 ], [ -74.027287133576024, 40.718834310601125 ], [ -74.022873296536901, 40.71543141283189 ], [ -74.016499120749486, 40.71648665791669 ], [ -74.014537758225813, 40.720945021334245 ], [ -74.018951481085722, 40.724348470224164 ] ] ] } },
{ "type": "Feature", "properties": { "index": "882a100e17fffff" }, "geometry": { "type": "Polygon", "coordinates": [ [ [ -73.814373103161131, 40.745617564800149 ], [ -73.820754727743051, 40.744573219862083 ], [ -73.822735167801412, 40.740117195037406 ], [ -73.81833488902592, 40.736705849312756 ], [ -73.811954292395171, 40.737749977694875 ], [ -73.809972946701578, 40.742205668327976 ], [ -73.814373103161131, 40.745617564800149 ] ] ] } },
{ "type": "Feature", "properties": { "index": "882a10085bfffff" }, "geometry": { "type": "Polygon", "coordinates": [ [ [ -73.949130353757624, 40.855845929239777 ], [ -73.955524659903091, 40.854792935725769 ], [ -73.957497148099193, 40.850328321548311 ], [ -73.953076243408475, 40.846917033287141 ], [ -73.946682967984742, 40.847969807228743 ], [ -73.94470956664307, 40.852434088973915 ], [ -73.949130353757624, 40.855845929239777 ] ] ] } },
{ "type": "Feature", "properties": { "index": "882a100cddfffff" }, "geometry": { "type": "Polygon", "coordinates": [ [ [ -73.835701397321486, 40.684297892375369 ], [ -73.842074333325044, 40.683253008206052 ], [ -73.844050203835977, 40.678799957026101 ], [ -73.839654042241193, 40.675392123482979 ], [ -73.83328213118547, 40.676436790840967 ], [ -73.831305356888961, 40.680889508523833 ], [ -73.835701397321486, 40.684297892375369 ] ] ] } },
{ "type": "Feature", "properties": { "index": "882a106357fffff" }, "geometry": { "type": "Polygon", "coordinates": [ [ [ -74.184429400424946, 40.643086428185526 ], [ -74.190790646672014, 40.642022691934372 ], [ -74.192732270366335, 40.63756542678523 ], [ -74.188313558395777, 40.634172225073634 ], [ -74.181953329928945, 40.635235737667983 ], [ -74.180010795762982, 40.639692675600351 ], [ -74.184429400424946, 40.643086428185526 ] ] ] } },
{ "type": "Feature", "properties": { "index": "882a100555fffff" }, "geometry": { "type": "Polygon", "coordinates": [ [ [ -73.726994161770918, 40.755747258204934 ], [ -73.733378639525668, 40.754707659485064 ], [ -73.735367654541065, 40.750252735809958 ], [ -73.730973095832141, 40.74683774658164 ], [ -73.724589647792826, 40.747877130472482 ], [ -73.72259972886026, 40.752331718391332 ], [ -73.726994161770918, 40.755747258204934 ] ] ] } },
{ "type": "Feature", "properties": { "index": "882a1060b7fffff" }, "geometry": { "type": "Polygon", "coordinates": [ [ [ -74.193728557601517, 40.513523374145699 ], [ -74.200072137827433, 40.51246056389104 ], [ -74.202007556271923, 40.508010324722456 ], [ -74.197600300286794, 40.50462322215985 ], [ -74.191257732104702, 40.505685808958084 ], [ -74.189321407973537, 40.510135721745037 ], [ -74.193728557601517, 40.513523374145699 ] ] ] } },
{ "type": "Feature", "properties": { "index": "882a10604bfffff" }, "geometry": { "type": "Polygon", "coordinates": [ [ [ -74.163758141542019, 40.60935758751237 ], [ -74.17011519643107, 40.60829536601539 ], [ -74.172057357274554, 40.603840350193096 ], [ -74.167643372020478, 40.600447883240065 ], [ -74.161287333775533, 40.601509881591525 ], [ -74.159344264250933, 40.605964570011196 ], [ -74.163758141542019, 40.60935758751237 ] ] ] } },
{ "type": "Feature", "properties": { "index": "882a103b13fffff" }, "geometry": { "type": "Polygon", "coordinates": [ [ [ -73.769829372043375, 40.633171285663543 ], [ -73.776196493842676, 40.632130586161885 ], [ -73.778176344937791, 40.627681600762422 ], [ -73.773789974588141, 40.62427364919818 ], [ -73.767423876502647, 40.625314133351864 ], [ -73.765443125165206, 40.629762784388376 ], [ -73.769829372043375, 40.633171285663543 ] ] ] } },
{ "type": "Feature", "properties": { "index": "882a106233fffff" }, "geometry": { "type": "Polygon", "coordinates": [ [ [ -74.142217676400676, 40.604693841344329 ], [ -74.148574485824753, 40.603632860692549 ], [ -74.150518463687376, 40.599178499851341 ], [ -74.146106540231216, 40.595785447385836 ], [ -74.139750747585538, 40.596846205334593 ], [ -74.137805861728069, 40.601300238421615 ], [ -74.142217676400676, 40.604693841344329 ] ] ] } },
{ "type": "Feature", "properties": { "index": "882a100537fffff" }, "geometry": { "type": "Polygon", "coordinates": [ [ [ -73.768842621665243, 40.728271994231633 ], [ -73.775222660945744, 40.727230357104631 ], [ -73.777206613907396, 40.722776148504458 ], [ -73.772811431571583, 40.719363911888706 ], [ -73.766432420172023, 40.720405333422214 ], [ -73.764447563340241, 40.724859207135481 ], [ -73.768842621665243, 40.728271994231633 ] ] ] } },
{ "type": "Feature", "properties": { "index": "882a106209fffff" }, "geometry": { "type": "Polygon", "coordinates": [ [ [ -74.122233602389727, 40.636940100164388 ], [ -74.128595129582976, 40.635879868801673 ], [ -74.130542305957391, 40.631424089259006 ], [ -74.126128864019833, 40.628028869319387 ], [ -74.11976835531199, 40.629088878282033 ], [ -74.11782027016703, 40.633544329554077 ], [ -74.122233602389727, 40.636940100164388 ] ] ] } },
{ "type": "Feature", "properties": { "index": "882a100c3bfffff" }, "geometry": { "type": "Polygon", "coordinates": [ [ [ -73.883645077016553, 40.709470058562758 ], [ -73.890020607929472, 40.708422251523309 ], [ -73.891993066925679, 40.703966910043086 ], [ -73.887590901025305, 40.700559708372658 ], [ -73.881216395429419, 40.701607297569126 ], [ -73.879243030529196, 40.706062306249287 ], [ -73.883645077016553, 40.709470058562758 ] ] ] } },
{ "type": "Feature", "properties": { "index": "882a100e9bfffff" }, "geometry": { "type": "Polygon", "coordinates": [ [ [ -73.77833372903828, 40.693686447233922 ], [ -73.78470891217485, 40.692644644168809 ], [ -73.786690521582941, 40.688192159616094 ], [ -73.782297850735645, 40.684781812637752 ], [ -73.775923693824524, 40.685823400015387 ], [ -73.773941181647871, 40.690275550029334 ], [ -73.77833372903828, 40.693686447233922 ] ] ] } },
{ "type": "Feature", "properties": { "index": "882a100c63fffff" }, "geometry": { "type": "Polygon", "coordinates": [ [ [ -73.893367987261811, 40.740928499824953 ], [ -73.899747622506396, 40.739879820703493 ], [ -73.901720495147686, 40.735422564102954 ], [ -73.89731464000819, 40.732014319391702 ], [ -73.890936031306325, 40.733062780386113 ], [ -73.888962251313686, 40.737519704189097 ], [ -73.893367987261811, 40.740928499824953 ] ] ] } },
{ "type": "Feature", "properties": { "index": "882a10745bfffff" }, "geometry": { "type": "Polygon", "coordinates": [ [ [ -73.939221017535758, 40.597101367598405 ], [ -73.94558036637487, 40.596051682247989 ], [ -73.947542944963587, 40.591601507129695 ], [ -73.943147077729449, 40.588201348575211 ], [ -73.936788748470448, 40.589250815291521 ], [ -73.934825266976688, 40.593700659166679 ], [ -73.939221017535758, 40.597101367598405 ] ] ] } },
{ "type": "Feature", "properties": { "index": "882a10760bfffff" }, "geometry": { "type": "Polygon", "coordinates": [ [ [ -73.910772391989155, 40.634807201783474 ], [ -73.91713733439299, 40.633758685869317 ], [ -73.919104136906455, 40.629306956288914 ], [ -73.914706900804632, 40.625904074528215 ], [ -73.908342980051927, 40.626952372268853 ], [ -73.906375273861542, 40.631403769913973 ], [ -73.910772391989155, 40.634807201783474 ] ] ] } },
{ "type": "Feature", "properties": { "index": "882a100ab3fffff" }, "geometry": { "type": "Polygon", "coordinates": [ [ [ -73.926096512939665, 40.814113398639236 ], [ -73.932485534953173, 40.81306212777038 ], [ -73.93445842442415, 40.80860023434834 ], [ -73.930043202964953, 40.805189944379507 ], [ -73.923655210196486, 40.806240996257053 ], [ -73.921681409754996, 40.810702557064808 ], [ -73.926096512939665, 40.814113398639236 ] ] ] } },
{ "type": "Feature", "properties": { "index": "882a100f55fffff" }, "geometry": { "type": "Polygon", "coordinates": [ [ [ -73.878021486754534, 40.788923368706484 ], [ -73.884407911042402, 40.787875034985234 ], [ -73.886384234278552, 40.783415428990871 ], [ -73.881975042179207, 40.78000449000519 ], [ -73.875589646769697, 40.781052605771215 ], [ -73.873612414694037, 40.785511878448361 ], [ -73.878021486754534, 40.788923368706484 ] ] ] } },
{ "type": "Feature", "properties": { "index": "882a107763fffff" }, "geometry": { "type": "Polygon", "coordinates": [ [ [ -74.010130075220971, 40.66382202373272 ], [ -74.016497221850528, 40.662767699267512 ], [ -74.018455974645022, 40.658312510328486 ], [ -74.014048488079268, 40.65491197618811 ], [ -74.00768236283858, 40.655966080411034 ], [ -74.005722702886175, 40.660420938986604 ], [ -74.010130075220971, 40.66382202373272 ] ] ] } },
{ "type": "Feature", "properties": { "index": "882a103b33fffff" }, "geometry": { "type": "Polygon", "coordinates": [ [ [ -73.799684818657994, 40.632413818563421 ], [ -73.806051333805954, 40.631371474579041 ], [ -73.808028376046792, 40.626921966684186 ], [ -73.803639804181358, 40.623515136588011 ], [ -73.797274312264776, 40.624557264628457 ], [ -73.795296369094302, 40.629006438679568 ], [ -73.799684818657994, 40.632413818563421 ] ] ] } },
{ "type": "Feature", "properties": { "index": "882a100dd5fffff" }, "geometry": { "type": "Polygon", "coordinates": [ [ [ -73.919459650917645, 40.695316630441155 ], [ -73.925832644279097, 40.694266988801033 ], [ -73.927801169756933, 40.689811755057235 ], [ -73.923397608199835, 40.686406495027832 ], [ -73.917025638990808, 40.687455918148039 ], [ -73.915056207298448, 40.691910819787729 ], [ -73.919459650917645, 40.695316630441155 ] ] ] } },
{ "type": "Feature", "properties": { "index": "882a103855fffff" }, "geometry": { "type": "Polygon", "coordinates": [ [ [ -73.75186790092971, 40.607233786827543 ], [ -73.758231812455818, 40.606194352463014 ], [ -73.760212241243934, 40.601747140331931 ], [ -73.755829657436465, 40.598339697070074 ], [ -73.749466768764691, 40.599378916518873 ], [ -73.747485441158119, 40.603825794115942 ], [ -73.75186790092971, 40.607233786827543 ] ] ] } },
{ "type": "Feature", "properties": { "index": "882a10725bfffff" }, "geometry": { "type": "Polygon", "coordinates": [ [ [ -73.990488030045611, 40.762133990966063 ], [ -73.996868860332839, 40.761079697832521 ], [ -73.998833551091181, 40.756619453931883 ], [ -73.994418322168883, 40.753213834355435 ], [ -73.988038517858129, 40.754267907355903 ], [ -73.986072916605409, 40.758727820035865 ], [ -73.990488030045611, 40.762133990966063 ] ] ] } },
{ "type": "Feature", "properties": { "index": "882a100cd3fffff" }, "geometry": { "type": "Polygon", "coordinates": [ [ [ -73.8308636791797, 40.66857643086518 ], [ -73.837234565593775, 40.66753198024788 ], [ -73.839210225905475, 40.663079887448468 ], [ -73.834815902980395, 40.659672578734195 ], [ -73.828446040901866, 40.660716812681414 ], [ -73.82646947752508, 40.665168571983457 ], [ -73.8308636791797, 40.66857643086518 ] ] ] } },
{ "type": "Feature", "properties": { "index": "882a100f27fffff" }, "geometry": { "type": "Polygon", "coordinates": [ [ [ -73.935490201752117, 40.779475995263589 ], [ -73.941874347988261, 40.778424569777371 ], [ -73.943844904976629, 40.773964402038509 ], [ -73.939432225693537, 40.770555992024775 ], [ -73.933049107040233, 40.771607198429983 ], [ -73.931077640199732, 40.776067033900027 ], [ -73.935490201752117, 40.779475995263589 ] ] ] } },
{ "type": "Feature", "properties": { "index": "882a100f57fffff" }, "geometry": { "type": "Polygon", "coordinates": [ [ [ -73.875589646769697, 40.781052605771215 ], [ -73.881975042179207, 40.78000449000519 ], [ -73.883951261335724, 40.775545362093702 ], [ -73.879542993671947, 40.772134683236338 ], [ -73.873158626833046, 40.773182581118192 ], [ -73.871181499200134, 40.777641375711802 ], [ -73.875589646769697, 40.781052605771215 ] ] ] } },
{ "type": "Feature", "properties": { "index": "882a103b23fffff" }, "geometry": { "type": "Polygon", "coordinates": [ [ [ -73.815268151139762, 40.650493999885178 ], [ -73.821636851656919, 40.649450603218476 ], [ -73.823613203922278, 40.644999802622436 ], [ -73.819221757779331, 40.641592732334416 ], [ -73.812854081045714, 40.642635912694274 ], [ -73.810876826783627, 40.647086379619495 ], [ -73.815268151139762, 40.650493999885178 ] ] ] } },
{ "type": "Feature", "properties": { "index": "882a106229fffff" }, "geometry": { "type": "Polygon", "coordinates": [ [ [ -74.152093677225523, 40.636091769109626 ], [ -74.158454556774231, 40.635029896922617 ], [ -74.160398910852777, 40.6305736139524 ], [ -74.155983294933961, 40.62717953088405 ], [ -74.149623433368305, 40.628241180078724 ], [ -74.14767816984903, 40.632697135303758 ], [ -74.152093677225523, 40.636091769109626 ] ] ] } },
{ "type": "Feature", "properties": { "index": "882a1000a1fffff" }, "geometry": { "type": "Polygon", "coordinates": [ [ [ -73.792989388141621, 40.806979331540319 ], [ -73.799379723192985, 40.805935534605538 ], [ -73.801364749339825, 40.801476545560163 ], [ -73.79696034803807, 40.798061688307399 ], [ -73.790571043953392, 40.799105268944125 ], [ -73.788585110317158, 40.803563923102082 ], [ -73.792989388141621, 40.806979331540319 ] ] ] } },
{ "type": "Feature", "properties": { "index": "882a106011fffff" }, "geometry": { "type": "Polygon", "coordinates": [ [ [ -74.172938082639959, 40.574786190812127 ], [ -74.179290301615438, 40.57372384531255 ], [ -74.181230179813284, 40.569270579651146 ], [ -74.176818746707099, 40.565879986521772 ], [ -74.170467542739047, 40.566942108795764 ], [ -74.168526756979858, 40.571395047394411 ], [ -74.172938082639959, 40.574786190812127 ] ] ] } },
{ "type": "Feature", "properties": { "index": "882a103863fffff" }, "geometry": { "type": "Polygon", "coordinates": [ [ [ -73.784113669737494, 40.61433589445577 ], [ -73.790478000045795, 40.613294601886324 ], [ -73.792455730287656, 40.608846387188819 ], [ -73.788070030197019, 40.60543979904746 ], [ -73.781706722567861, 40.606480876035477 ], [ -73.779728092462193, 40.610928756716916 ], [ -73.784113669737494, 40.61433589445577 ] ] ] } },
{ "type": "Feature", "properties": { "index": "882a10625bfffff" }, "geometry": { "type": "Polygon", "coordinates": [ [ [ -74.089912872809705, 40.629928878560818 ], [ -74.096274025222854, 40.628870510243978 ], [ -74.098223926875988, 40.624415716040211 ], [ -74.093813583964319, 40.621019618920506 ], [ -74.087453450235088, 40.622077765501899 ], [ -74.085502640844467, 40.626532230908253 ], [ -74.089912872809705, 40.629928878560818 ] ] ] } },
{ "type": "Feature", "properties": { "index": "882a100dcdfffff" }, "geometry": { "type": "Polygon", "coordinates": [ [ [ -73.926766604813565, 40.718903205013063 ], [ -73.933142672465877, 40.717852907386209 ], [ -73.935111504356612, 40.713396236451295 ], [ -73.930705176006811, 40.709990195215056 ], [ -73.924330133423837, 40.711040274108456 ], [ -73.922360394233493, 40.715496612941728 ], [ -73.926766604813565, 40.718903205013063 ] ] ] } },
{ "type": "Feature", "properties": { "index": "882a100de3fffff" }, "geometry": { "type": "Polygon", "coordinates": [ [ [ -73.951795599699395, 40.70238152922569 ], [ -73.958168991346213, 40.701330020634487 ], [ -73.960134796091438, 40.696873791626437 ], [ -73.955728116560749, 40.693469402759639 ], [ -73.949355748878659, 40.694520692163685 ], [ -73.947389036874483, 40.69897658959178 ], [ -73.951795599699395, 40.70238152922569 ] ] ] } },
{ "type": "Feature", "properties": { "index": "882a107633fffff" }, "geometry": { "type": "Polygon", "coordinates": [ [ [ -73.933329162552738, 40.610452969075943 ], [ -73.939690419326908, 40.609403466184588 ], [ -73.94165410365575, 40.60495266183036 ], [ -73.937257434599616, 40.601551691753485 ], [ -73.930897198074689, 40.602600976090159 ], [ -73.928932610467996, 40.607051449028639 ], [ -73.933329162552738, 40.610452969075943 ] ] ] } },
{ "type": "Feature", "properties": { "index": "882a100c4dfffff" }, "geometry": { "type": "Polygon", "coordinates": [ [ [ -73.868299045480555, 40.757444747602868 ], [ -73.87468135610095, 40.75639728527635 ], [ -73.876657262723086, 40.751939592108307 ], [ -73.872251766225816, 40.748529694556773 ], [ -73.865870483253602, 40.749576939212076 ], [ -73.863893669243211, 40.754034299060436 ], [ -73.868299045480555, 40.757444747602868 ] ] ] } },
{ "type": "Feature", "properties": { "index": "882a100531fffff" }, "geometry": { "type": "Polygon", "coordinates": [ [ [ -73.760476729897775, 40.733767576359021 ], [ -73.766857656940431, 40.732726346359044 ], [ -73.768842621665243, 40.728271994231633 ], [ -73.764447563340241, 40.724859207135481 ], [ -73.758067664545365, 40.725900221694666 ], [ -73.756081795940673, 40.730354238761336 ], [ -73.760476729897775, 40.733767576359021 ] ] ] } },
{ "type": "Feature", "properties": { "index": "882a1060b1fffff" }, "geometry": { "type": "Polygon", "coordinates": [ [ [ -74.185447669167303, 40.519036184328506 ], [ -74.191792141105992, 40.517973768699619 ], [ -74.193728557601517, 40.513523374145699 ], [ -74.189321407973537, 40.510135721745037 ], [ -74.182977948444901, 40.51119791406542 ], [ -74.181040626243899, 40.515647982064699 ], [ -74.185447669167303, 40.519036184328506 ] ] ] } },
{ "type": "Feature", "properties": { "index": "882a107667fffff" }, "geometry": { "type": "Polygon", "coordinates": [ [ [ -73.945501251067299, 40.649724054581704 ], [ -73.951867613645632, 40.648673457849959 ], [ -73.953831804189761, 40.644220253714614 ], [ -73.949430537345251, 40.640817977693082 ], [ -73.943065196535883, 40.641868355514411 ], [ -73.94110010091363, 40.646321228237852 ], [ -73.945501251067299, 40.649724054581704 ] ] ] } },
{ "type": "Feature", "properties": { "index": "882a100c87fffff" }, "geometry": { "type": "Polygon", "coordinates": [ [ [ -73.871509840848006, 40.670163657918216 ], [ -73.877880248235627, 40.669116939384665 ], [ -73.879852189068913, 40.664663993645036 ], [ -73.875454626726025, 40.661258099211686 ], [ -73.869085243126122, 40.662304600256718 ], [ -73.867112398193456, 40.666757213193975 ], [ -73.871509840848006, 40.670163657918216 ] ] ] } },
{ "type": "Feature", "properties": { "index": "882a100139fffff" }, "geometry": { "type": "Polygon", "coordinates": [ [ [ -73.861565504969676, 40.86608796534113 ], [ -73.867962723041344, 40.865039736936765 ], [ -73.869943837154239, 40.860576211785599 ], [ -73.865528644745368, 40.857161249019107 ], [ -73.859132459193532, 40.858209259581102 ], [ -73.85715043364425, 40.862672450722165 ], [ -73.861565504969676, 40.86608796534113 ] ] ] } },
{ "type": "Feature", "properties": { "index": "882a103b03fffff" }, "geometry": { "type": "Polygon", "coordinates": [ [ [ -73.7854010825491, 40.65125543372158 ], [ -73.79177039199547, 40.650213682801301 ], [ -73.793749555862703, 40.645763404344315 ], [ -73.789360311705167, 40.642355210968908 ], [ -73.782992026526188, 40.643396746178624 ], [ -73.781011961349577, 40.647846690444887 ], [ -73.7854010825491, 40.65125543372158 ] ] ] } },
{ "type": "Feature", "properties": { "index": "882a100a83fffff" }, "geometry": { "type": "Polygon", "coordinates": [ [ [ -73.911806822160983, 40.833013474789666 ], [ -73.918198665536167, 40.831962798566281 ], [ -73.920173686057765, 40.827500137298365 ], [ -73.915757774678525, 40.824088485186202 ], [ -73.909366961597669, 40.825138942651336 ], [ -73.907391029714773, 40.829601270956985 ], [ -73.911806822160983, 40.833013474789666 ] ] ] } },
{ "type": "Feature", "properties": { "index": "882a100a93fffff" }, "geometry": { "type": "Polygon", "coordinates": [ [ [ -73.896124337245894, 40.814903074790159 ], [ -73.902513985410025, 40.813853461442939 ], [ -73.90448971030726, 40.809392088556336 ], [ -73.900076697434812, 40.805980662126771 ], [ -73.893688079011014, 40.807030057081917 ], [ -73.891711443832335, 40.811491096828846 ], [ -73.896124337245894, 40.814903074790159 ] ] ] } },
{ "type": "Feature", "properties": { "index": "882a10628dfffff" }, "geometry": { "type": "Polygon", "coordinates": [ [ [ -74.115756555297139, 40.584332054392299 ], [ -74.122111083896996, 40.583272758661522 ], [ -74.124056687533638, 40.578820015063776 ], [ -74.119648669267846, 40.575426895275832 ], [ -74.113295156977628, 40.576485968890253 ], [ -74.111348646753981, 40.580938384378769 ], [ -74.115756555297139, 40.584332054392299 ] ] ] } },
{ "type": "Feature", "properties": { "index": "882a100ecbfffff" }, "geometry": { "type": "Polygon", "coordinates": [ [ [ -73.779618763577474, 40.730642856470709 ], [ -73.785998942884547, 40.729600596677365 ], [ -73.78798199162506, 40.725146053363915 ], [ -73.783585765392473, 40.721734104527584 ], [ -73.777206613907396, 40.722776148504458 ], [ -73.775222660945744, 40.727230357104631 ], [ -73.779618763577474, 40.730642856470709 ] ] ] } },
{ "type": "Feature", "properties": { "index": "882a100c35fffff" }, "geometry": { "type": "Polygon", "coordinates": [ [ [ -73.905203490149674, 40.714188457377396 ], [ -73.911579290352392, 40.713139405237698 ], [ -73.913549936493581, 40.708683398680861 ], [ -73.909145689146271, 40.705276776684933 ], [ -73.902770914137236, 40.706325610536396 ], [ -73.900799361394064, 40.710781284642195 ], [ -73.905203490149674, 40.714188457377396 ] ] ] } },
{ "type": "Feature", "properties": { "index": "882a1008b3fffff" }, "geometry": { "type": "Polygon", "coordinates": [ [ [ -73.984589813485073, 40.775515790308447 ], [ -73.990972565835818, 40.774461681304004 ], [ -73.992938367805252, 40.770000811574128 ], [ -73.988522328408948, 40.766594382212226 ], [ -73.982140602710786, 40.767648271163239 ], [ -73.980173889868652, 40.772108809499571 ], [ -73.984589813485073, 40.775515790308447 ] ] ] } },
{ "type": "Feature", "properties": { "index": "882a106237fffff" }, "geometry": { "type": "Polygon", "coordinates": [ [ [ -74.152987331864665, 40.607026171038996 ], [ -74.159344264250933, 40.605964570011196 ], [ -74.161287333775533, 40.601509881591525 ], [ -74.156874379362293, 40.598117121747826 ], [ -74.150518463687376, 40.599178499851341 ], [ -74.148574485824753, 40.603632860692549 ], [ -74.152987331864665, 40.607026171038996 ] ] ] } },
{ "type": "Feature", "properties": { "index": "882a1062e9fffff" }, "geometry": { "type": "Polygon", "coordinates": [ [ [ -74.120681830413915, 40.600026443740475 ], [ -74.127038392535937, 40.598966703560684 ], [ -74.128984186044988, 40.594512998403459 ], [ -74.124574324850727, 40.591119361501107 ], [ -74.118218779640301, 40.592178879420324 ], [ -74.116272078823044, 40.596632256472255 ], [ -74.120681830413915, 40.600026443740475 ] ] ] } },
{ "type": "Feature", "properties": { "index": "882a100e89fffff" }, "geometry": { "type": "Polygon", "coordinates": [ [ [ -73.796343320048024, 40.719648987488803 ], [ -73.802721722931508, 40.718605914522044 ], [ -73.804702749137519, 40.714151659378231 ], [ -73.800306276773355, 40.710740811537327 ], [ -73.793928900978003, 40.711783668382708 ], [ -73.791946970571388, 40.716237589160862 ], [ -73.796343320048024, 40.719648987488803 ] ] ] } },
{ "type": "Feature", "properties": { "index": "882a107507fffff" }, "geometry": { "type": "Polygon", "coordinates": [ [ [ -74.063461258785949, 40.609548828594967 ], [ -74.069820121720198, 40.60849214435148 ], [ -74.071771644828274, 40.6040389686898 ], [ -74.067365211439693, 40.600642806392962 ], [ -74.061007366716169, 40.60169926948781 ], [ -74.059054937281346, 40.606152115998086 ], [ -74.063461258785949, 40.609548828594967 ] ] ] } },
{ "type": "Feature", "properties": { "index": "882a1008bdfffff" }, "geometry": { "type": "Polygon", "coordinates": [ [ [ -73.989490712619059, 40.791253038612581 ], [ -73.995875519193973, 40.790198489286233 ], [ -73.997841521675184, 40.78573666283684 ], [ -73.993423629294568, 40.782329717074347 ], [ -73.987039849984924, 40.783384046203885 ], [ -73.985072935903077, 40.787845541262676 ], [ -73.989490712619059, 40.791253038612581 ] ] ] } },
{ "type": "Feature", "properties": { "index": "882a100d57fffff" }, "geometry": { "type": "Polygon", "coordinates": [ [ [ -73.934080944396968, 40.74249643118894 ], [ -73.940460089093094, 40.741445476934189 ], [ -73.942429226946672, 40.736987369545822 ], [ -73.938020128602901, 40.733580548481164 ], [ -73.931642009894176, 40.734631283788659 ], [ -73.929671963654087, 40.739089059078204 ], [ -73.934080944396968, 40.74249643118894 ] ] ] } },
{ "type": "Feature", "properties": { "index": "882a1005adfffff" }, "geometry": { "type": "Polygon", "coordinates": [ [ [ -73.76161445294521, 40.70467423644434 ], [ -73.767991409506322, 40.703633245886948 ], [ -73.769975039589042, 40.699180473020768 ], [ -73.765582616011656, 40.695769025568623 ], [ -73.759206686408234, 40.696809800743374 ], [ -73.757222153537242, 40.701262238723466 ], [ -73.76161445294521, 40.70467423644434 ] ] ] } },
{ "type": "Feature", "properties": { "index": "882a103b19fffff" }, "geometry": { "type": "Polygon", "coordinates": [ [ [ -73.763885680285952, 40.646519301471201 ], [ -73.770254710673754, 40.645478791477139 ], [ -73.772235676810567, 40.641029181574623 ], [ -73.767848513282843, 40.637620416173519 ], [ -73.761480507279828, 40.638660710901462 ], [ -73.759498640532058, 40.643109986267255 ], [ -73.763885680285952, 40.646519301471201 ] ] ] } },
{ "type": "Feature", "properties": { "index": "882a10050bfffff" }, "geometry": { "type": "Polygon", "coordinates": [ [ [ -73.735367654541065, 40.750252735809958 ], [ -73.741751244668691, 40.749212728854168 ], [ -73.743739246625722, 40.744757947681592 ], [ -73.739344562476433, 40.741343509017753 ], [ -73.732962001697274, 40.742383300991392 ], [ -73.730973095832141, 40.74683774658164 ], [ -73.735367654541065, 40.750252735809958 ] ] ] } },
{ "type": "Feature", "properties": { "index": "882a107649fffff" }, "geometry": { "type": "Polygon", "coordinates": [ [ [ -73.898959991693943, 40.661521602372922 ], [ -73.905328756348595, 40.660473455620753 ], [ -73.907297777349498, 40.656020471382199 ], [ -73.902898938230393, 40.652615966147252 ], [ -73.896531196569043, 40.653663894886023 ], [ -73.894561271145363, 40.658116546843438 ], [ -73.898959991693943, 40.661521602372922 ] ] ] } },
{ "type": "Feature", "properties": { "index": "882a100a51fffff" }, "geometry": { "type": "Polygon", "coordinates": [ [ [ -73.901330801260841, 40.896827084804443 ], [ -73.907731527056384, 40.895776319933439 ], [ -73.909710216138521, 40.89131036279494 ], [ -73.905289093130193, 40.887895503977525 ], [ -73.898889400597128, 40.888946050119905 ], [ -73.896909797923456, 40.893411673778395 ], [ -73.901330801260841, 40.896827084804443 ] ] ] } },
{ "type": "Feature", "properties": { "index": "882a100f63fffff" }, "geometry": { "type": "Polygon", "coordinates": [ [ [ -73.910414650618748, 40.796009215353685 ], [ -73.916801480257618, 40.794959007350833 ], [ -73.918775074870211, 40.790498402455505 ], [ -73.91436274984865, 40.787088338324928 ], [ -73.907976948902203, 40.788138327702534 ], [ -73.906002444397686, 40.792598599806091 ], [ -73.910414650618748, 40.796009215353685 ] ] ] } },
{ "type": "Feature", "properties": { "index": "882a10750dfffff" }, "geometry": { "type": "Polygon", "coordinates": [ [ [ -74.057602577648552, 40.622909440811029 ], [ -74.063963351146327, 40.621852934693543 ], [ -74.06591597497814, 40.617399127408099 ], [ -74.06150873212664, 40.614002155533363 ], [ -74.055148977509035, 40.615058440580036 ], [ -74.053195446973703, 40.619511918542194 ], [ -74.057602577648552, 40.622909440811029 ] ] ] } },
{ "type": "Feature", "properties": { "index": "882a100f09fffff" }, "geometry": { "type": "Polygon", "coordinates": [ [ [ -73.888818027934278, 40.791286233945598 ], [ -73.895204587801373, 40.79023727556104 ], [ -73.897180001847104, 40.785777336424516 ], [ -73.892769765329007, 40.782366688784883 ], [ -73.886384234278552, 40.783415428990871 ], [ -73.884407911042402, 40.787875034985234 ], [ -73.888818027934278, 40.791286233945598 ] ] ] } },
{ "type": "Feature", "properties": { "index": "882a106225fffff" }, "geometry": { "type": "Polygon", "coordinates": [ [ [ -74.171175543231953, 40.632905133269595 ], [ -74.177535649858726, 40.631842241901559 ], [ -74.179478090775163, 40.627385784374759 ], [ -74.17506133494139, 40.623992545581039 ], [ -74.168702245861539, 40.625055213586279 ], [ -74.166758895179072, 40.62951134371761 ], [ -74.171175543231953, 40.632905133269595 ] ] ] } },
{ "type": "Feature", "properties": { "index": "882a1060a3fffff" }, "geometry": { "type": "Polygon", "coordinates": [ [ [ -74.198672692025539, 40.529200724513665 ], [ -74.205018297235057, 40.528137467128893 ], [ -74.206953899635153, 40.523686264511284 ], [ -74.20254480334124, 40.520298645625047 ], [ -74.196200210772886, 40.521361679408521 ], [ -74.194263701966975, 40.525812555649182 ], [ -74.198672692025539, 40.529200724513665 ] ] ] } },
{ "type": "Feature", "properties": { "index": "882a100015fffff" }, "geometry": { "type": "Polygon", "coordinates": [ [ [ -73.775101538729345, 40.847118953055045 ], [ -73.781497646087857, 40.846075734984382 ], [ -73.783486041804082, 40.841614886818988 ], [ -73.779079238885672, 40.838197592104905 ], [ -73.772684164530844, 40.839240594125492 ], [ -73.770694860204472, 40.843701106880637 ], [ -73.775101538729345, 40.847118953055045 ] ] ] } },
{ "type": "Feature", "properties": { "index": "882a10625dfffff" }, "geometry": { "type": "Polygon", "coordinates": [ [ [ -74.103147481474508, 40.640118754159275 ], [ -74.109509778194123, 40.639059542891978 ], [ -74.111458867440703, 40.634603939807661 ], [ -74.107046568521938, 40.631207876580419 ], [ -74.100685290722367, 40.63226686581865 ], [ -74.098735293032391, 40.636722140282977 ], [ -74.103147481474508, 40.640118754159275 ] ] ] } },
{ "type": "Feature", "properties": { "index": "882a100ac3fffff" }, "geometry": { "type": "Polygon", "coordinates": [ [ [ -73.897505777171133, 40.851916021959759 ], [ -73.903900443579332, 40.850865942035462 ], [ -73.905877597670084, 40.846402514359212 ], [ -73.901460997217711, 40.842989499887857 ], [ -73.895067362154265, 40.8440393612875 ], [ -73.893089296311715, 40.848502455653261 ], [ -73.897505777171133, 40.851916021959759 ] ] ] } },
{ "type": "Feature", "properties": { "index": "882a10728dfffff" }, "geometry": { "type": "Polygon", "coordinates": [ [ [ -74.016499120749486, 40.71648665791669 ], [ -74.022873296536901, 40.71543141283189 ], [ -74.024833650424853, 40.710973198021833 ], [ -74.020420737982363, 40.707570558795176 ], [ -74.014047585777433, 40.708625583358184 ], [ -74.012086322544249, 40.713083467639592 ], [ -74.016499120749486, 40.71648665791669 ] ] ] } },
{ "type": "Feature", "properties": { "index": "882a106055fffff" }, "geometry": { "type": "Polygon", "coordinates": [ [ [ -74.169585439398446, 40.595993348148255 ], [ -74.175940583478095, 40.594930952750019 ], [ -74.1778816490352, 40.590476571238291 ], [ -74.173468478924434, 40.587084912325935 ], [ -74.167114350820256, 40.588147084502324 ], [ -74.16517237696165, 40.592601138782591 ], [ -74.169585439398446, 40.595993348148255 ] ] ] } },
{ "type": "Feature", "properties": { "index": "882a106227fffff" }, "geometry": { "type": "Polygon", "coordinates": [ [ [ -74.168702245861539, 40.625055213586279 ], [ -74.17506133494139, 40.623992545581039 ], [ -74.177003682554187, 40.619536568541143 ], [ -74.172587850601829, 40.616143586873989 ], [ -74.166229778767843, 40.617206031588864 ], [ -74.164286521750839, 40.621661681230869 ], [ -74.168702245861539, 40.625055213586279 ] ] ] } },
{ "type": "Feature", "properties": { "index": "882a100883fffff" }, "geometry": { "type": "Polygon", "coordinates": [ [ [ -73.970334762702407, 40.794414626682894 ], [ -73.976720334229981, 40.793361107359438 ], [ -73.978688260470221, 40.788899465628489 ], [ -73.974271526560983, 40.785491674931805 ], [ -73.967886982733233, 40.786544974433163 ], [ -73.965918145227434, 40.791006284423297 ], [ -73.970334762702407, 40.794414626682894 ] ] ] } },
{ "type": "Feature", "properties": { "index": "882a100f3bfffff" }, "geometry": { "type": "Polygon", "coordinates": [ [ [ -73.900668774380037, 40.764530091340376 ], [ -73.907051491093597, 40.763480757411095 ], [ -73.909024673449409, 40.75902206533258 ], [ -73.904616047643216, 40.755613039948805 ], [ -73.898234358392926, 40.756662155537683 ], [ -73.89626026759818, 40.761120514820945 ], [ -73.900668774380037, 40.764530091340376 ] ] ] } },
{ "type": "Feature", "properties": { "index": "882a100f15fffff" }, "geometry": { "type": "Polygon", "coordinates": [ [ [ -73.89231097044069, 40.770037857105415 ], [ -73.898694580083458, 40.768988928952439 ], [ -73.900668774380037, 40.764530091340376 ], [ -73.89626026759818, 40.761120514820945 ], [ -73.889877685787738, 40.762169224785474 ], [ -73.887902583039548, 40.766627729428059 ], [ -73.89231097044069, 40.770037857105415 ] ] ] } },
{ "type": "Feature", "properties": { "index": "882a10600dfffff" }, "geometry": { "type": "Polygon", "coordinates": [ [ [ -74.191125065325139, 40.600651476793608 ], [ -74.197480452382976, 40.599587840877071 ], [ -74.199419700309306, 40.595132805430069 ], [ -74.195004470274668, 40.591741732748851 ], [ -74.188650099056886, 40.592805145001343 ], [ -74.186709942143906, 40.597259853568708 ], [ -74.191125065325139, 40.600651476793608 ] ] ] } },
{ "type": "Feature", "properties": { "index": "882a100ca1fffff" }, "geometry": { "type": "Polygon", "coordinates": [ [ [ -73.893048795075487, 40.674881623023289 ], [ -73.899419472367867, 40.673833661614211 ], [ -73.901389603957497, 40.669380050792036 ], [ -73.896989963162696, 40.665974733803431 ], [ -73.890620309535578, 40.667022477279374 ], [ -73.888649273149994, 40.671475755647343 ], [ -73.893048795075487, 40.674881623023289 ] ] ] } },
{ "type": "Feature", "properties": { "index": "882a10729dfffff" }, "geometry": { "type": "Polygon", "coordinates": [ [ [ -74.000813926537106, 40.698416755763809 ], [ -74.0071859257976, 40.697362574194081 ], [ -74.009146990295577, 40.692905648430887 ], [ -74.004736963917878, 40.689503234914326 ], [ -73.998365987694953, 40.690557196327987 ], [ -73.996404014923868, 40.695013791384248 ], [ -74.000813926537106, 40.698416755763809 ] ] ] } },
{ "type": "Feature", "properties": { "index": "882a10752bfffff" }, "geometry": { "type": "Polygon", "coordinates": [ [ [ -74.074227476397084, 40.611888565855971 ], [ -74.080586465767254, 40.610831261322325 ], [ -74.08253708220424, 40.606377756684374 ], [ -74.078129616052934, 40.602981885526212 ], [ -74.071771644828274, 40.6040389686898 ], [ -74.069820121720198, 40.60849214435148 ], [ -74.074227476397084, 40.611888565855971 ] ] ] } },
{ "type": "Feature", "properties": { "index": "882a100e05fffff" }, "geometry": { "type": "Polygon", "coordinates": [ [ [ -73.832423108778585, 40.77159216242913 ], [ -73.838807957008996, 40.770546543447665 ], [ -73.840787807965683, 40.766088749856294 ], [ -73.836383717877339, 40.762676909233321 ], [ -73.829999898461537, 40.763722311223653 ], [ -73.828019140432374, 40.768179770798426 ], [ -73.832423108778585, 40.77159216242913 ] ] ] } },
{ "type": "Feature", "properties": { "index": "882a107213fffff" }, "geometry": { "type": "Polygon", "coordinates": [ [ [ -74.013065987224564, 40.737725624913224 ], [ -74.01944310624387, 40.736670341488143 ], [ -74.021404667194048, 40.73221102004463 ], [ -74.016990019323032, 40.728807312695771 ], [ -74.010613924865353, 40.729862375606345 ], [ -74.008651453828989, 40.73432136635023 ], [ -74.013065987224564, 40.737725624913224 ] ] ] } },
{ "type": "Feature", "properties": { "index": "882a10740dfffff" }, "geometry": { "type": "Polygon", "coordinates": [ [ [ -73.982252554165029, 40.606498856259009 ], [ -73.98861242747212, 40.605446691962214 ], [ -73.990571390983675, 40.600995193612405 ], [ -73.986171385586914, 40.597596190076004 ], [ -73.979812531608971, 40.598648134852638 ], [ -73.977852663809784, 40.603099302655977 ], [ -73.982252554165029, 40.606498856259009 ] ] ] } },
{ "type": "Feature", "properties": { "index": "882a10772bfffff" }, "geometry": { "type": "Polygon", "coordinates": [ [ [ -74.016007141896353, 40.650457267036273 ], [ -74.022372375247727, 40.649402761805078 ], [ -74.024330023254564, 40.644948202330717 ], [ -74.019923344802876, 40.64154847824873 ], [ -74.013559132169092, 40.642602763158997 ], [ -74.01160057738069, 40.647056992442181 ], [ -74.016007141896353, 40.650457267036273 ] ] ] } },
{ "type": "Feature", "properties": { "index": "882a10764bfffff" }, "geometry": { "type": "Polygon", "coordinates": [ [ [ -73.896531196569043, 40.653663894886023 ], [ -73.902898938230393, 40.652615966147252 ], [ -73.904867856434919, 40.648163461462545 ], [ -73.900469937152394, 40.644759217768573 ], [ -73.894103218179353, 40.645806928564888 ], [ -73.892133395912381, 40.650259100967908 ], [ -73.896531196569043, 40.653663894886023 ] ] ] } },
{ "type": "Feature", "properties": { "index": "882a103a25fffff" }, "geometry": { "type": "Polygon", "coordinates": [ [ [ -73.753129750358553, 40.644149875945466 ], [ -73.759498640532058, 40.643109986267255 ], [ -73.761480507279828, 40.638660710901462 ], [ -73.75709438422804, 40.635251659894095 ], [ -73.750726518497615, 40.636291334528387 ], [ -73.748743751488234, 40.64074027518464 ], [ -73.753129750358553, 40.644149875945466 ] ] ] } },
{ "type": "Feature", "properties": { "index": "882a10386bfffff" }, "geometry": { "type": "Polygon", "coordinates": [ [ [ -73.775769718572093, 40.619825143353538 ], [ -73.782134932785397, 40.618784254854042 ], [ -73.784113669737494, 40.61433589445577 ], [ -73.779728092462193, 40.610928756716916 ], [ -73.773363901292342, 40.611969429786718 ], [ -73.771384264466406, 40.616417455995709 ], [ -73.775769718572093, 40.619825143353538 ] ] ] } },
{ "type": "Feature", "properties": { "index": "882a100c3dfffff" }, "geometry": { "type": "Polygon", "coordinates": [ [ [ -73.896855142933518, 40.719693258063344 ], [ -73.90323183428292, 40.718644610385574 ], [ -73.905203490149674, 40.714188457377396 ], [ -73.900799361394064, 40.710781284642195 ], [ -73.894423695606292, 40.711829714183352 ], [ -73.892451133124823, 40.716285534566559 ], [ -73.896855142933518, 40.719693258063344 ] ] ] } },
{ "type": "Feature", "properties": { "index": "882a107705fffff" }, "geometry": { "type": "Polygon", "coordinates": [ [ [ -74.00768236283858, 40.655966080411034 ], [ -74.014048488079268, 40.65491197618811 ], [ -74.016007141896353, 40.650457267036273 ], [ -74.01160057738069, 40.647056992442181 ], [ -74.005235473225156, 40.648110876494471 ], [ -74.003275912611485, 40.652565255281502 ], [ -74.00768236283858, 40.655966080411034 ] ] ] } },
{ "type": "Feature", "properties": { "index": "882a10390bfffff" }, "geometry": { "type": "Polygon", "coordinates": [ [ [ -73.835463528407232, 40.618299378552379 ], [ -73.841827525183845, 40.617255203711181 ], [ -73.843800646143151, 40.612805801327006 ], [ -73.839410671682899, 40.609400906905236 ], [ -73.833047696983343, 40.610444865125999 ], [ -73.831073674778821, 40.614893934359479 ], [ -73.835463528407232, 40.618299378552379 ] ] ] } },
{ "type": "Feature", "properties": { "index": "882a107697fffff" }, "geometry": { "type": "Polygon", "coordinates": [ [ [ -73.897258681362146, 40.558646492510988 ], [ -73.903613554809084, 40.557599536818195 ], [ -73.905578431940341, 40.55315227788072 ], [ -73.901189336169026, 40.549752306372447 ], [ -73.894835481274498, 40.550799044378934 ], [ -73.892869703710033, 40.555245971550406 ], [ -73.897258681362146, 40.558646492510988 ] ] ] } },
{ "type": "Feature", "properties": { "index": "882a10394dfffff" }, "geometry": { "type": "Polygon", "coordinates": [ [ [ -73.834373503918911, 40.64736278508164 ], [ -73.840741455378421, 40.646318363706683 ], [ -73.84271589769628, 40.641867375763979 ], [ -73.838323291000918, 40.638461142490677 ], [ -73.831956362899533, 40.639505347185036 ], [ -73.829981018247423, 40.643956001803737 ], [ -73.834373503918911, 40.64736278508164 ] ] ] } },
{ "type": "Feature", "properties": { "index": "882a100d67fffff" }, "geometry": { "type": "Polygon", "coordinates": [ [ [ -73.979692217253685, 40.759781489005114 ], [ -73.986072916605409, 40.758727820035865 ], [ -73.988038517858129, 40.754267907355903 ], [ -73.983624330016909, 40.750861995011526 ], [ -73.977244656705594, 40.751915444070619 ], [ -73.975278145307357, 40.756375025354231 ], [ -73.979692217253685, 40.759781489005114 ] ] ] } },
{ "type": "Feature", "properties": { "index": "882a100e8bfffff" }, "geometry": { "type": "Polygon", "coordinates": [ [ [ -73.793928900978003, 40.711783668382708 ], [ -73.800306276773355, 40.710740811537327 ], [ -73.802287196388079, 40.706287035053734 ], [ -73.797891644159876, 40.702876449751564 ], [ -73.791515295145274, 40.703919090546016 ], [ -73.789533471690774, 40.708372532664043 ], [ -73.793928900978003, 40.711783668382708 ] ] ] } },
{ "type": "Feature", "properties": { "index": "882a100547fffff" }, "geometry": { "type": "Polygon", "coordinates": [ [ [ -73.740181394858297, 40.76599382877648 ], [ -73.746567044609549, 40.764953391645868 ], [ -73.748555264097831, 40.760497654384992 ], [ -73.744158738578989, 40.757082689808385 ], [ -73.73777411879405, 40.758122911816479 ], [ -73.73578499467493, 40.762578313494281 ], [ -73.740181394858297, 40.76599382877648 ] ] ] } },
{ "type": "Feature", "properties": { "index": "882a1070bbfffff" }, "geometry": { "type": "Polygon", "coordinates": [ [ [ -74.075743089099291, 40.64880771503767 ], [ -74.082107047620781, 40.647749923972768 ], [ -74.084059054525468, 40.643294346990395 ], [ -74.079648011151818, 40.639896890185646 ], [ -74.073285072352661, 40.640954459742417 ], [ -74.071332157315879, 40.645409707581905 ], [ -74.075743089099291, 40.64880771503767 ] ] ] } },
{ "type": "Feature", "properties": { "index": "882a1005e3fffff" }, "geometry": { "type": "Polygon", "coordinates": [ [ [ -73.742482091772843, 40.707795150826428 ], [ -73.748859793934983, 40.706755188961495 ], [ -73.750845337637656, 40.702302607381689 ], [ -73.746454081738008, 40.698890322870525 ], [ -73.740077406958065, 40.699930069728175 ], [ -73.738090960808435, 40.704382316074941 ], [ -73.742482091772843, 40.707795150826428 ] ] ] } },
{ "type": "Feature", "properties": { "index": "882a1001abfffff" }, "geometry": { "type": "Polygon", "coordinates": [ [ [ -73.857781137819131, 40.821193526322688 ], [ -73.864172302532438, 40.820145978516393 ], [ -73.866151876344404, 40.815684983814265 ], [ -73.861741195159041, 40.812271870727663 ], [ -73.855351061049561, 40.813319200894057 ], [ -73.85337057763482, 40.817779861757224 ], [ -73.857781137819131, 40.821193526322688 ] ] ] } },
{ "type": "Feature", "properties": { "index": "882a10055bfffff" }, "geometry": { "type": "Polygon", "coordinates": [ [ [ -73.705437814832692, 40.750993219340089 ], [ -73.711822007149053, 40.749954866899031 ], [ -73.713812829646486, 40.745500614909822 ], [ -73.709420363153356, 40.742085051435325 ], [ -73.703037200667922, 40.743123189493865 ], [ -73.701045474957994, 40.74757710538011 ], [ -73.705437814832692, 40.750993219340089 ] ] ] } },
{ "type": "Feature", "properties": { "index": "882a100c0dfffff" }, "geometry": { "type": "Polygon", "coordinates": [ [ [ -73.882582751157656, 40.738567760014824 ], [ -73.888962251313686, 40.737519704189097 ], [ -73.890936031306325, 40.733062780386113 ], [ -73.886531218257034, 40.729654245351334 ], [ -73.880152744705342, 40.73070208327286 ], [ -73.878178057711082, 40.73515867410363 ], [ -73.882582751157656, 40.738567760014824 ] ] ] } },
{ "type": "Feature", "properties": { "index": "882a100a53fffff" }, "geometry": { "type": "Polygon", "coordinates": [ [ [ -73.898889400597128, 40.888946050119905 ], [ -73.905289093130193, 40.887895503977525 ], [ -73.907267678463953, 40.883430023758947 ], [ -73.902847484603868, 40.880015423133962 ], [ -73.896448825023697, 40.881065750619108 ], [ -73.894469326464218, 40.885530897356553 ], [ -73.898889400597128, 40.888946050119905 ] ] ] } },
{ "type": "Feature", "properties": { "index": "882a1076adfffff" }, "geometry": { "type": "Polygon", "coordinates": [ [ [ -73.936788748470448, 40.589250815291521 ], [ -73.943147077729449, 40.588201348575211 ], [ -73.945109555185297, 40.58375165381684 ], [ -73.940714606039236, 40.58035175698889 ], [ -73.934357296057101, 40.581401005142183 ], [ -73.932393916055389, 40.585850368656693 ], [ -73.936788748470448, 40.589250815291521 ] ] ] } },
{ "type": "Feature", "properties": { "index": "882a106e47fffff" }, "geometry": { "type": "Polygon", "coordinates": [ [ [ -74.223510642737139, 40.512656627538462 ], [ -74.229853570471846, 40.511592187045359 ], [ -74.231786178833445, 40.507141451622005 ], [ -74.227376765917967, 40.503755482519097 ], [ -74.221034849724759, 40.504819698967431 ], [ -74.219101335014997, 40.509270108533045 ], [ -74.223510642737139, 40.512656627538462 ] ] ] } },
{ "type": "Feature", "properties": { "index": "882a103b63fffff" }, "geometry": { "type": "Polygon", "coordinates": [ [ [ -73.800984983983724, 40.669341838276331 ], [ -73.80735648160946, 40.668299034669232 ], [ -73.809334956273233, 40.663847463651408 ], [ -73.804942835801299, 40.660439030229078 ], [ -73.798572362996438, 40.661481617762618 ], [ -73.796592985954959, 40.665932854762595 ], [ -73.800984983983724, 40.669341838276331 ] ] ] } },
{ "type": "Feature", "properties": { "index": "882a1000b1fffff" }, "geometry": { "type": "Polygon", "coordinates": [ [ [ -73.777362951362377, 40.78885980013073 ], [ -73.783751084776711, 40.787817060075362 ], [ -73.785736803431249, 40.783359361347593 ], [ -73.781335295196413, 40.779944737707467 ], [ -73.774948192190053, 40.780987261829395 ], [ -73.772961567123829, 40.785444625495366 ], [ -73.777362951362377, 40.78885980013073 ] ] ] } },
{ "type": "Feature", "properties": { "index": "882a103b05fffff" }, "geometry": { "type": "Polygon", "coordinates": [ [ [ -73.798572362996438, 40.661481617762618 ], [ -73.804942835801299, 40.660439030229078 ], [ -73.806921204261329, 40.65598793844228 ], [ -73.802530002046765, 40.652579768177304 ], [ -73.796160553756465, 40.653622139707693 ], [ -73.794181283278434, 40.658072897476757 ], [ -73.798572362996438, 40.661481617762618 ] ] ] } },
{ "type": "Feature", "properties": { "index": "882a100a95fffff" }, "geometry": { "type": "Polygon", "coordinates": [ [ [ -73.909366961597669, 40.825138942651336 ], [ -73.915757774678525, 40.824088485186202 ], [ -73.917732692096664, 40.819626301585302 ], [ -73.913317707543797, 40.816214908382918 ], [ -73.906927924449093, 40.817265147161137 ], [ -73.90495209603408, 40.821726997798756 ], [ -73.909366961597669, 40.825138942651336 ] ] ] } },
{ "type": "Feature", "properties": { "index": "882a107711fffff" }, "geometry": { "type": "Polygon", "coordinates": [ [ [ -73.981253450547612, 40.63556097648538 ], [ -73.987617274025183, 40.634508554160696 ], [ -73.989577541536974, 40.630055465736895 ], [ -73.985174891065114, 40.626655130324714 ], [ -73.978812088192967, 40.627707333065402 ], [ -73.976850915298598, 40.632160090772402 ], [ -73.981253450547612, 40.63556097648538 ] ] ] } },
{ "type": "Feature", "properties": { "index": "882a100ce5fffff" }, "geometry": { "type": "Polygon", "coordinates": [ [ [ -73.889563256487065, 40.696104845877279 ], [ -73.895936872069868, 40.695056852396341 ], [ -73.89790821841774, 40.690602136340701 ], [ -73.893506854825276, 40.687195746363074 ], [ -73.887134263886054, 40.68824352192037 ], [ -73.885162012007882, 40.69269790534922 ], [ -73.889563256487065, 40.696104845877279 ] ] ] } },
{ "type": "Feature", "properties": { "index": "882a103951fffff" }, "geometry": { "type": "Polygon", "coordinates": [ [ [ -73.816370041370575, 40.621429856797967 ], [ -73.822734786358211, 40.620386705143332 ], [ -73.824709814919359, 40.615937489435161 ], [ -73.820320999513172, 40.612531758849322 ], [ -73.813957277027214, 40.613574694256833 ], [ -73.811981347557719, 40.618023576467813 ], [ -73.816370041370575, 40.621429856797967 ] ] ] } },
{ "type": "Feature", "properties": { "index": "882a106195fffff" }, "geometry": { "type": "Polygon", "coordinates": [ [ [ -74.24170205991193, 40.538493736126611 ], [ -74.248048142791433, 40.537428004320063 ], [ -74.249980116161581, 40.532975497951497 ], [ -74.245566914530073, 40.529589049033049 ], [ -74.239221844018402, 40.530654556356502 ], [ -74.237288962879987, 40.535106737051052 ], [ -74.24170205991193, 40.538493736126611 ] ] ] } },
{ "type": "Feature", "properties": { "index": "882a107721fffff" }, "geometry": { "type": "Polygon", "coordinates": [ [ [ -74.026779975691696, 40.652802745363104 ], [ -74.033145337779573, 40.651747618857861 ], [ -74.035102078658966, 40.6472927293674 ], [ -74.030694364689197, 40.643893296368283 ], [ -74.024330023254564, 40.644948202330717 ], [ -74.022372375247727, 40.649402761805078 ], [ -74.026779975691696, 40.652802745363104 ] ] ] } },
{ "type": "Feature", "properties": { "index": "882a1001c5fffff" }, "geometry": { "type": "Polygon", "coordinates": [ [ [ -73.835084954681818, 40.845594714239859 ], [ -73.841479832880964, 40.844548173726764 ], [ -73.843462558019013, 40.840086271203901 ], [ -73.839051315073036, 40.836671243526268 ], [ -73.832657468897125, 40.837717566786942 ], [ -73.83067383375743, 40.842179134947934 ], [ -73.835084954681818, 40.845594714239859 ] ] ] } },
{ "type": "Feature", "properties": { "index": "882a100d1dfffff" }, "geometry": { "type": "Polygon", "coordinates": [ [ [ -73.942429226946672, 40.736987369545822 ], [ -73.948807478564277, 40.735936010904496 ], [ -73.950775606107428, 40.731478050327134 ], [ -73.946366390518122, 40.72807178028593 ], [ -73.939989164519005, 40.729122919828548 ], [ -73.938020128602901, 40.733580548481164 ], [ -73.942429226946672, 40.736987369545822 ] ] ] } },
{ "type": "Feature", "properties": { "index": "882a107615fffff" }, "geometry": { "type": "Polygon", "coordinates": [ [ [ -73.916673601044621, 40.621452824825191 ], [ -73.923036633834059, 40.620404125091291 ], [ -73.925002328447007, 40.615953023584204 ], [ -73.920605893686215, 40.612550953543725 ], [ -73.914243881877709, 40.613599435024241 ], [ -73.912277283960591, 40.618050204768892 ], [ -73.916673601044621, 40.621452824825191 ] ] ] } },
{ "type": "Feature", "properties": { "index": "882a1060bdfffff" }, "geometry": { "type": "Polygon", "coordinates": [ [ [ -74.187918217319421, 40.526875194658935 ], [ -74.194263701966975, 40.525812555649182 ], [ -74.196200210772886, 40.521361679408521 ], [ -74.191792141105992, 40.517973768699619 ], [ -74.185447669167303, 40.519036184328506 ], [ -74.18351025429638, 40.523486734016814 ], [ -74.187918217319421, 40.526875194658935 ] ] ] } },
{ "type": "Feature", "properties": { "index": "882a100159fffff" }, "geometry": { "type": "Polygon", "coordinates": [ [ [ -73.817217803926624, 40.885760557097619 ], [ -73.823618465675466, 40.884714593293801 ], [ -73.825604560220327, 40.88025083207387 ], [ -73.82119090425914, 40.876833369512347 ], [ -73.814791276575335, 40.877879116310694 ], [ -73.812804270901495, 40.882342542646292 ], [ -73.817217803926624, 40.885760557097619 ] ] ] } },
{ "type": "Feature", "properties": { "index": "882a1005a9fffff" }, "geometry": { "type": "Polygon", "coordinates": [ [ [ -73.750845337637656, 40.702302607381689 ], [ -73.757222153537242, 40.701262238723466 ], [ -73.759206686408234, 40.696809800743374 ], [ -73.754815305930023, 40.693398066451458 ], [ -73.748439517046592, 40.69443821994976 ], [ -73.746454081738008, 40.698890322870525 ], [ -73.750845337637656, 40.702302607381689 ] ] ] } },
{ "type": "Feature", "properties": { "index": "882a107455fffff" }, "geometry": { "type": "Polygon", "coordinates": [ [ [ -73.960734453372226, 40.601801928990533 ], [ -73.967094065360016, 40.600751004358031 ], [ -73.969054837101368, 40.596300167275544 ], [ -73.964656900562616, 40.592900585690764 ], [ -73.958298308029967, 40.59395129124615 ], [ -73.956336632692114, 40.598401797433581 ], [ -73.960734453372226, 40.601801928990533 ] ] ] } },
{ "type": "Feature", "properties": { "index": "882a1001b1fffff" }, "geometry": { "type": "Polygon", "coordinates": [ [ [ -73.852921804363135, 40.805445613239684 ], [ -73.859310908177392, 40.804398500642222 ], [ -73.861290272092035, 40.799938461365521 ], [ -73.856881441181073, 40.796525868496715 ], [ -73.850493367353522, 40.797572763596207 ], [ -73.848513094563316, 40.802032469032753 ], [ -73.852921804363135, 40.805445613239684 ] ] ] } },
{ "type": "Feature", "properties": { "index": "882a107297fffff" }, "geometry": { "type": "Polygon", "coordinates": [ [ [ -74.006697928971306, 40.685046788533 ], [ -74.013068012255943, 40.683992425105146 ], [ -74.01502796991744, 40.67953612765298 ], [ -74.010618752302094, 40.676134524133175 ], [ -74.004249691382256, 40.677188667325979 ], [ -74.002288825824564, 40.681644634243675 ], [ -74.006697928971306, 40.685046788533 ] ] ] } },
{ "type": "Feature", "properties": { "index": "882a100c51fffff" }, "geometry": { "type": "Polygon", "coordinates": [ [ [ -73.850234113432279, 40.731480061216978 ], [ -73.856613205560137, 40.730433874695265 ], [ -73.858589705508152, 40.725977950332485 ], [ -73.854188019392822, 40.722568545957266 ], [ -73.847809954052636, 40.723614515243383 ], [ -73.845832548152671, 40.728070106110629 ], [ -73.850234113432279, 40.731480061216978 ] ] ] } },
{ "type": "Feature", "properties": { "index": "882a1076c1fffff" }, "geometry": { "type": "Polygon", "coordinates": [ [ [ -73.89030547365293, 40.601036974803407 ], [ -73.896666197314104, 40.599989950713798 ], [ -73.89863349267641, 40.595540473065839 ], [ -73.89424096638129, 40.592138351588765 ], [ -73.887881263215959, 40.593185158010151 ], [ -73.885913065961404, 40.597634303547203 ], [ -73.89030547365293, 40.601036974803407 ] ] ] } },
{ "type": "Feature", "properties": { "index": "882a100503fffff" }, "geometry": { "type": "Polygon", "coordinates": [ [ [ -73.743739246625722, 40.744757947681592 ], [ -73.750121949092161, 40.743717532767199 ], [ -73.752108938314635, 40.739262894353445 ], [ -73.747714129082695, 40.735849006233174 ], [ -73.741332455597799, 40.736889206012442 ], [ -73.739344562476433, 40.741343509017753 ], [ -73.743739246625722, 40.744757947681592 ] ] ] } },
{ "type": "Feature", "properties": { "index": "882a10754bfffff" }, "geometry": { "type": "Polygon", "coordinates": [ [ [ -74.030200759288036, 40.631585783716815 ], [ -74.036563188796279, 40.630530697921365 ], [ -74.038518728058193, 40.626076918670876 ], [ -74.034112744312964, 40.622678555031172 ], [ -74.027751334484293, 40.623733420277119 ], [ -74.025794888832422, 40.628186869682231 ], [ -74.030200759288036, 40.631585783716815 ] ] ] } },
{ "type": "Feature", "properties": { "index": "882a10012bfffff" }, "geometry": { "type": "Polygon", "coordinates": [ [ [ -73.874814671721396, 40.876334442088101 ], [ -73.881213059313453, 40.875285368812271 ], [ -73.883193366216162, 40.870821032737446 ], [ -73.87877619779475, 40.867406103742312 ], [ -73.872378842970392, 40.86845495888052 ], [ -73.870397623913277, 40.872918961121634 ], [ -73.874814671721396, 40.876334442088101 ] ] ] } },
{ "type": "Feature", "properties": { "index": "882a106e61fffff" }, "geometry": { "type": "Polygon", "coordinates": [ [ [ -74.245018309548911, 40.517299289673566 ], [ -74.251361474698768, 40.516233612924182 ], [ -74.253292269344016, 40.511782226312462 ], [ -74.248880805976981, 40.508396841926007 ], [ -74.242538652231474, 40.509462294190079 ], [ -74.240606950558075, 40.513913355295486 ], [ -74.245018309548911, 40.517299289673566 ] ] ] } },
{ "type": "Feature", "properties": { "index": "882a100d8bfffff" }, "geometry": { "type": "Polygon", "coordinates": [ [ [ -73.927801169756933, 40.689811755057235 ], [ -73.934173272249964, 40.688761709938717 ], [ -73.936140789289112, 40.684306623491764 ], [ -73.931737110148546, 40.680901914063838 ], [ -73.925366031440319, 40.681951740511217 ], [ -73.923397608199835, 40.686406495027832 ], [ -73.927801169756933, 40.689811755057235 ] ] ] } },
{ "type": "Feature", "properties": { "index": "882a103b31fffff" }, "geometry": { "type": "Polygon", "coordinates": [ [ [ -73.802096135854697, 40.640271115665641 ], [ -73.808463674539809, 40.639228555666996 ], [ -73.810440822815011, 40.634778568216454 ], [ -73.806051333805954, 40.631371474579041 ], [ -73.799684818657994, 40.632413818563421 ], [ -73.797706769094063, 40.636863472170013 ], [ -73.802096135854697, 40.640271115665641 ] ] ] } },
{ "type": "Feature", "properties": { "index": "882a107751fffff" }, "geometry": { "type": "Polygon", "coordinates": [ [ [ -73.967039520173628, 40.654427023714746 ], [ -73.973406145938611, 40.653375184787663 ], [ -73.975368525285987, 40.648921318352087 ], [ -73.970965184751662, 40.645519621876502 ], [ -73.964599580629937, 40.646571241449223 ], [ -73.962636295510819, 40.651024776821991 ], [ -73.967039520173628, 40.654427023714746 ] ] ] } },
{ "type": "Feature", "properties": { "index": "882a1001bdfffff" }, "geometry": { "type": "Polygon", "coordinates": [ [ [ -73.855351061049561, 40.813319200894057 ], [ -73.861741195159041, 40.812271870727663 ], [ -73.863720664046838, 40.80781135369682 ], [ -73.859310908177392, 40.804398500642222 ], [ -73.852921804363135, 40.805445613239684 ], [ -73.850941426236261, 40.809905796430954 ], [ -73.855351061049561, 40.813319200894057 ] ] ] } },
{ "type": "Feature", "properties": { "index": "882a100e47fffff" }, "geometry": { "type": "Polygon", "coordinates": [ [ [ -73.815687997505989, 40.78259819790798 ], [ -73.822074628175145, 40.781553393430535 ], [ -73.824056505389805, 40.777095311957758 ], [ -73.81965265914306, 40.773682369297681 ], [ -73.813267058025573, 40.774726957089115 ], [ -73.811284273716268, 40.779184704197021 ], [ -73.815687997505989, 40.78259819790798 ] ] ] } },
{ "type": "Feature", "properties": { "index": "882a1076c9fffff" }, "geometry": { "type": "Polygon", "coordinates": [ [ [ -73.881975563156644, 40.606533222608682 ], [ -73.88833717325862, 40.605486600461397 ], [ -73.89030547365293, 40.601036974803407 ], [ -73.885913065961404, 40.597634303547203 ], [ -73.879552476720406, 40.598680708177135 ], [ -73.877583274421525, 40.60313000155098 ], [ -73.881975563156644, 40.606533222608682 ] ] ] } },
{ "type": "Feature", "properties": { "index": "882a100ac9fffff" }, "geometry": { "type": "Polygon", "coordinates": [ [ [ -73.891570147510564, 40.865307358122955 ], [ -73.897966742113184, 40.864257467738291 ], [ -73.899945015901821, 40.859793418781109 ], [ -73.895527607330663, 40.856379593662879 ], [ -73.889132044752969, 40.857429265604289 ], [ -73.887152858834881, 40.861892981077276 ], [ -73.891570147510564, 40.865307358122955 ] ] ] } },
{ "type": "Feature", "properties": { "index": "882a100c59fffff" }, "geometry": { "type": "Polygon", "coordinates": [ [ [ -73.841876620080626, 40.73698191136063 ], [ -73.848256602434333, 40.735936130661898 ], [ -73.850234113432279, 40.731480061216978 ], [ -73.845832548152671, 40.728070106110629 ], [ -73.839453592954442, 40.729115669725857 ], [ -73.837475175992978, 40.733571405501273 ], [ -73.841876620080626, 40.73698191136063 ] ] ] } },
{ "type": "Feature", "properties": { "index": "882a100ea1fffff" }, "geometry": { "type": "Polygon", "coordinates": [ [ [ -73.834609987170126, 40.713385407119588 ], [ -73.840986888978847, 40.712340277459163 ], [ -73.842964084537485, 40.707885643993066 ], [ -73.838565283279124, 40.704476473828066 ], [ -73.832189407704732, 40.70552138661715 ], [ -73.830211307266879, 40.70997568641296 ], [ -73.834609987170126, 40.713385407119588 ] ] ] } },
{ "type": "Feature", "properties": { "index": "882a1005a5fffff" }, "geometry": { "type": "Polygon", "coordinates": [ [ [ -73.769975039589042, 40.699180473020768 ], [ -73.776351109454467, 40.698139076071115 ], [ -73.77833372903828, 40.693686447233922 ], [ -73.773941181647871, 40.690275550029334 ], [ -73.767566138373979, 40.691316731443855 ], [ -73.765582616011656, 40.695769025568623 ], [ -73.769975039589042, 40.699180473020768 ] ] ] } },
{ "type": "Feature", "properties": { "index": "882a1008c1fffff" }, "geometry": { "type": "Polygon", "coordinates": [ [ [ -73.95851555835975, 40.821188476055049 ], [ -73.964904979793999, 40.820135328400262 ], [ -73.966875134248994, 40.81567243818953 ], [ -73.96245677940513, 40.812263027690662 ], [ -73.956068387026377, 40.813315955683706 ], [ -73.954097320548769, 40.817778513807347 ], [ -73.95851555835975, 40.821188476055049 ] ] ] } },
{ "type": "Feature", "properties": { "index": "882a100063fffff" }, "geometry": { "type": "Polygon", "coordinates": [ [ [ -73.793168278124611, 40.873132928762374 ], [ -73.799567626637369, 40.872088435498739 ], [ -73.801555435734116, 40.867625821066468 ], [ -73.797144806488262, 40.864208035103118 ], [ -73.790746491850584, 40.865252311880603 ], [ -73.788757772697537, 40.869714591077965 ], [ -73.793168278124611, 40.873132928762374 ] ] ] } },
{ "type": "Feature", "properties": { "index": "882a100a91fffff" }, "geometry": { "type": "Polygon", "coordinates": [ [ [ -73.898561417821497, 40.822776829609275 ], [ -73.90495209603408, 40.821726997798756 ], [ -73.906927924449093, 40.817265147161137 ], [ -73.902513985410025, 40.813853461442939 ], [ -73.896124337245894, 40.814903074790159 ], [ -73.894147598185398, 40.819364592289041 ], [ -73.898561417821497, 40.822776829609275 ] ] ] } },
{ "type": "Feature", "properties": { "index": "882a10391bfffff" }, "geometry": { "type": "Polygon", "coordinates": [ [ [ -73.819882841487768, 40.600229299875274 ], [ -73.826244657378481, 40.599186177526299 ], [ -73.828218469238905, 40.594738068132607 ], [ -73.823831365500652, 40.59133341438212 ], [ -73.817470571136951, 40.592376320473335 ], [ -73.815495859096259, 40.596824096543322 ], [ -73.819882841487768, 40.600229299875274 ] ] ] } },
{ "type": "Feature", "properties": { "index": "882a100e87fffff" }, "geometry": { "type": "Polygon", "coordinates": [ [ [ -73.813060279184882, 40.708654069565014 ], [ -73.819436905514408, 40.707610184533308 ], [ -73.821415910481605, 40.703156218581739 ], [ -73.817019193411198, 40.699746471650393 ], [ -73.810643593436097, 40.700790140256146 ], [ -73.808663684289527, 40.705243772189668 ], [ -73.813060279184882, 40.708654069565014 ] ] ] } },
{ "type": "Feature", "properties": { "index": "882a100dc3fffff" }, "geometry": { "type": "Polygon", "coordinates": [ [ [ -73.921894482260299, 40.703178082506184 ], [ -73.928268500079696, 40.702128222275014 ], [ -73.930237127745073, 40.697672509385683 ], [ -73.925832644279097, 40.694266988801033 ], [ -73.919459650917645, 40.695316630441155 ], [ -73.917490116676277, 40.69977201122714 ], [ -73.921894482260299, 40.703178082506184 ] ] ] } },
{ "type": "Feature", "properties": { "index": "882a1062a5fffff" }, "geometry": { "type": "Polygon", "coordinates": [ [ [ -74.153879883150609, 40.577971195108049 ], [ -74.160232873266963, 40.576909865758743 ], [ -74.162174659925697, 40.572456773344335 ], [ -74.157764363815602, 40.569065337660639 ], [ -74.151412389141285, 40.570126444153843 ], [ -74.149469695245244, 40.574579209156546 ], [ -74.153879883150609, 40.577971195108049 ] ] ] } },
{ "type": "Feature", "properties": { "index": "882a100f49fffff" }, "geometry": { "type": "Polygon", "coordinates": [ [ [ -73.874520706470804, 40.81017617768785 ], [ -73.880910083385132, 40.80912781491061 ], [ -73.882887628493918, 40.804667108478597 ], [ -73.878476706380084, 40.801255098284194 ], [ -73.872088359329794, 40.802303243116448 ], [ -73.870109904642334, 40.806763616058312 ], [ -73.874520706470804, 40.81017617768785 ] ] ] } },
{ "type": "Feature", "properties": { "index": "882a100c69fffff" }, "geometry": { "type": "Polygon", "coordinates": [ [ [ -73.887445221293433, 40.754301331006594 ], [ -73.893826775578702, 40.753252839159394 ], [ -73.895800762822134, 40.748794958287327 ], [ -73.891394103619106, 40.74538590220358 ], [ -73.885013576551927, 40.74643417600452 ], [ -73.883038681582264, 40.750891723905688 ], [ -73.887445221293433, 40.754301331006594 ] ] ] } },
{ "type": "Feature", "properties": { "index": "882a100de5fffff" }, "geometry": { "type": "Polygon", "coordinates": [ [ [ -73.965019213333321, 40.71259628602094 ], [ -73.971393761028622, 40.711543935439316 ], [ -73.973358758907111, 40.707086895884792 ], [ -73.968950117171218, 40.703682538285825 ], [ -73.962576593682741, 40.704734669386433 ], [ -73.960610687835299, 40.70919137753711 ], [ -73.965019213333321, 40.71259628602094 ] ] ] } },
{ "type": "Feature", "properties": { "index": "882a100cd5fffff" }, "geometry": { "type": "Polygon", "coordinates": [ [ [ -73.844050203835977, 40.678799957026101 ], [ -73.850422251785503, 40.677754668222697 ], [ -73.852397113446699, 40.673301762868824 ], [ -73.848000831044786, 40.669894479612253 ], [ -73.841629807676597, 40.670939551452598 ], [ -73.839654042241193, 40.675392123482979 ], [ -73.844050203835977, 40.678799957026101 ] ] ] } },
{ "type": "Feature", "properties": { "index": "882a100c61fffff" }, "geometry": { "type": "Polygon", "coordinates": [ [ [ -73.895800762822134, 40.748794958287327 ], [ -73.902181424916165, 40.747746060967678 ], [ -73.904154400845187, 40.743288325792243 ], [ -73.899747622506396, 40.739879820703493 ], [ -73.893367987261811, 40.740928499824953 ], [ -73.891394103619106, 40.74538590220358 ], [ -73.895800762822134, 40.748794958287327 ] ] ] } },
{ "type": "Feature", "properties": { "index": "882a1076c3fffff" }, "geometry": { "type": "Polygon", "coordinates": [ [ [ -73.887881263215959, 40.593185158010151 ], [ -73.89424096638129, 40.592138351588765 ], [ -73.896208158913979, 40.587689354142107 ], [ -73.891816549926105, 40.584287495198474 ], [ -73.88545786695272, 40.585334084022456 ], [ -73.883489772886676, 40.589782749357866 ], [ -73.887881263215959, 40.593185158010151 ] ] ] } },
{ "type": "Feature", "properties": { "index": "882a100d6bfffff" }, "geometry": { "type": "Polygon", "coordinates": [ [ [ -73.960548592479626, 40.762940439000445 ], [ -73.966930055047726, 40.761887798535831 ], [ -73.968897577353331, 40.757428070255195 ], [ -73.964484547013924, 40.75402131415531 ], [ -73.958104110919564, 40.755073735084061 ], [ -73.956135678803221, 40.759533131618646 ], [ -73.960548592479626, 40.762940439000445 ] ] ] } },
{ "type": "Feature", "properties": { "index": "882a1072d1fffff" }, "geometry": { "type": "Polygon", "coordinates": [ [ [ -73.984142094799566, 40.709438208353774 ], [ -73.990515880589982, 40.708384831946539 ], [ -73.992478961471079, 40.70392760924878 ], [ -73.988069164976082, 40.700524093983056 ], [ -73.981696402960424, 40.701577250535834 ], [ -73.97973241377683, 40.706034142178794 ], [ -73.984142094799566, 40.709438208353774 ] ] ] } },
{ "type": "Feature", "properties": { "index": "882a10775dfffff" }, "geometry": { "type": "Polygon", "coordinates": [ [ [ -73.969480280257144, 40.662283546048435 ], [ -73.975847927969525, 40.661231487695652 ], [ -73.977810407688139, 40.656777141549313 ], [ -73.973406145938611, 40.653375184787663 ], [ -73.967039520173628, 40.654427023714746 ], [ -73.965076134322317, 40.658881038799265 ], [ -73.969480280257144, 40.662283546048435 ] ] ] } },
{ "type": "Feature", "properties": { "index": "882a1062b7fffff" }, "geometry": { "type": "Polygon", "coordinates": [ [ [ -74.135722636676206, 40.552107991853298 ], [ -74.142072458395319, 40.551047949777391 ], [ -74.144014870008874, 40.546596628185533 ], [ -74.139608365827925, 40.543205676232752 ], [ -74.133259558717214, 40.54426549589008 ], [ -74.131316241289184, 40.548716489888569 ], [ -74.135722636676206, 40.552107991853298 ] ] ] } },
{ "type": "Feature", "properties": { "index": "882a1070b1fffff" }, "geometry": { "type": "Polygon", "coordinates": [ [ [ -74.086519014055412, 40.651147639219467 ], [ -74.092883098685306, 40.650089226756378 ], [ -74.094834197112874, 40.645633320806674 ], [ -74.090422119498697, 40.642236156257205 ], [ -74.084059054525468, 40.643294346990395 ], [ -74.082107047620781, 40.647749923972768 ], [ -74.086519014055412, 40.651147639219467 ] ] ] } },
{ "type": "Feature", "properties": { "index": "882a100a99fffff" }, "geometry": { "type": "Polygon", "coordinates": [ [ [ -73.890193001628774, 40.828288249341277 ], [ -73.896584574928823, 40.827238824777112 ], [ -73.898561417821497, 40.822776829609275 ], [ -73.894147598185398, 40.819364592289041 ], [ -73.887757055304263, 40.820413798542283 ], [ -73.885779301753402, 40.824875460396839 ], [ -73.890193001628774, 40.828288249341277 ] ] ] } },
{ "type": "Feature", "properties": { "index": "882a100f4dfffff" }, "geometry": { "type": "Polygon", "coordinates": [ [ [ -73.885321931061725, 40.812540084842382 ], [ -73.891711443832335, 40.811491096828846 ], [ -73.893688079011014, 40.807030057081917 ], [ -73.889276111462195, 40.803618338633626 ], [ -73.882887628493918, 40.804667108478597 ], [ -73.880910083385132, 40.80912781491061 ], [ -73.885321931061725, 40.812540084842382 ] ] ] } },
{ "type": "Feature", "properties": { "index": "882a107521fffff" }, "geometry": { "type": "Polygon", "coordinates": [ [ [ -74.084994853502224, 40.614227391465022 ], [ -74.091353968849518, 40.613169466547056 ], [ -74.093303678271113, 40.608715633108027 ], [ -74.088895179471535, 40.605320053357872 ], [ -74.08253708220424, 40.606377756684374 ], [ -74.080586465767254, 40.610831261322325 ], [ -74.084994853502224, 40.614227391465022 ] ] ] } },
{ "type": "Feature", "properties": { "index": "882a10381dfffff" }, "geometry": { "type": "Polygon", "coordinates": [ [ [ -73.757809978614986, 40.593892964735488 ], [ -73.764171984904038, 40.592853341272544 ], [ -73.766151299975377, 40.588406754454716 ], [ -73.761769507320793, 40.585000125430874 ], [ -73.755408523216801, 40.586039533896319 ], [ -73.753428309694314, 40.590485786353803 ], [ -73.757809978614986, 40.593892964735488 ] ] ] } },
{ "type": "Feature", "properties": { "index": "882a100181fffff" }, "geometry": { "type": "Polygon", "coordinates": [ [ [ -73.838606130731563, 40.824334102998577 ], [ -73.844998051774553, 40.823287588611834 ], [ -73.846979550042803, 40.818826784173034 ], [ -73.842570036643679, 40.815412828279712 ], [ -73.836179146635445, 40.816459125402965 ], [ -73.834196739104883, 40.820919595653358 ], [ -73.838606130731563, 40.824334102998577 ] ] ] } },
{ "type": "Feature", "properties": { "index": "882a100cd9fffff" }, "geometry": { "type": "Polygon", "coordinates": [ [ [ -73.824932558177352, 40.681933771122743 ], [ -73.831305356888961, 40.680889508523833 ], [ -73.83328213118547, 40.676436790840967 ], [ -73.82888701031905, 40.673028669398342 ], [ -73.822515236615359, 40.6740727154084 ], [ -73.820537558882492, 40.678525099420426 ], [ -73.824932558177352, 40.681933771122743 ] ] ] } },
{ "type": "Feature", "properties": { "index": "882a10623bfffff" }, "geometry": { "type": "Polygon", "coordinates": [ [ [ -74.133914992898838, 40.610208938010651 ], [ -74.140272696047631, 40.609148355087562 ], [ -74.142217676400676, 40.604693841344329 ], [ -74.137805861728069, 40.601300238421615 ], [ -74.131449175725464, 40.602360598790668 ], [ -74.129503287359825, 40.606814784606229 ], [ -74.133914992898838, 40.610208938010651 ] ] ] } },
{ "type": "Feature", "properties": { "index": "882a100da1fffff" }, "geometry": { "type": "Polygon", "coordinates": [ [ [ -73.968472092025806, 40.691365798745736 ], [ -73.974843699523802, 40.690313484232369 ], [ -73.976807487799121, 40.685857551115532 ], [ -73.97240057591921, 40.682454263714419 ], [ -73.966029991649805, 40.683506358738668 ], [ -73.964065296143502, 40.687961960623255 ], [ -73.968472092025806, 40.691365798745736 ] ] ] } },
{ "type": "Feature", "properties": { "index": "882a1076cbfffff" }, "geometry": { "type": "Polygon", "coordinates": [ [ [ -73.879552476720406, 40.598680708177135 ], [ -73.885913065961404, 40.597634303547203 ], [ -73.887881263215959, 40.593185158010151 ], [ -73.883489772886676, 40.589782749357866 ], [ -73.877130204202544, 40.590828936541207 ], [ -73.875161105402356, 40.595277749793816 ], [ -73.879552476720406, 40.598680708177135 ] ] ] } },
{ "type": "Feature", "properties": { "index": "882a107291fffff" }, "geometry": { "type": "Polygon", "coordinates": [ [ [ -73.998365987694953, 40.690557196327987 ], [ -74.004736963917878, 40.689503234914326 ], [ -74.006697928971306, 40.685046788533 ], [ -74.002288825824564, 40.681644634243675 ], [ -73.995918872334755, 40.682698375572883 ], [ -73.993956999370255, 40.687154491245892 ], [ -73.998365987694953, 40.690557196327987 ] ] ] } },
{ "type": "Feature", "properties": { "index": "882a107747fffff" }, "geometry": { "type": "Polygon", "coordinates": [ [ [ -73.991027110434473, 40.666982951044666 ], [ -73.997395019370856, 40.665929649669643 ], [ -73.999355685783726, 40.661474641924151 ], [ -73.994949350197942, 40.658073266235867 ], [ -73.988582463082068, 40.659126347741093 ], [ -73.986620889842968, 40.663581024774437 ], [ -73.991027110434473, 40.666982951044666 ] ] ] } },
{ "type": "Feature", "properties": { "index": "882a100c99fffff" }, "geometry": { "type": "Polygon", "coordinates": [ [ [ -73.839210225905475, 40.663079887448468 ], [ -73.845580224998287, 40.662035032500555 ], [ -73.84755487708432, 40.657583085689687 ], [ -73.84316043324354, 40.654176327120972 ], [ -73.836791458120274, 40.655220965247118 ], [ -73.834815902980395, 40.659672578734195 ], [ -73.839210225905475, 40.663079887448468 ] ] ] } },
{ "type": "Feature", "properties": { "index": "882a1039c5fffff" }, "geometry": { "type": "Polygon", "coordinates": [ [ [ -73.825805072117433, 40.586885785029295 ], [ -73.832164982414866, 40.585842476246945 ], [ -73.834137683929285, 40.581394993865132 ], [ -73.829751375068966, 40.57799115338662 ], [ -73.82339248562964, 40.579034245830378 ], [ -73.82141888430418, 40.583481395061781 ], [ -73.825805072117433, 40.586885785029295 ] ] ] } },
{ "type": "Feature", "properties": { "index": "882a100f35fffff" }, "geometry": { "type": "Polygon", "coordinates": [ [ [ -73.922254485579487, 40.769249078531629 ], [ -73.928637470714662, 40.768198496381849 ], [ -73.930608835142579, 40.76373913923792 ], [ -73.926198123686802, 40.760330696659011 ], [ -73.919816165890325, 40.761381060022231 ], [ -73.917843892323489, 40.765840084721034 ], [ -73.922254485579487, 40.769249078531629 ] ] ] } },
{ "type": "Feature", "properties": { "index": "882a107549fffff" }, "geometry": { "type": "Polygon", "coordinates": [ [ [ -74.03265100721093, 40.639438886824983 ], [ -74.039014456701636, 40.638383580408323 ], [ -74.040970094063312, 40.633929321049564 ], [ -74.036563188796279, 40.630530697921365 ], [ -74.030200759288036, 40.631585783716815 ], [ -74.028244215175505, 40.636039713231639 ], [ -74.03265100721093, 40.639438886824983 ] ] ] } },
{ "type": "Feature", "properties": { "index": "882a100d03fffff" }, "geometry": { "type": "Polygon", "coordinates": [ [ [ -73.953217618140584, 40.739342540511359 ], [ -73.95959600220597, 40.73829055843985 ], [ -73.961563221027319, 40.73383226611287 ], [ -73.957152964617293, 40.730426287577089 ], [ -73.950775606107428, 40.731478050327134 ], [ -73.948807478564277, 40.735936010904496 ], [ -73.953217618140584, 40.739342540511359 ] ] ] } },
{ "type": "Feature", "properties": { "index": "882a106257fffff" }, "geometry": { "type": "Polygon", "coordinates": [ [ [ -74.108995562093156, 40.626752753754708 ], [ -74.115355946267655, 40.625693365679673 ], [ -74.117303936045829, 40.62123839474549 ], [ -74.112892449825111, 40.617843140304466 ], [ -74.106533083900572, 40.618902306273121 ], [ -74.104584186057565, 40.623356948758946 ], [ -74.108995562093156, 40.626752753754708 ] ] ] } },
{ "type": "Feature", "properties": { "index": "882a10743dfffff" }, "geometry": { "type": "Polygon", "coordinates": [ [ [ -73.996446074613473, 40.587641959292114 ], [ -74.002803150710662, 40.586589214624929 ], [ -74.004760007533662, 40.582138497010469 ], [ -74.000360692269311, 40.578740854234248 ], [ -73.994004634466478, 40.579793379152612 ], [ -73.992046873744584, 40.58424376656609 ], [ -73.996446074613473, 40.587641959292114 ] ] ] } },
{ "type": "Feature", "properties": { "index": "882a100d2dfffff" }, "geometry": { "type": "Polygon", "coordinates": [ [ [ -73.988038517858129, 40.754267907355903 ], [ -73.994418322168883, 40.753213834355435 ], [ -73.99638291285558, 40.748754069101984 ], [ -73.991968609474668, 40.745348708041114 ], [ -73.98558983083457, 40.746402560980208 ], [ -73.983624330016909, 40.750861995011526 ], [ -73.988038517858129, 40.754267907355903 ] ] ] } },
{ "type": "Feature", "properties": { "index": "882a10089dfffff" }, "geometry": { "type": "Polygon", "coordinates": [ [ [ -73.959532705704206, 40.79205917875538 ], [ -73.965918145227434, 40.791006284423297 ], [ -73.967886982733233, 40.786544974433163 ], [ -73.963471291744042, 40.783136890661751 ], [ -73.957086879984203, 40.784189565394982 ], [ -73.95511713156273, 40.788650543468499 ], [ -73.959532705704206, 40.79205917875538 ] ] ] } },
{ "type": "Feature", "properties": { "index": "882a1062e5fffff" }, "geometry": { "type": "Polygon", "coordinates": [ [ [ -74.139750747585538, 40.596846205334593 ], [ -74.146106540231216, 40.595785447385836 ], [ -74.148050423905957, 40.59133156727971 ], [ -74.143639422679271, 40.58793877284841 ], [ -74.137284646511077, 40.588999308166414 ], [ -74.13533985520246, 40.593452860516201 ], [ -74.139750747585538, 40.596846205334593 ] ] ] } },
{ "type": "Feature", "properties": { "index": "882a103927fffff" }, "geometry": { "type": "Polygon", "coordinates": [ [ [ -73.884399463912871, 40.614386479603567 ], [ -73.890762095180051, 40.613339639868165 ], [ -73.892730498665273, 40.608889534169982 ], [ -73.88833717325862, 40.605486600461397 ], [ -73.881975563156644, 40.606533222608682 ], [ -73.880006257407715, 40.610982996023047 ], [ -73.884399463912871, 40.614386479603567 ] ] ] } },
{ "type": "Feature", "properties": { "index": "882a10761bfffff" }, "geometry": { "type": "Polygon", "coordinates": [ [ [ -73.895156338654957, 40.616742835877517 ], [ -73.901519104220043, 40.615695376239017 ], [ -73.903486605094642, 40.611244938430701 ], [ -73.899092243126333, 40.607842292341353 ], [ -73.892730498665273, 40.608889534169982 ], [ -73.890762095180051, 40.613339639868165 ], [ -73.895156338654957, 40.616742835877517 ] ] ] } },
{ "type": "Feature", "properties": { "index": "882a107735fffff" }, "geometry": { "type": "Polygon", "coordinates": [ [ [ -74.02188089409087, 40.637094398722965 ], [ -74.028244215175505, 40.636039713231639 ], [ -74.030200759288036, 40.631585783716815 ], [ -74.025794888832422, 40.628186869682231 ], [ -74.019432587794668, 40.629241334774079 ], [ -74.017475137276833, 40.633694934269975 ], [ -74.02188089409087, 40.637094398722965 ] ] ] } },
{ "type": "Feature", "properties": { "index": "882a100ea5fffff" }, "geometry": { "type": "Polygon", "coordinates": [ [ [ -73.84538661122231, 40.715749709423889 ], [ -73.851763650081779, 40.714703957302596 ], [ -73.853739940411373, 40.71024899034029 ], [ -73.849340097223035, 40.706840108965849 ], [ -73.842964084537485, 40.707885643993066 ], [ -73.840986888978847, 40.712340277459163 ], [ -73.84538661122231, 40.715749709423889 ] ] ] } },
{ "type": "Feature", "properties": { "index": "882a1061dbfffff" }, "geometry": { "type": "Polygon", "coordinates": [ [ [ -74.206095108342666, 40.552722296551032 ], [ -74.212443753269255, 40.551658367927381 ], [ -74.21437963119574, 40.547205720739029 ], [ -74.209967771791554, 40.54381732851347 ], [ -74.203620140403046, 40.544881033318319 ], [ -74.201683354990479, 40.549333354137111 ], [ -74.206095108342666, 40.552722296551032 ] ] ] } },
{ "type": "Feature", "properties": { "index": "882a106207fffff" }, "geometry": { "type": "Polygon", "coordinates": [ [ [ -74.138849111355043, 40.625907832011215 ], [ -74.145208849700012, 40.624846803763319 ], [ -74.147154018884024, 40.620391328951001 ], [ -74.142740358568972, 40.616997210279649 ], [ -74.136381637972747, 40.618058015828993 ], [ -74.134435560053447, 40.622513162717965 ], [ -74.138849111355043, 40.625907832011215 ] ] ] } },
{ "type": "Feature", "properties": { "index": "882a106059fffff" }, "geometry": { "type": "Polygon", "coordinates": [ [ [ -74.150518463687376, 40.599178499851341 ], [ -74.156874379362293, 40.598117121747826 ], [ -74.158817355060108, 40.593662914060992 ], [ -74.154405323170309, 40.590270412028083 ], [ -74.148050423905957, 40.59133156727971 ], [ -74.146106540231216, 40.595785447385836 ], [ -74.150518463687376, 40.599178499851341 ] ] ] } },
{ "type": "Feature", "properties": { "index": "882a100111fffff" }, "geometry": { "type": "Polygon", "coordinates": [ [ [ -73.839942387004285, 40.861351220700648 ], [ -73.846339330178495, 40.860304245469933 ], [ -73.848322266811238, 40.855841388514342 ], [ -73.843909171113751, 40.852425841120457 ], [ -73.837513260581886, 40.853472598956856 ], [ -73.835529413218723, 40.857935121551705 ], [ -73.839942387004285, 40.861351220700648 ] ] ] } },
{ "type": "Feature", "properties": { "index": "882a107503fffff" }, "geometry": { "type": "Polygon", "coordinates": [ [ [ -74.052696201241645, 40.607208180045745 ], [ -74.059054937281346, 40.606152115998086 ], [ -74.061007366716169, 40.60169926948781 ], [ -74.056601966204411, 40.598302816321556 ], [ -74.050244248440436, 40.599358659441982 ], [ -74.048290913023322, 40.60381117662584 ], [ -74.052696201241645, 40.607208180045745 ] ] ] } },
{ "type": "Feature", "properties": { "index": "882a100e15fffff" }, "geometry": { "type": "Polygon", "coordinates": [ [ [ -73.81679272943957, 40.753485892014133 ], [ -73.823175382280468, 40.7524413304495 ], [ -73.825155928377242, 40.747984827292576 ], [ -73.820754727743051, 40.744573219862083 ], [ -73.814373103161131, 40.745617564800149 ], [ -73.812391651067301, 40.750073733765653 ], [ -73.81679272943957, 40.753485892014133 ] ] ] } },
{ "type": "Feature", "properties": { "index": "882a100f3dfffff" }, "geometry": { "type": "Polygon", "coordinates": [ [ [ -73.913898230373505, 40.774758758183303 ], [ -73.920282109236823, 40.773708581557514 ], [ -73.922254485579487, 40.769249078531629 ], [ -73.917843892323489, 40.765840084721034 ], [ -73.911461041168266, 40.766890042712113 ], [ -73.909487755673581, 40.771349213118661 ], [ -73.913898230373505, 40.774758758183303 ] ] ] } },
{ "type": "Feature", "properties": { "index": "882a100c45fffff" }, "geometry": { "type": "Polygon", "coordinates": [ [ [ -73.876657262723086, 40.751939592108307 ], [ -73.883038681582264, 40.750891723905688 ], [ -73.885013576551927, 40.74643417600452 ], [ -73.880607960151139, 40.74302482942187 ], [ -73.874227568571598, 40.744072479801225 ], [ -73.872251766225816, 40.748529694556773 ], [ -73.876657262723086, 40.751939592108307 ] ] ] } },
{ "type": "Feature", "properties": { "index": "882a107655fffff" }, "geometry": { "type": "Polygon", "coordinates": [ [ [ -73.902438752511316, 40.640307192718993 ], [ -73.908804583214732, 40.639259079225496 ], [ -73.910772391989155, 40.634807201783474 ], [ -73.906375273861542, 40.631403769913973 ], [ -73.900010465175384, 40.632451665384906 ], [ -73.898041752711265, 40.636903210718195 ], [ -73.902438752511316, 40.640307192718993 ] ] ] } },
{ "type": "Feature", "properties": { "index": "882a100887fffff" }, "geometry": { "type": "Polygon", "coordinates": [ [ [ -73.981137994925291, 40.796769156319669 ], [ -73.987523697994064, 40.795715011908577 ], [ -73.989490712619059, 40.791253038612581 ], [ -73.985072935903077, 40.787845541262676 ], [ -73.978688260470221, 40.788899465628489 ], [ -73.976720334229981, 40.793361107359438 ], [ -73.981137994925291, 40.796769156319669 ] ] ] } },
{ "type": "Feature", "properties": { "index": "882a1008cdfffff" }, "geometry": { "type": "Polygon", "coordinates": [ [ [ -73.960963555621305, 40.829061732419916 ], [ -73.967354006418532, 40.828008365031728 ], [ -73.969324262254801, 40.823544996994087 ], [ -73.964904979793999, 40.820135328400262 ], [ -73.95851555835975, 40.821188476055049 ], [ -73.956544390136131, 40.825651512006999 ], [ -73.960963555621305, 40.829061732419916 ] ] ] } },
{ "type": "Feature", "properties": { "index": "882a100c49fffff" }, "geometry": { "type": "Polygon", "coordinates": [ [ [ -73.857511494909332, 40.755081137713972 ], [ -73.863893669243211, 40.754034299060436 ], [ -73.865870483253602, 40.749576939212076 ], [ -73.861466030080706, 40.746166751481915 ], [ -73.855084883456144, 40.74721337268732 ], [ -73.853107162407895, 40.751670399041352 ], [ -73.857511494909332, 40.755081137713972 ] ] ] } },
{ "type": "Feature", "properties": { "index": "882a1039c9fffff" }, "geometry": { "type": "Polygon", "coordinates": [ [ [ -73.806723847912281, 40.590013668083301 ], [ -73.813084504723989, 40.58897138099492 ], [ -73.815059111162739, 40.584524084965629 ], [ -73.810673960375979, 40.581119409491663 ], [ -73.804314324845819, 40.582161480614317 ], [ -73.802338818932569, 40.586608443147234 ], [ -73.806723847912281, 40.590013668083301 ] ] ] } },
{ "type": "Feature", "properties": { "index": "882a106253fffff" }, "geometry": { "type": "Polygon", "coordinates": [ [ [ -74.098223926875988, 40.624415716040211 ], [ -74.104584186057565, 40.623356948758946 ], [ -74.106533083900572, 40.618902306273121 ], [ -74.102122630393453, 40.615506759662196 ], [ -74.09576338952796, 40.616565305058522 ], [ -74.093813583964319, 40.621019618920506 ], [ -74.098223926875988, 40.624415716040211 ] ] ] } },
{ "type": "Feature", "properties": { "index": "882a100ab9fffff" }, "geometry": { "type": "Polygon", "coordinates": [ [ [ -73.920173686057765, 40.827500137298365 ], [ -73.926564633543492, 40.826449054081479 ], [ -73.928538639613464, 40.821986537692837 ], [ -73.924122609658838, 40.818575437278916 ], [ -73.917732692096664, 40.819626301585302 ], [ -73.915757774678525, 40.824088485186202 ], [ -73.920173686057765, 40.827500137298365 ] ] ] } },
{ "type": "Feature", "properties": { "index": "882a100eabfffff" }, "geometry": { "type": "Polygon", "coordinates": [ [ [ -73.8238345429682, 40.711020193710155 ], [ -73.830211307266879, 40.70997568641296 ], [ -73.832189407704732, 40.70552138661715 ], [ -73.8277916484858, 40.702111927933174 ], [ -73.821415910481605, 40.703156218581739 ], [ -73.819436905514408, 40.707610184533308 ], [ -73.8238345429682, 40.711020193710155 ] ] ] } },
{ "type": "Feature", "properties": { "index": "882a106083fffff" }, "geometry": { "type": "Polygon", "coordinates": [ [ [ -74.168880221803448, 40.530061084864641 ], [ -74.175226477097567, 40.528999459315486 ], [ -74.177164890668251, 40.524548754743861 ], [ -74.172757954797092, 40.52116000259192 ], [ -74.166412712645624, 40.522221405128846 ], [ -74.164473393332457, 40.526671782799674 ], [ -74.168880221803448, 40.530061084864641 ] ] ] } },
{ "type": "Feature", "properties": { "index": "882a107407fffff" }, "geometry": { "type": "Polygon", "coordinates": [ [ [ -73.988130249403795, 40.593145172082593 ], [ -73.994488214455345, 40.592092827222537 ], [ -73.996446074613473, 40.587641959292114 ], [ -73.992046873744584, 40.58424376656609 ], [ -73.985689927353334, 40.585295891827286 ], [ -73.983731163281718, 40.589746429383496 ], [ -73.988130249403795, 40.593145172082593 ] ] ] } },
{ "type": "Feature", "properties": { "index": "882a100cc7fffff" }, "geometry": { "type": "Polygon", "coordinates": [ [ [ -73.857242610003496, 40.68902340543427 ], [ -73.863615819215397, 40.687977277831862 ], [ -73.865589881107837, 40.683523560179353 ], [ -73.861191638384369, 40.680116303248909 ], [ -73.854819453999383, 40.681162213595073 ], [ -73.852844487623173, 40.685615598098281 ], [ -73.857242610003496, 40.68902340543427 ] ] ] } },
{ "type": "Feature", "properties": { "index": "882a100c81fffff" }, "geometry": { "type": "Polygon", "coordinates": [ [ [ -73.863165595922453, 40.675663064745443 ], [ -73.869536891824239, 40.674616750167154 ], [ -73.871509840848006, 40.670163657918216 ], [ -73.867112398193456, 40.666757213193975 ], [ -73.860742126445928, 40.667803310435211 ], [ -73.858768273310829, 40.672256069708112 ], [ -73.863165595922453, 40.675663064745443 ] ] ] } },
{ "type": "Feature", "properties": { "index": "882a1062d7fffff" }, "geometry": { "type": "Polygon", "coordinates": [ [ [ -74.091775562199459, 40.571815144502253 ], [ -74.09812882495585, 40.570757309658703 ], [ -74.100076145687183, 40.566305703359383 ], [ -74.095671109313088, 40.562912260334834 ], [ -74.089318862697198, 40.563969873576141 ], [ -74.087370636425362, 40.568421151414135 ], [ -74.091775562199459, 40.571815144502253 ] ] ] } },
{ "type": "Feature", "properties": { "index": "882a100f29fffff" }, "geometry": { "type": "Polygon", "coordinates": [ [ [ -73.918775074870211, 40.790498402455505 ], [ -73.925161010071335, 40.789447788346457 ], [ -73.927133591815647, 40.784987328914006 ], [ -73.922721148350405, 40.781577816178128 ], [ -73.916336241471825, 40.782628211509909 ], [ -73.91436274984865, 40.787088338324928 ], [ -73.918775074870211, 40.790498402455505 ] ] ] } },
{ "type": "Feature", "properties": { "index": "882a106295fffff" }, "geometry": { "type": "Polygon", "coordinates": [ [ [ -74.108374836783739, 40.560796017398467 ], [ -74.114726317357039, 40.559737387800546 ], [ -74.116671635788109, 40.555286087147827 ], [ -74.112266379262863, 40.55189374417769 ], [ -74.105915914097096, 40.552952151875402 ], [ -74.103969690159346, 40.557403124413256 ], [ -74.108374836783739, 40.560796017398467 ] ] ] } },
{ "type": "Feature", "properties": { "index": "882a100d81fffff" }, "geometry": { "type": "Polygon", "coordinates": [ [ [ -73.938577873243275, 40.692166679851546 ], [ -73.944950108560704, 40.691116012638382 ], [ -73.946916719050549, 40.686660594435736 ], [ -73.942512000884207, 40.683256175172097 ], [ -73.936140789289112, 40.684306623491764 ], [ -73.934173272249964, 40.688761709938717 ], [ -73.938577873243275, 40.692166679851546 ] ] ] } },
{ "type": "Feature", "properties": { "index": "882a1072cbfffff" }, "geometry": { "type": "Polygon", "coordinates": [ [ [ -73.989035949028278, 40.725162339028529 ], [ -73.995411783283316, 40.724108522697669 ], [ -73.997375064144535, 40.719650341803963 ], [ -73.992963419890046, 40.716246308263258 ], [ -73.986588610019865, 40.717299904596516 ], [ -73.98462442013124, 40.72175775443808 ], [ -73.989035949028278, 40.725162339028529 ] ] ] } },
{ "type": "Feature", "properties": { "index": "882a10744dfffff" }, "geometry": { "type": "Polygon", "coordinates": [ [ [ -73.968047801220749, 40.625358290164733 ], [ -73.974410473393618, 40.624306707873394 ], [ -73.976371546075328, 40.619854430201023 ], [ -73.971970851371665, 40.61645406568244 ], [ -73.965609199563858, 40.61750542868289 ], [ -73.963647222205992, 40.621957375462948 ], [ -73.968047801220749, 40.625358290164733 ] ] ] } },
{ "type": "Feature", "properties": { "index": "882a10013dfffff" }, "geometry": { "type": "Polygon", "coordinates": [ [ [ -73.872378842970392, 40.86845495888052 ], [ -73.87877619779475, 40.867406103742312 ], [ -73.880756400118401, 40.862942244756638 ], [ -73.87634015952041, 40.859527574713859 ], [ -73.869943837154239, 40.860576211785599 ], [ -73.867962723041344, 40.865039736936765 ], [ -73.872378842970392, 40.86845495888052 ] ] ] } },
{ "type": "Feature", "properties": { "index": "882a10755bfffff" }, "geometry": { "type": "Polygon", "coordinates": [ [ [ -74.014538442182172, 40.613537426788966 ], [ -74.020898704035019, 40.612483402281221 ], [ -74.022854952611539, 40.608030913338851 ], [ -74.018451844769857, 40.604632778897177 ], [ -74.012092602055262, 40.605686583220219 ], [ -74.01013544815514, 40.610138742139675 ], [ -74.014538442182172, 40.613537426788966 ] ] ] } },
{ "type": "Feature", "properties": { "index": "882a1076d3fffff" }, "geometry": { "type": "Polygon", "coordinates": [ [ [ -73.872288099316691, 40.575127622584205 ], [ -73.878645627799017, 40.574081870081891 ], [ -73.880613515341878, 40.569634165391456 ], [ -73.876224774983811, 40.56623254545886 ], [ -73.869868266146739, 40.567278080726652 ], [ -73.867899478133879, 40.571725453132004 ], [ -73.872288099316691, 40.575127622584205 ] ] ] } },
{ "type": "Feature", "properties": { "index": "882a1060e1fffff" }, "geometry": { "type": "Polygon", "coordinates": [ [ [ -74.187047627685757, 40.555912053457398 ], [ -74.193397045410677, 40.554849139365004 ], [ -74.195334830422212, 40.550396663723951 ], [ -74.190924104982386, 40.547007428863459 ], [ -74.184575701230614, 40.54807011950588 ], [ -74.182637009055426, 40.552522268428447 ], [ -74.187047627685757, 40.555912053457398 ] ] ] } },
{ "type": "Feature", "properties": { "index": "882a103b59fffff" }, "geometry": { "type": "Polygon", "coordinates": [ [ [ -73.749583724742692, 40.665359481970981 ], [ -73.755955549589174, 40.664319567624993 ], [ -73.757938640601338, 40.659869189280428 ], [ -73.753550807868734, 40.656459060136477 ], [ -73.74718000844365, 40.657498759450611 ], [ -73.745196016442264, 40.661948802911219 ], [ -73.749583724742692, 40.665359481970981 ] ] ] } },
{ "type": "Feature", "properties": { "index": "882a1062cdfffff" }, "geometry": { "type": "Polygon", "coordinates": [ [ [ -74.101610607350679, 40.60320362796196 ], [ -74.107967937680243, 40.602144905989817 ], [ -74.109915641040487, 40.597691376556298 ], [ -74.105506921163581, 40.594296897518888 ], [ -74.099150608179229, 40.595355397600862 ], [ -74.097201997837189, 40.599808598580267 ], [ -74.101610607350679, 40.60320362796196 ] ] ] } },
{ "type": "Feature", "properties": { "index": "882a107603fffff" }, "geometry": { "type": "Polygon", "coordinates": [ [ [ -73.919104136906455, 40.629306956288914 ], [ -73.925468190980908, 40.628258038230619 ], [ -73.927433987556952, 40.62380645676577 ], [ -73.923036633834059, 40.620404125091291 ], [ -73.916673601044621, 40.621452824825191 ], [ -73.914706900804632, 40.625904074528215 ], [ -73.919104136906455, 40.629306956288914 ] ] ] } },
{ "type": "Feature", "properties": { "index": "882a1005e1fffff" }, "geometry": { "type": "Polygon", "coordinates": [ [ [ -73.744887586914601, 40.71566097407176 ], [ -73.751266316766845, 40.714620797129363 ], [ -73.75325196881694, 40.71016773697221 ], [ -73.748859793934983, 40.706755188961495 ], [ -73.742482091772843, 40.707795150826428 ], [ -73.740495536915475, 40.712247875750158 ], [ -73.744887586914601, 40.71566097407176 ] ] ] } },
{ "type": "Feature", "properties": { "index": "882a103861fffff" }, "geometry": { "type": "Polygon", "coordinates": [ [ [ -73.786521426251909, 40.622191656728731 ], [ -73.792886779544929, 40.621150148507652 ], [ -73.79486461627468, 40.616701454092976 ], [ -73.790478000045795, 40.613294601886324 ], [ -73.784113669737494, 40.61433589445577 ], [ -73.782134932785397, 40.618784254854042 ], [ -73.786521426251909, 40.622191656728731 ] ] ] } },
{ "type": "Feature", "properties": { "index": "882a100c9dfffff" }, "geometry": { "type": "Polygon", "coordinates": [ [ [ -73.849975587942566, 40.665442053489201 ], [ -73.85634572359173, 40.664396577443242 ], [ -73.858319472275369, 40.659944297482269 ], [ -73.853923988824334, 40.656537826687774 ], [ -73.84755487708432, 40.657583085689687 ], [ -73.845580224998287, 40.662035032500555 ], [ -73.849975587942566, 40.665442053489201 ] ] ] } },
{ "type": "Feature", "properties": { "index": "882a100cc3fffff" }, "geometry": { "type": "Polygon", "coordinates": [ [ [ -73.846471414786123, 40.686661103935457 ], [ -73.852844487623173, 40.685615598098281 ], [ -73.854819453999383, 40.681162213595073 ], [ -73.850422251785503, 40.677754668222697 ], [ -73.844050203835977, 40.678799957026101 ], [ -73.842074333325044, 40.683253008206052 ], [ -73.846471414786123, 40.686661103935457 ] ] ] } },
{ "type": "Feature", "properties": { "index": "882a107609fffff" }, "geometry": { "type": "Polygon", "coordinates": [ [ [ -73.913202620769411, 40.642662772717728 ], [ -73.919568585128815, 40.641614038559027 ], [ -73.921535489866287, 40.637161829182354 ], [ -73.91713733439299, 40.633758685869317 ], [ -73.910772391989155, 40.634807201783474 ], [ -73.908804583214732, 40.639259079225496 ], [ -73.913202620769411, 40.642662772717728 ] ] ] } },
{ "type": "Feature", "properties": { "index": "882a100333fffff" }, "geometry": { "type": "Polygon", "coordinates": [ [ [ -73.808829134422126, 40.891270013807812 ], [ -73.815230691313829, 40.890224460193089 ], [ -73.817217803926624, 40.885760557097619 ], [ -73.812804270901495, 40.882342542646292 ], [ -73.806403748445874, 40.883387879409057 ], [ -73.804415724693186, 40.887851447445421 ], [ -73.808829134422126, 40.891270013807812 ] ] ] } },
{ "type": "Feature", "properties": { "index": "882a106281fffff" }, "geometry": { "type": "Polygon", "coordinates": [ [ [ -74.113295156977628, 40.576485968890253 ], [ -74.119648669267846, 40.575426895275832 ], [ -74.121594177888824, 40.570974632579059 ], [ -74.117187080556661, 40.567581771577679 ], [ -74.110834584275253, 40.568640623147814 ], [ -74.108888169427559, 40.573092557733453 ], [ -74.113295156977628, 40.576485968890253 ] ] ] } },
{ "type": "Feature", "properties": { "index": "882a100193fffff" }, "geometry": { "type": "Polygon", "coordinates": [ [ [ -73.820532327479341, 40.798342896777591 ], [ -73.826921018177458, 40.797297658716012 ], [ -73.828903107663578, 40.792838621484165 ], [ -73.82449741438495, 40.789425156648591 ], [ -73.818109753855637, 40.790470177882732 ], [ -73.816126756549352, 40.794928880750234 ], [ -73.820532327479341, 40.798342896777591 ] ] ] } },
{ "type": "Feature", "properties": { "index": "882a107643fffff" }, "geometry": { "type": "Polygon", "coordinates": [ [ [ -73.904867856434919, 40.648163461462545 ], [ -73.911234709460274, 40.64711512987548 ], [ -73.913202620769411, 40.642662772717728 ], [ -73.908804583214732, 40.639259079225496 ], [ -73.902438752511316, 40.640307192718993 ], [ -73.900469937152394, 40.644759217768573 ], [ -73.904867856434919, 40.648163461462545 ] ] ] } },
{ "type": "Feature", "properties": { "index": "882a10056dfffff" }, "geometry": { "type": "Polygon", "coordinates": [ [ [ -73.764160768014719, 40.778614249260244 ], [ -73.770547730488261, 40.777572349170008 ], [ -73.772534247630006, 40.773115463342876 ], [ -73.768134708108647, 40.769700812812268 ], [ -73.761748775793151, 40.770742497262944 ], [ -73.759761352954229, 40.775199047854315 ], [ -73.764160768014719, 40.778614249260244 ] ] ] } },
{ "type": "Feature", "properties": { "index": "882a103b01fffff" }, "geometry": { "type": "Polygon", "coordinates": [ [ [ -73.787810949258372, 40.659114864177901 ], [ -73.794181283278434, 40.658072897476757 ], [ -73.796160553756465, 40.653622139707693 ], [ -73.79177039199547, 40.650213682801301 ], [ -73.7854010825491, 40.65125543372158 ], [ -73.783420910402313, 40.655705857299658 ], [ -73.787810949258372, 40.659114864177901 ] ] ] } },
{ "type": "Feature", "properties": { "index": "882a1005b3fffff" }, "geometry": { "type": "Polygon", "coordinates": [ [ [ -73.741226914794211, 40.670849512937522 ], [ -73.747599624474205, 40.669810004498181 ], [ -73.749583724742692, 40.665359481970981 ], [ -73.745196016442264, 40.661948802911219 ], [ -73.738824332548816, 40.662988096471089 ], [ -73.736839331281828, 40.667438283940875 ], [ -73.741226914794211, 40.670849512937522 ] ] ] } },
{ "type": "Feature", "properties": { "index": "882a10606bfffff" }, "geometry": { "type": "Polygon", "coordinates": [ [ [ -74.19360086220118, 40.608498546532743 ], [ -74.199957265399405, 40.607434686879643 ], [ -74.201896605761092, 40.602979170628437 ], [ -74.197480452382976, 40.599587840877071 ], [ -74.191125065325139, 40.600651476793608 ], [ -74.189184815615334, 40.605106666167671 ], [ -74.19360086220118, 40.608498546532743 ] ] ] } },
{ "type": "Feature", "properties": { "index": "882a100c11fffff" }, "geometry": { "type": "Polygon", "coordinates": [ [ [ -73.864516974757535, 40.712611425289772 ], [ -73.870893260287573, 40.71156464549393 ], [ -73.872867634950836, 40.707109490884079 ], [ -73.868466629763333, 40.703701449188571 ], [ -73.862091369979041, 40.704748011515782 ], [ -73.860116089748885, 40.709202832977439 ], [ -73.864516974757535, 40.712611425289772 ] ] ] } },
{ "type": "Feature", "properties": { "index": "882a106051fffff" }, "geometry": { "type": "Polygon", "coordinates": [ [ [ -74.158817355060108, 40.593662914060992 ], [ -74.16517237696165, 40.592601138782591 ], [ -74.167114350820256, 40.588147084502324 ], [ -74.162702210846447, 40.584755132877412 ], [ -74.156348204987722, 40.585816685155102 ], [ -74.154405323170309, 40.590270412028083 ], [ -74.158817355060108, 40.593662914060992 ] ] ] } },
{ "type": "Feature", "properties": { "index": "882a100ec5fffff" }, "geometry": { "type": "Polygon", "coordinates": [ [ [ -73.801174599510219, 40.735381848572771 ], [ -73.807555057492607, 40.734338343151748 ], [ -73.809536296738116, 40.729883130933111 ], [ -73.805137983036957, 40.726471758471597 ], [ -73.798758552757832, 40.727515047630241 ], [ -73.796776408589409, 40.731969925483213 ], [ -73.801174599510219, 40.735381848572771 ] ] ] } },
{ "type": "Feature", "properties": { "index": "882a100d43fffff" }, "geometry": { "type": "Polygon", "coordinates": [ [ [ -73.938961279359475, 40.758228940836041 ], [ -73.945342476949207, 40.757177548472768 ], [ -73.947311818527027, 40.752718483859674 ], [ -73.942900871739624, 40.749311143676671 ], [ -73.936520700749867, 40.750362316950032 ], [ -73.934550450059945, 40.754821049466358 ], [ -73.938961279359475, 40.758228940836041 ] ] ] } },
{ "type": "Feature", "properties": { "index": "882a100d05fffff" }, "geometry": { "type": "Polygon", "coordinates": [ [ [ -73.966451968208773, 40.749562064443516 ], [ -73.972831510058683, 40.748509239229826 ], [ -73.974797920658645, 40.744050136596201 ], [ -73.970385698954345, 40.740644190719422 ], [ -73.964007182902535, 40.741696796317399 ], [ -73.962039862869119, 40.746155567377897 ], [ -73.966451968208773, 40.749562064443516 ] ] ] } },
{ "type": "Feature", "properties": { "index": "882a1005edfffff" }, "geometry": { "type": "Polygon", "coordinates": [ [ [ -73.747293892784484, 40.723527539230567 ], [ -73.75367365063488, 40.72248714714059 ], [ -73.7556594109857, 40.718033608487758 ], [ -73.751266316766845, 40.714620797129363 ], [ -73.744887586914601, 40.71566097407176 ], [ -73.742900923395979, 40.720114177490743 ], [ -73.747293892784484, 40.723527539230567 ] ] ] } },
{ "type": "Feature", "properties": { "index": "882a1060ebfffff" }, "geometry": { "type": "Polygon", "coordinates": [ [ [ -74.176287712537487, 40.553584563448268 ], [ -74.182637009055426, 40.552522268428447 ], [ -74.184575701230614, 40.54807011950588 ], [ -74.180166003819878, 40.544680592466932 ], [ -74.173817721342644, 40.545742664257503 ], [ -74.17187812234539, 40.550194486285982 ], [ -74.176287712537487, 40.553584563448268 ] ] ] } },
{ "type": "Feature", "properties": { "index": "882a100535fffff" }, "geometry": { "type": "Polygon", "coordinates": [ [ [ -73.771253635614329, 40.736139396276045 ], [ -73.777634703083805, 40.735097543485232 ], [ -73.779618763577474, 40.730642856470709 ], [ -73.775222660945744, 40.727230357104631 ], [ -73.768842621665243, 40.728271994231633 ], [ -73.766857656940431, 40.732726346359044 ], [ -73.771253635614329, 40.736139396276045 ] ] ] } },
{ "type": "Feature", "properties": { "index": "882a100f39fffff" }, "geometry": { "type": "Polygon", "coordinates": [ [ [ -73.903104011189654, 40.772398765459506 ], [ -73.909487755673581, 40.771349213118661 ], [ -73.911461041168266, 40.766890042712113 ], [ -73.907051491093597, 40.763480757411095 ], [ -73.900668774380037, 40.764530091340376 ], [ -73.898694580083458, 40.768988928952439 ], [ -73.903104011189654, 40.772398765459506 ] ] ] } },
{ "type": "Feature", "properties": { "index": "882a100dabfffff" }, "geometry": { "type": "Polygon", "coordinates": [ [ [ -73.957693820153352, 40.689013652976051 ], [ -73.964065296143502, 40.687961960623255 ], [ -73.966029991649805, 40.683506358738668 ], [ -73.961624118161126, 40.680102780584164 ], [ -73.955253665462692, 40.681154253670108 ], [ -73.953288063073018, 40.685609524147544 ], [ -73.957693820153352, 40.689013652976051 ] ] ] } },
{ "type": "Feature", "properties": { "index": "882a100d8dfffff" }, "geometry": { "type": "Polygon", "coordinates": [ [ [ -73.9410157775295, 40.700027475769687 ], [ -73.947389036874483, 40.69897658959178 ], [ -73.949355748878659, 40.694520692163685 ], [ -73.944950108560704, 40.691116012638382 ], [ -73.938577873243275, 40.692166679851546 ], [ -73.936610254328201, 40.696622245524878 ], [ -73.9410157775295, 40.700027475769687 ] ] ] } },
{ "type": "Feature", "properties": { "index": "882a107707fffff" }, "geometry": { "type": "Polygon", "coordinates": [ [ [ -74.005235473225156, 40.648110876494471 ], [ -74.01160057738069, 40.647056992442181 ], [ -74.013559132169092, 40.642602763158997 ], [ -74.009153489348762, 40.639202748264204 ], [ -74.002789405974866, 40.640256412217369 ], [ -74.000829944750961, 40.644710311134467 ], [ -74.005235473225156, 40.648110876494471 ] ] ] } },
{ "type": "Feature", "properties": { "index": "882a106005fffff" }, "geometry": { "type": "Polygon", "coordinates": [ [ [ -74.199419700309306, 40.595132805430069 ], [ -74.205774192394927, 40.594068773000451 ], [ -74.207712438863894, 40.589613891732562 ], [ -74.203297102325024, 40.586223369570014 ], [ -74.196943625711256, 40.587287178187111 ], [ -74.195004470274668, 40.591741732748851 ], [ -74.199419700309306, 40.595132805430069 ] ] ] } },
{ "type": "Feature", "properties": { "index": "882a106201fffff" }, "geometry": { "type": "Polygon", "coordinates": [ [ [ -74.130542305957391, 40.631424089259006 ], [ -74.136902938738857, 40.63036345931507 ], [ -74.138849111355043, 40.625907832011215 ], [ -74.134435560053447, 40.622513162717965 ], [ -74.128075945389028, 40.623573570112526 ], [ -74.126128864019833, 40.628028869319387 ], [ -74.130542305957391, 40.631424089259006 ] ] ] } },
{ "type": "Feature", "properties": { "index": "882a1001d7fffff" }, "geometry": { "type": "Polygon", "coordinates": [ [ [ -73.817004967119502, 40.819595949919048 ], [ -73.823396611729152, 40.818550686270548 ], [ -73.82537992816971, 40.81409055038344 ], [ -73.820972508671517, 40.810676012653211 ], [ -73.814581895217756, 40.811721059485635 ], [ -73.812597670219631, 40.816180860834692 ], [ -73.817004967119502, 40.819595949919048 ] ] ] } },
{ "type": "Feature", "properties": { "index": "882a100a13fffff" }, "geometry": { "type": "Polygon", "coordinates": [ [ [ -73.913201193274944, 40.8700348245576 ], [ -73.919598058256483, 40.868983680469739 ], [ -73.921574506729016, 40.864518965071539 ], [ -73.917155003167522, 40.861105726863833 ], [ -73.910759170085953, 40.862156652060413 ], [ -73.908781808779224, 40.86662103432603 ], [ -73.913201193274944, 40.8700348245576 ] ] ] } },
{ "type": "Feature", "properties": { "index": "882a100f69fffff" }, "geometry": { "type": "Polygon", "coordinates": [ [ [ -73.90448971030726, 40.809392088556336 ], [ -73.910878463723904, 40.808342068393742 ], [ -73.912853174785027, 40.803880840375797 ], [ -73.908440042811023, 40.800469965455846 ], [ -73.902052318764547, 40.801519767074062 ], [ -73.900076697434812, 40.805980662126771 ], [ -73.90448971030726, 40.809392088556336 ] ] ] } },
{ "type": "Feature", "properties": { "index": "882a100195fffff" }, "geometry": { "type": "Polygon", "coordinates": [ [ [ -73.833752981696009, 40.808584885794389 ], [ -73.840142840978402, 40.807538805863743 ], [ -73.842124127992506, 40.803078956686967 ], [ -73.837716464372647, 40.799665521600467 ], [ -73.831327635507279, 40.800711384409333 ], [ -73.829345439957905, 40.805170899396785 ], [ -73.833752981696009, 40.808584885794389 ] ] ] } },
{ "type": "Feature", "properties": { "index": "882a100d45fffff" }, "geometry": { "type": "Polygon", "coordinates": [ [ [ -73.952197701786645, 40.768452549772817 ], [ -73.958580058939901, 40.76740031402273 ], [ -73.960548592479626, 40.762940439000445 ], [ -73.956135678803221, 40.759533131618646 ], [ -73.949754348493357, 40.760585147984393 ], [ -73.947784905128927, 40.765044691086374 ], [ -73.952197701786645, 40.768452549772817 ] ] ] } },
{ "type": "Feature", "properties": { "index": "882a103909fffff" }, "geometry": { "type": "Polygon", "coordinates": [ [ [ -73.837880172066576, 40.626154634955753 ], [ -73.844245191225284, 40.62511024342357 ], [ -73.846218416925865, 40.620660361240695 ], [ -73.841827525183845, 40.617255203711181 ], [ -73.835463528407232, 40.618299378552379 ], [ -73.833489401102398, 40.622748927584553 ], [ -73.837880172066576, 40.626154634955753 ] ] ] } },
{ "type": "Feature", "properties": { "index": "882a107709fffff" }, "geometry": { "type": "Polygon", "coordinates": [ [ [ -73.988582463082068, 40.659126347741093 ], [ -73.994949350197942, 40.658073266235867 ], [ -73.996909916961854, 40.653618738198752 ], [ -73.992504503186396, 40.65021762235029 ], [ -73.986138637587075, 40.651270484057207 ], [ -73.98417716435813, 40.655724681380967 ], [ -73.988582463082068, 40.659126347741093 ] ] ] } },
{ "type": "Feature", "properties": { "index": "882a106037fffff" }, "geometry": { "type": "Polygon", "coordinates": [ [ [ -74.211047533762624, 40.568407039508919 ], [ -74.217398206663091, 40.56734266302994 ], [ -74.219334268001731, 40.562889053197203 ], [ -74.214920564757037, 40.559500146177506 ], [ -74.208570905993184, 40.560564298692533 ], [ -74.206633936447332, 40.565017582160806 ], [ -74.211047533762624, 40.568407039508919 ] ] ] } },
{ "type": "Feature", "properties": { "index": "882a100529fffff" }, "geometry": { "type": "Polygon", "coordinates": [ [ [ -73.767708800732649, 40.757374086755014 ], [ -73.774092814368515, 40.75633221001074 ], [ -73.776078102489748, 40.751876423132806 ], [ -73.771680282052031, 40.748462848031068 ], [ -73.765297297589015, 40.749504509123561 ], [ -73.763311104504012, 40.753959960940101 ], [ -73.767708800732649, 40.757374086755014 ] ] ] } },
{ "type": "Feature", "properties": { "index": "882a100509fffff" }, "geometry": { "type": "Polygon", "coordinates": [ [ [ -73.73777411879405, 40.758122911816479 ], [ -73.744158738578989, 40.757082689808385 ], [ -73.746146849325029, 40.752627430550561 ], [ -73.741751244668691, 40.749212728854168 ], [ -73.735367654541065, 40.750252735809958 ], [ -73.733378639525668, 40.754707659485064 ], [ -73.73777411879405, 40.758122911816479 ] ] ] } },
{ "type": "Feature", "properties": { "index": "882a100c03fffff" }, "geometry": { "type": "Polygon", "coordinates": [ [ [ -73.877723556789903, 40.722837146013788 ], [ -73.88410100404397, 40.721789525925459 ], [ -73.886074576588655, 40.717333559520007 ], [ -73.881671608269556, 40.71392554614652 ], [ -73.875295187006571, 40.714972948472607 ], [ -73.873320708184025, 40.719428581904701 ], [ -73.877723556789903, 40.722837146013788 ] ] ] } },
{ "type": "Feature", "properties": { "index": "882a100a17fffff" }, "geometry": { "type": "Polygon", "coordinates": [ [ [ -73.924018490493978, 40.872397176884292 ], [ -73.930415489967942, 40.871345405798792 ], [ -73.932391025254006, 40.86688035744401 ], [ -73.92797047436585, 40.863467413101347 ], [ -73.921574506729016, 40.864518965071539 ], [ -73.919598058256483, 40.868983680469739 ], [ -73.924018490493978, 40.872397176884292 ] ] ] } },
{ "type": "Feature", "properties": { "index": "882a10740bfffff" }, "geometry": { "type": "Polygon", "coordinates": [ [ [ -73.969054837101368, 40.596300167275544 ], [ -73.975413560585281, 40.595248842157261 ], [ -73.97737332833006, 40.590798154711351 ], [ -73.972975276284529, 40.587399123075684 ], [ -73.966617571889927, 40.588450228966622 ], [ -73.964656900562616, 40.592900585690764 ], [ -73.969054837101368, 40.596300167275544 ] ] ] } },
{ "type": "Feature", "properties": { "index": "882a1008c7fffff" }, "geometry": { "type": "Polygon", "coordinates": [ [ [ -73.966875134248994, 40.81567243818953 ], [ -73.973263658904386, 40.814618884631429 ], [ -73.975232799918729, 40.810156140418108 ], [ -73.970814328398859, 40.806747281645421 ], [ -73.964426832427932, 40.807800615389873 ], [ -73.96245677940513, 40.812263027690662 ], [ -73.966875134248994, 40.81567243818953 ] ] ] } },
{ "type": "Feature", "properties": { "index": "882a103b6dfffff" }, "geometry": { "type": "Polygon", "coordinates": [ [ [ -73.805812662805678, 40.685064505747903 ], [ -73.812186210992692, 40.684021269782399 ], [ -73.814164897921117, 40.679568740546543 ], [ -73.809770939872678, 40.67615978126473 ], [ -73.803398417119595, 40.677202801015824 ], [ -73.801418827093428, 40.681654996233604 ], [ -73.805812662805678, 40.685064505747903 ] ] ] } },
{ "type": "Feature", "properties": { "index": "882a107411fffff" }, "geometry": { "type": "Polygon", "coordinates": [ [ [ -73.964181124895845, 40.58060103237888 ], [ -73.970537810504041, 40.579550145644014 ], [ -73.972497377988887, 40.57510041915517 ], [ -73.968101162840483, 40.571701910094852 ], [ -73.961745495716002, 40.572752577744815 ], [ -73.959785025367253, 40.577201973510178 ], [ -73.964181124895845, 40.58060103237888 ] ] ] } },
{ "type": "Feature", "properties": { "index": "882a100aabfffff" }, "geometry": { "type": "Polygon", "coordinates": [ [ [ -73.933425366386572, 40.837735024864585 ], [ -73.939817477982345, 40.836683096593276 ], [ -73.941790674727201, 40.832219769927917 ], [ -73.937372672053314, 40.828808704114778 ], [ -73.930981590626246, 40.829860413180498 ], [ -73.929007481817351, 40.834323407234983 ], [ -73.933425366386572, 40.837735024864585 ] ] ] } },
{ "type": "Feature", "properties": { "index": "882a1001d1fffff" }, "geometry": { "type": "Polygon", "coordinates": [ [ [ -73.808628098251489, 40.82510108386591 ], [ -73.815020635476372, 40.824056228776044 ], [ -73.817004967119502, 40.819595949919048 ], [ -73.812597670219631, 40.816180860834692 ], [ -73.806206164520106, 40.817225499261461 ], [ -73.80422092430851, 40.821685443406018 ], [ -73.808628098251489, 40.82510108386591 ] ] ] } },
{ "type": "Feature", "properties": { "index": "882a100551fffff" }, "geometry": { "type": "Polygon", "coordinates": [ [ [ -73.716215393595078, 40.753370693922164 ], [ -73.72259972886026, 40.752331718391332 ], [ -73.724589647792826, 40.747877130472482 ], [ -73.720196135138352, 40.744461853984781 ], [ -73.713812829646486, 40.745500614909822 ], [ -73.711822007149053, 40.749954866899031 ], [ -73.716215393595078, 40.753370693922164 ] ] ] } },
{ "type": "Feature", "properties": { "index": "882a100ee7fffff" }, "geometry": { "type": "Polygon", "coordinates": [ [ [ -73.828674252808213, 40.726750366237781 ], [ -73.835053070617008, 40.725705425431443 ], [ -73.837031382118852, 40.721250168233958 ], [ -73.832631781176175, 40.717840185657153 ], [ -73.826253990275987, 40.718884909673591 ], [ -73.824274773522475, 40.723339833027154 ], [ -73.828674252808213, 40.726750366237781 ] ] ] } },
{ "type": "Feature", "properties": { "index": "882a103835fffff" }, "geometry": { "type": "Polygon", "coordinates": [ [ [ -73.795978300128255, 40.587650111330184 ], [ -73.802338818932569, 40.586608443147234 ], [ -73.804314324845819, 40.582161480614317 ], [ -73.799930211193512, 40.578756519904061 ], [ -73.793570713729807, 40.579797972342959 ], [ -73.791594308689554, 40.584244601206741 ], [ -73.795978300128255, 40.587650111330184 ] ] ] } },
{ "type": "Feature", "properties": { "index": "882a1062e1fffff" }, "geometry": { "type": "Polygon", "coordinates": [ [ [ -74.128984186044988, 40.594512998403459 ], [ -74.13533985520246, 40.593452860516201 ], [ -74.137284646511077, 40.588999308166414 ], [ -74.132874676063409, 40.585606221605488 ], [ -74.126520023450084, 40.586666137083164 ], [ -74.124574324850727, 40.591119361501107 ], [ -74.128984186044988, 40.594512998403459 ] ] ] } },
{ "type": "Feature", "properties": { "index": "882a1039a5fffff" }, "geometry": { "type": "Polygon", "coordinates": [ [ [ -73.869868266146739, 40.567278080726652 ], [ -73.876224774983811, 40.56623254545886 ], [ -73.878192559192229, 40.561785321211637 ], [ -73.873804734786688, 40.558383964487881 ], [ -73.867449245291198, 40.559429282591829 ], [ -73.865480560970965, 40.563876174553819 ], [ -73.869868266146739, 40.567278080726652 ] ] ] } },
{ "type": "Feature", "properties": { "index": "882a1005b1fffff" }, "geometry": { "type": "Polygon", "coordinates": [ [ [ -73.74363030602548, 40.678711672494643 ], [ -73.750004041799215, 40.677671949105736 ], [ -73.751988250288278, 40.673220947593201 ], [ -73.747599624474205, 40.669810004498181 ], [ -73.741226914794211, 40.670849512937522 ], [ -73.739241804947184, 40.675300179392117 ], [ -73.74363030602548, 40.678711672494643 ] ] ] } },
{ "type": "Feature", "properties": { "index": "882a100e2dfffff" }, "geometry": { "type": "Polygon", "coordinates": [ [ [ -73.854004014221474, 40.776324213452895 ], [ -73.860389136964145, 40.775277346274464 ], [ -73.862367172722628, 40.770818885173554 ], [ -73.857960993625937, 40.76740762488884 ], [ -73.851576899576372, 40.768454274629626 ], [ -73.849597956043283, 40.772912402063071 ], [ -73.854004014221474, 40.776324213452895 ] ] ] } },
{ "type": "Feature", "properties": { "index": "882a1072c5fffff" }, "geometry": { "type": "Polygon", "coordinates": [ [ [ -74.010613924865353, 40.729862375606345 ], [ -74.016990019323032, 40.728807312695771 ], [ -74.018951481085722, 40.724348470224164 ], [ -74.014537758225813, 40.720945021334245 ], [ -74.008162688024711, 40.721999863802061 ], [ -74.006200316538823, 40.72645837557247 ], [ -74.010613924865353, 40.729862375606345 ] ] ] } },
{ "type": "Feature", "properties": { "index": "882a103b69fffff" }, "geometry": { "type": "Polygon", "coordinates": [ [ [ -73.795045417513251, 40.682697610699392 ], [ -73.801418827093428, 40.681654996233604 ], [ -73.803398417119595, 40.677202801015824 ], [ -73.799005500426162, 40.673793554425892 ], [ -73.792633116339303, 40.674835952899763 ], [ -73.790652623565023, 40.679287813925981 ], [ -73.795045417513251, 40.682697610699392 ] ] ] } },
{ "type": "Feature", "properties": { "index": "882a100169fffff" }, "geometry": { "type": "Polygon", "coordinates": [ [ [ -73.862921114808842, 40.903124416070135 ], [ -73.869323363217532, 40.902075725143639 ], [ -73.87130591482051, 40.897610149383894 ], [ -73.86688713103824, 40.894193598702422 ], [ -73.860485916760425, 40.895242071655055 ], [ -73.858502452247762, 40.899707313233158 ], [ -73.862921114808842, 40.903124416070135 ] ] ] } },
{ "type": "Feature", "properties": { "index": "882a100131fffff" }, "geometry": { "type": "Polygon", "coordinates": [ [ [ -73.869943837154239, 40.860576211785599 ], [ -73.87634015952041, 40.859527574713859 ], [ -73.878320257215449, 40.855064192900706 ], [ -73.873904944082085, 40.851649781964859 ], [ -73.867509653864744, 40.852698201041342 ], [ -73.865528644745368, 40.857161249019107 ], [ -73.869943837154239, 40.860576211785599 ] ] ] } },
{ "type": "Feature", "properties": { "index": "882a106247fffff" }, "geometry": { "type": "Polygon", "coordinates": [ [ [ -74.12469967768709, 40.644792060157691 ], [ -74.131062223667598, 40.643731606322696 ], [ -74.133009494993985, 40.639275346525551 ], [ -74.128595129582976, 40.635879868801673 ], [ -74.122233602389727, 40.636940100164388 ], [ -74.120285421931044, 40.64139603169302 ], [ -74.12469967768709, 40.644792060157691 ] ] ] } },
{ "type": "Feature", "properties": { "index": "882a100a8bfffff" }, "geometry": { "type": "Polygon", "coordinates": [ [ [ -73.903438047625585, 40.838526549631247 ], [ -73.909830786860084, 40.837476280680292 ], [ -73.911806822160983, 40.833013474789666 ], [ -73.907391029714773, 40.829601270956985 ], [ -73.900999321145449, 40.830651321302078 ], [ -73.899022374470277, 40.835113794055864 ], [ -73.903438047625585, 40.838526549631247 ] ] ] } },
{ "type": "Feature", "properties": { "index": "882a100d09fffff" }, "geometry": { "type": "Polygon", "coordinates": [ [ [ -73.947311818527027, 40.752718483859674 ], [ -73.953692122299884, 40.751666686806793 ], [ -73.955660452942297, 40.747207768842308 ], [ -73.951249389022607, 40.743800979823391 ], [ -73.944870111480441, 40.744852557634815 ], [ -73.942900871739624, 40.749311143676671 ], [ -73.947311818527027, 40.752718483859674 ] ] ] } },
{ "type": "Feature", "properties": { "index": "882a1072bbfffff" }, "geometry": { "type": "Polygon", "coordinates": [ [ [ -74.01747815304455, 40.68739428778192 ], [ -74.023848365663781, 40.686339302160029 ], [ -74.025807415082298, 40.681882674348671 ], [ -74.021397160236134, 40.678481362488348 ], [ -74.01502796991744, 40.67953612765298 ], [ -74.013068012255943, 40.683992425105146 ], [ -74.01747815304455, 40.68739428778192 ] ] ] } },
{ "type": "Feature", "properties": { "index": "882a1076b7fffff" }, "geometry": { "type": "Polygon", "coordinates": [ [ [ -73.927067834705355, 40.557856029961556 ], [ -73.93342208867503, 40.556807437071221 ], [ -73.935384161102419, 40.552359664558324 ], [ -73.930992880782213, 40.548960816152274 ], [ -73.924639644877686, 40.550009190763582 ], [ -73.922676671339218, 40.554456632030309 ], [ -73.927067834705355, 40.557856029961556 ] ] ] } },
{ "type": "Feature", "properties": { "index": "882a107701fffff" }, "geometry": { "type": "Polygon", "coordinates": [ [ [ -73.996909916961854, 40.653618738198752 ], [ -74.003275912611485, 40.652565255281502 ], [ -74.005235473225156, 40.648110876494471 ], [ -74.000829944750961, 40.644710311134467 ], [ -73.994464970250434, 40.645763574102965 ], [ -73.992504503186396, 40.65021762235029 ], [ -73.996909916961854, 40.653618738198752 ] ] ] } },
{ "type": "Feature", "properties": { "index": "882a1076b9fffff" }, "geometry": { "type": "Polygon", "coordinates": [ [ [ -73.910429515635244, 40.568848007763243 ], [ -73.916785541295624, 40.567800215672207 ], [ -73.918749619647201, 40.563352144539387 ], [ -73.914358573586583, 40.559952197060184 ], [ -73.908003566720424, 40.560999771172838 ], [ -73.906038587231819, 40.565447510713405 ], [ -73.910429515635244, 40.568848007763243 ] ] ] } },
{ "type": "Feature", "properties": { "index": "882a106015fffff" }, "geometry": { "type": "Polygon", "coordinates": [ [ [ -74.183702656709258, 40.577114696195792 ], [ -74.190054997147371, 40.576051731053774 ], [ -74.191993967441746, 40.571598138505358 ], [ -74.187581505311542, 40.568207837955647 ], [ -74.181230179813284, 40.569270579651146 ], [ -74.179290301615438, 40.57372384531255 ], [ -74.183702656709258, 40.577114696195792 ] ] ] } },
{ "type": "Feature", "properties": { "index": "882a10729bfffff" }, "geometry": { "type": "Polygon", "coordinates": [ [ [ -73.987586153338412, 40.688207830434131 ], [ -73.993956999370255, 40.687154491245892 ], [ -73.995918872334755, 40.682698375572883 ], [ -73.991510806943083, 40.679295929941546 ], [ -73.985140983708177, 40.680349049267576 ], [ -73.983178203179733, 40.684804834057154 ], [ -73.987586153338412, 40.688207830434131 ] ] ] } },
{ "type": "Feature", "properties": { "index": "882a1074d1fffff" }, "geometry": { "type": "Polygon", "coordinates": [ [ [ -73.932954851828555, 40.544513524401772 ], [ -73.939307202208212, 40.54346474995446 ], [ -73.941268171084388, 40.539017607972873 ], [ -73.936877690431487, 40.535619571482599 ], [ -73.930526357450077, 40.53666812757168 ], [ -73.928564487834208, 40.541114938479552 ], [ -73.932954851828555, 40.544513524401772 ] ] ] } },
{ "type": "Feature", "properties": { "index": "882a103b45fffff" }, "geometry": { "type": "Polygon", "coordinates": [ [ [ -73.784279353049627, 40.680329806990031 ], [ -73.790652623565023, 40.679287813925981 ], [ -73.792633116339303, 40.674835952899763 ], [ -73.788241241109077, 40.671426419273061 ], [ -73.781868996146173, 40.672468196567692 ], [ -73.77988760097351, 40.676919723228956 ], [ -73.784279353049627, 40.680329806990031 ] ] ] } },
{ "type": "Feature", "properties": { "index": "882a100c5bfffff" }, "geometry": { "type": "Polygon", "coordinates": [ [ [ -73.839453592954442, 40.729115669725857 ], [ -73.845832548152671, 40.728070106110629 ], [ -73.847809954052636, 40.723614515243383 ], [ -73.843409310468815, 40.720204821631484 ], [ -73.837031382118852, 40.721250168233958 ], [ -73.835053070617008, 40.725705425431443 ], [ -73.839453592954442, 40.729115669725857 ] ] ] } },
{ "type": "Feature", "properties": { "index": "882a1001cbfffff" }, "geometry": { "type": "Polygon", "coordinates": [ [ [ -73.813474420024335, 40.840854467400042 ], [ -73.819869021228357, 40.839809178771766 ], [ -73.821853566016827, 40.835347945147674 ], [ -73.817444419010627, 40.831932334833986 ], [ -73.811050849950973, 40.832977406657669 ], [ -73.809065395866654, 40.83743830556994 ], [ -73.813474420024335, 40.840854467400042 ] ] ] } },
{ "type": "Feature", "properties": { "index": "882a106007fffff" }, "geometry": { "type": "Polygon", "coordinates": [ [ [ -74.196943625711256, 40.587287178187111 ], [ -74.203297102325024, 40.586223369570014 ], [ -74.205235256611175, 40.581768969265795 ], [ -74.200820843000116, 40.578378704256949 ], [ -74.194468381558224, 40.579442289134072 ], [ -74.192529318665649, 40.58389636272959 ], [ -74.196943625711256, 40.587287178187111 ] ] ] } },
{ "type": "Feature", "properties": { "index": "882a103b2bfffff" }, "geometry": { "type": "Polygon", "coordinates": [ [ [ -73.806921204261329, 40.65598793844228 ], [ -73.813290790938439, 40.654944946203976 ], [ -73.815268151139762, 40.650493999885178 ], [ -73.810876826783627, 40.647086379619495 ], [ -73.804508264255531, 40.648129155702797 ], [ -73.802530002046765, 40.652579768177304 ], [ -73.806921204261329, 40.65598793844228 ] ] ] } },
{ "type": "Feature", "properties": { "index": "882a1061d9fffff" }, "geometry": { "type": "Polygon", "coordinates": [ [ [ -74.208570905993184, 40.560564298692533 ], [ -74.214920564757037, 40.559500146177506 ], [ -74.216856534416877, 40.555047017626627 ], [ -74.212443753269255, 40.551658367927381 ], [ -74.206095108342666, 40.552722296551032 ], [ -74.204158230836313, 40.557175098734881 ], [ -74.208570905993184, 40.560564298692533 ] ] ] } },
{ "type": "Feature", "properties": { "index": "882a100de9fffff" }, "geometry": { "type": "Polygon", "coordinates": [ [ [ -73.945894048720078, 40.715751285341689 ], [ -73.952269357036343, 40.714699961020393 ], [ -73.954236271918475, 40.710243105386823 ], [ -73.94982878623108, 40.706837905797457 ], [ -73.94345450255318, 40.707889011011389 ], [ -73.941486680036391, 40.712345534892144 ], [ -73.945894048720078, 40.715751285341689 ] ] ] } },
{ "type": "Feature", "properties": { "index": "882a10603dfffff" }, "geometry": { "type": "Polygon", "coordinates": [ [ [ -74.205235256611175, 40.581768969265795 ], [ -74.211587838597765, 40.58070476456102 ], [ -74.213524992059334, 40.576250518766152 ], [ -74.2091104722317, 40.572860804180905 ], [ -74.202758905049023, 40.573924784997331 ], [ -74.200820843000116, 40.578378704256949 ], [ -74.205235256611175, 40.581768969265795 ] ] ] } },
{ "type": "Feature", "properties": { "index": "882a10725dfffff" }, "geometry": { "type": "Polygon", "coordinates": [ [ [ -74.003737305451295, 40.772352434381041 ], [ -74.010119292429792, 40.771297296559617 ], [ -74.012083172001581, 40.766836243050811 ], [ -74.007665975913952, 40.763430658376748 ], [ -74.00128501515357, 40.764485575770451 ], [ -73.999320224374898, 40.768946298235853 ], [ -74.003737305451295, 40.772352434381041 ] ] ] } },
{ "type": "Feature", "properties": { "index": "882a100ab7fffff" }, "geometry": { "type": "Polygon", "coordinates": [ [ [ -73.936901683125811, 40.816472676508411 ], [ -73.943290838743053, 40.815420780140997 ], [ -73.945262816892694, 40.810958554280276 ], [ -73.940846550859249, 40.807548557195702 ], [ -73.93445842442415, 40.80860023434834 ], [ -73.932485534953173, 40.81306212777038 ], [ -73.936901683125811, 40.816472676508411 ] ] ] } },
{ "type": "Feature", "properties": { "index": "882a10051dfffff" }, "geometry": { "type": "Polygon", "coordinates": [ [ [ -73.732962001697274, 40.742383300991392 ], [ -73.739344562476433, 40.741343509017753 ], [ -73.741332455597799, 40.736889206012442 ], [ -73.73693869160023, 40.733475030533313 ], [ -73.730557159860822, 40.734514607594996 ], [ -73.72856836319238, 40.738968575018369 ], [ -73.732962001697274, 40.742383300991392 ] ] ] } },
{ "type": "Feature", "properties": { "index": "882a1076edfffff" }, "geometry": { "type": "Polygon", "coordinates": [ [ [ -73.922571486286557, 40.608100332075345 ], [ -73.928932610467996, 40.607051449028639 ], [ -73.930897198074689, 40.602600976090159 ], [ -73.926501564542917, 40.599199717758374 ], [ -73.920141460672752, 40.600248382472031 ], [ -73.91817597013447, 40.604698523820772 ], [ -73.922571486286557, 40.608100332075345 ] ] ] } },
{ "type": "Feature", "properties": { "index": "882a10761dfffff" }, "geometry": { "type": "Polygon", "coordinates": [ [ [ -73.908342980051927, 40.626952372268853 ], [ -73.914706900804632, 40.625904074528215 ], [ -73.916673601044621, 40.621452824825191 ], [ -73.912277283960591, 40.618050204768892 ], [ -73.905914384554663, 40.619098284406938 ], [ -73.9039467809976, 40.623549202174139 ], [ -73.908342980051927, 40.626952372268853 ] ] ] } },
{ "type": "Feature", "properties": { "index": "882a100d13fffff" }, "geometry": { "type": "Polygon", "coordinates": [ [ [ -73.937549923791039, 40.721259208718557 ], [ -73.943926124477599, 40.720208288203331 ], [ -73.945894048720078, 40.715751285341689 ], [ -73.941486680036391, 40.712345534892144 ], [ -73.935111504356612, 40.713396236451295 ], [ -73.933142672465877, 40.717852907386209 ], [ -73.937549923791039, 40.721259208718557 ] ] ] } },
{ "type": "Feature", "properties": { "index": "882a1000bdfffff" }, "geometry": { "type": "Polygon", "coordinates": [ [ [ -73.779778525550824, 40.796733078011407 ], [ -73.786167689682216, 40.795690121952113 ], [ -73.788153515851405, 40.791231945467949 ], [ -73.783751084776711, 40.787817060075362 ], [ -73.777362951362377, 40.78885980013073 ], [ -73.775376218419026, 40.793317641553088 ], [ -73.779778525550824, 40.796733078011407 ] ] ] } },
{ "type": "Feature", "properties": { "index": "882a10018dfffff" }, "geometry": { "type": "Polygon", "coordinates": [ [ [ -73.841033934390609, 40.832209818344538 ], [ -73.84742688677737, 40.83116308662337 ], [ -73.8494084905996, 40.826701804677938 ], [ -73.844998051774553, 40.823287588611834 ], [ -73.838606130731563, 40.824334102998577 ], [ -73.836623617283209, 40.828795050756142 ], [ -73.841033934390609, 40.832209818344538 ] ] ] } },
{ "type": "Feature", "properties": { "index": "882a100c47fffff" }, "geometry": { "type": "Polygon", "coordinates": [ [ [ -73.874227568571598, 40.744072479801225 ], [ -73.880607960151139, 40.74302482942187 ], [ -73.882582751157656, 40.738567760014824 ], [ -73.878178057711082, 40.73515867410363 ], [ -73.871798693104139, 40.736206106730734 ], [ -73.869822995083737, 40.740662842991561 ], [ -73.874227568571598, 40.744072479801225 ] ] ] } },
{ "type": "Feature", "properties": { "index": "882a10385dfffff" }, "geometry": { "type": "Polygon", "coordinates": [ [ [ -73.743521671162739, 40.612720174062794 ], [ -73.749886465401985, 40.611681144139894 ], [ -73.75186790092971, 40.607233786827543 ], [ -73.747485441158119, 40.603825794115942 ], [ -73.741121670136991, 40.604864609275026 ], [ -73.739139335781474, 40.609311631880239 ], [ -73.743521671162739, 40.612720174062794 ] ] ] } },
{ "type": "Feature", "properties": { "index": "882a107403fffff" }, "geometry": { "type": "Polygon", "coordinates": [ [ [ -73.97737332833006, 40.590798154711351 ], [ -73.983731163281718, 40.589746429383496 ], [ -73.985689927353334, 40.585295891827286 ], [ -73.981291760152672, 40.581897410117591 ], [ -73.974934943924495, 40.582948916067977 ], [ -73.972975276284529, 40.587399123075684 ], [ -73.97737332833006, 40.590798154711351 ] ] ] } },
{ "type": "Feature", "properties": { "index": "882a107449fffff" }, "geometry": { "type": "Polygon", "coordinates": [ [ [ -73.957284681190501, 40.623008337400513 ], [ -73.963647222205992, 40.621957375462948 ], [ -73.965609199563858, 40.61750542868289 ], [ -73.961209540347625, 40.614104774877198 ], [ -73.954848019760121, 40.615155517745563 ], [ -73.95288513807219, 40.619607133458949 ], [ -73.957284681190501, 40.623008337400513 ] ] ] } },
{ "type": "Feature", "properties": { "index": "882a100a9dfffff" }, "geometry": { "type": "Polygon", "coordinates": [ [ [ -73.900999321145449, 40.830651321302078 ], [ -73.907391029714773, 40.829601270956985 ], [ -73.909366961597669, 40.825138942651336 ], [ -73.90495209603408, 40.821726997798756 ], [ -73.898561417821497, 40.822776829609275 ], [ -73.896584574928823, 40.827238824777112 ], [ -73.900999321145449, 40.830651321302078 ] ] ] } },
{ "type": "Feature", "properties": { "index": "882a107417fffff" }, "geometry": { "type": "Polygon", "coordinates": [ [ [ -73.972497377988887, 40.57510041915517 ], [ -73.978853175796246, 40.574049132511014 ], [ -73.980811740225903, 40.56959955607131 ], [ -73.976415409809022, 40.566201596796247 ], [ -73.970060630120003, 40.567252664205448 ], [ -73.968101162840483, 40.571701910094852 ], [ -73.972497377988887, 40.57510041915517 ] ] ] } },
{ "type": "Feature", "properties": { "index": "882a100c6dfffff" }, "geometry": { "type": "Polygon", "coordinates": [ [ [ -73.898234358392926, 40.756662155537683 ], [ -73.904616047643216, 40.755613039948805 ], [ -73.906589126810445, 40.751154826280661 ], [ -73.902181424916165, 40.747746060967678 ], [ -73.895800762822134, 40.748794958287327 ], [ -73.893826775578702, 40.753252839159394 ], [ -73.898234358392926, 40.756662155537683 ] ] ] } },
{ "type": "Feature", "properties": { "index": "882a100c39fffff" }, "geometry": { "type": "Polygon", "coordinates": [ [ [ -73.886074576588655, 40.717333559520007 ], [ -73.892451133124823, 40.716285534566559 ], [ -73.894423695606292, 40.711829714183352 ], [ -73.890020607929472, 40.708422251523309 ], [ -73.883645077016553, 40.709470058562758 ], [ -73.881671608269556, 40.71392554614652 ], [ -73.886074576588655, 40.717333559520007 ] ] ] } },
{ "type": "Feature", "properties": { "index": "882a100c05fffff" }, "geometry": { "type": "Polygon", "coordinates": [ [ [ -73.890936031306325, 40.733062780386113 ], [ -73.89731464000819, 40.732014319391702 ], [ -73.899287409312294, 40.727557541448228 ], [ -73.894882477016083, 40.724149557267673 ], [ -73.888504894550309, 40.725197800206089 ], [ -73.886531218257034, 40.729654245351334 ], [ -73.890936031306325, 40.733062780386113 ] ] ] } },
{ "type": "Feature", "properties": { "index": "882a1008ddfffff" }, "geometry": { "type": "Polygon", "coordinates": [ [ [ -73.945262816892694, 40.810958554280276 ], [ -73.951651076531292, 40.809906251755763 ], [ -73.953622041212185, 40.805444171543421 ], [ -73.949205657674909, 40.802034726089801 ], [ -73.942818426847793, 40.803086809247525 ], [ -73.940846550859249, 40.807548557195702 ], [ -73.945262816892694, 40.810958554280276 ] ] ] } },
{ "type": "Feature", "properties": { "index": "882a10774dfffff" }, "geometry": { "type": "Polygon", "coordinates": [ [ [ -73.985140983708177, 40.680349049267576 ], [ -73.991510806943083, 40.679295929941546 ], [ -73.993472580050025, 40.674840293733489 ], [ -73.989065437236007, 40.671438107706138 ], [ -73.982696636493671, 40.672491007241469 ], [ -73.980733956184437, 40.676946312564873 ], [ -73.985140983708177, 40.680349049267576 ] ] ] } },
{ "type": "Feature", "properties": { "index": "882a100da7fffff" }, "geometry": { "type": "Polygon", "coordinates": [ [ [ -73.976807487799121, 40.685857551115532 ], [ -73.983178203179733, 40.684804834057154 ], [ -73.985140983708177, 40.680349049267576 ], [ -73.980733956184437, 40.676946312564873 ], [ -73.97436426366437, 40.677998809983286 ], [ -73.97240057591921, 40.682454263714419 ], [ -73.976807487799121, 40.685857551115532 ] ] ] } },
{ "type": "Feature", "properties": { "index": "882a100e85fffff" }, "geometry": { "type": "Polygon", "coordinates": [ [ [ -73.815477779092788, 40.716518739931814 ], [ -73.821855432083822, 40.715474638403634 ], [ -73.8238345429682, 40.711020193710155 ], [ -73.819436905514408, 40.707610184533308 ], [ -73.813060279184882, 40.708654069565014 ], [ -73.811080263760232, 40.713108180240468 ], [ -73.815477779092788, 40.716518739931814 ] ] ] } },
{ "type": "Feature", "properties": { "index": "882a103b29fffff" }, "geometry": { "type": "Polygon", "coordinates": [ [ [ -73.809334956273233, 40.663847463651408 ], [ -73.815705567405473, 40.662804255187623 ], [ -73.817683033498383, 40.658352829556456 ], [ -73.813290790938439, 40.654944946203976 ], [ -73.806921204261329, 40.65598793844228 ], [ -73.804942835801299, 40.660439030229078 ], [ -73.809334956273233, 40.663847463651408 ] ] ] } },
{ "type": "Feature", "properties": { "index": "882a100e83fffff" }, "geometry": { "type": "Polygon", "coordinates": [ [ [ -73.802287196388079, 40.706287035053734 ], [ -73.808663684289527, 40.705243772189668 ], [ -73.810643593436097, 40.700790140256146 ], [ -73.806247918623072, 40.697380105349055 ], [ -73.79987245713572, 40.698423152009902 ], [ -73.797891644159876, 40.702876449751564 ], [ -73.802287196388079, 40.706287035053734 ] ] ] } },
{ "type": "Feature", "properties": { "index": "882a107459fffff" }, "geometry": { "type": "Polygon", "coordinates": [ [ [ -73.94165410365575, 40.60495266183036 ], [ -73.948014472378361, 40.603902757774733 ], [ -73.949977152050067, 40.599452102377228 ], [ -73.94558036637487, 40.596051682247989 ], [ -73.939221017535758, 40.597101367598405 ], [ -73.937257434599616, 40.601551691753485 ], [ -73.94165410365575, 40.60495266183036 ] ] ] } },
{ "type": "Feature", "properties": { "index": "882a100ccdfffff" }, "geometry": { "type": "Polygon", "coordinates": [ [ [ -73.851316282670595, 40.702385620826583 ], [ -73.857691406201511, 40.701339680709701 ], [ -73.859666581862271, 40.696885338152512 ], [ -73.85526753896076, 40.693477269005271 ], [ -73.84889344092997, 40.694522991946918 ], [ -73.846917360412903, 40.698977001181397 ], [ -73.851316282670595, 40.702385620826583 ] ] ] } },
{ "type": "Feature", "properties": { "index": "882a100a81fffff" }, "geometry": { "type": "Polygon", "coordinates": [ [ [ -73.91424750654717, 40.840888743338631 ], [ -73.920640380524986, 40.839837848285626 ], [ -73.92261550409998, 40.835374709433822 ], [ -73.918198665536167, 40.831962798566281 ], [ -73.911806822160983, 40.833013474789666 ], [ -73.909830786860084, 40.837476280680292 ], [ -73.91424750654717, 40.840888743338631 ] ] ] } },
{ "type": "Feature", "properties": { "index": "882a107639fffff" }, "geometry": { "type": "Polygon", "coordinates": [ [ [ -73.927433987556952, 40.62380645676577 ], [ -73.933797153272423, 40.622757136839816 ], [ -73.935761944234557, 40.618305703744305 ], [ -73.931364473243505, 40.614903922133394 ], [ -73.925002328447007, 40.615953023584204 ], [ -73.923036633834059, 40.620404125091291 ], [ -73.927433987556952, 40.62380645676577 ] ] ] } },
{ "type": "Feature", "properties": { "index": "882a100d53fffff" }, "geometry": { "type": "Polygon", "coordinates": [ [ [ -73.923292952265186, 40.740139389872823 ], [ -73.929671963654087, 40.739089059078204 ], [ -73.931642009894176, 40.734631283788659 ], [ -73.927233952894966, 40.731224171537718 ], [ -73.920855967555994, 40.7322742836079 ], [ -73.918885013278626, 40.73673172662361 ], [ -73.923292952265186, 40.740139389872823 ] ] ] } },
{ "type": "Feature", "properties": { "index": "882a1062c3fffff" }, "geometry": { "type": "Polygon", "coordinates": [ [ [ -74.096691434534449, 40.587507906748087 ], [ -74.103046730474944, 40.586449628484225 ], [ -74.104994242625992, 40.581997060456175 ], [ -74.100587365207801, 40.578603099119626 ], [ -74.094233086009893, 40.579661155637361 ], [ -74.092284667598122, 40.584113395207616 ], [ -74.096691434534449, 40.587507906748087 ] ] ] } },
{ "type": "Feature", "properties": { "index": "882a10756dfffff" }, "geometry": { "type": "Polygon", "coordinates": [ [ [ -74.073285072352661, 40.640954459742417 ], [ -74.079648011151818, 40.639896890185646 ], [ -74.081599921401818, 40.635441793304928 ], [ -74.077189800734274, 40.632044595095493 ], [ -74.070827881354887, 40.633101943216083 ], [ -74.068875063334261, 40.637556710952147 ], [ -74.073285072352661, 40.640954459742417 ] ] ] } },
{ "type": "Feature", "properties": { "index": "882a1008d7fffff" }, "geometry": { "type": "Polygon", "coordinates": [ [ [ -73.951176520508454, 40.797573123871651 ], [ -73.957562855698228, 40.796520634987438 ], [ -73.959532705704206, 40.79205917875538 ], [ -73.95511713156273, 40.788650543468499 ], [ -73.948731824506723, 40.789702812905588 ], [ -73.946761063571074, 40.794163937046676 ], [ -73.951176520508454, 40.797573123871651 ] ] ] } },
{ "type": "Feature", "properties": { "index": "882a103839fffff" }, "geometry": { "type": "Polygon", "coordinates": [ [ [ -73.776895254665007, 40.590773071679315 ], [ -73.783256517852195, 40.589732425643547 ], [ -73.785233928347822, 40.58528565058181 ], [ -73.780850974557595, 40.581879855541281 ], [ -73.774490733133518, 40.582920286206132 ], [ -73.772512423848454, 40.58736672725307 ], [ -73.776895254665007, 40.590773071679315 ] ] ] } },
{ "type": "Feature", "properties": { "index": "882a107755fffff" }, "geometry": { "type": "Polygon", "coordinates": [ [ [ -73.977810407688139, 40.656777141549313 ], [ -73.98417716435813, 40.655724681380967 ], [ -73.986138637587075, 40.651270484057207 ], [ -73.981734260375944, 40.647869077760042 ], [ -73.975368525285987, 40.648921318352087 ], [ -73.973406145938611, 40.653375184787663 ], [ -73.977810407688139, 40.656777141549313 ] ] ] } },
{ "type": "Feature", "properties": { "index": "882a100ebdfffff" }, "geometry": { "type": "Polygon", "coordinates": [ [ [ -73.821415910481605, 40.703156218581739 ], [ -73.8277916484858, 40.702111927933174 ], [ -73.829769643319423, 40.697658106960873 ], [ -73.825372804429847, 40.694248910451897 ], [ -73.818998092413295, 40.695292984522418 ], [ -73.817019193411198, 40.699746471650393 ], [ -73.821415910481605, 40.703156218581739 ] ] ] } },
{ "type": "Feature", "properties": { "index": "882a1060e9fffff" }, "geometry": { "type": "Polygon", "coordinates": [ [ [ -74.178758531891916, 40.561427201990696 ], [ -74.185108842750154, 40.560364683669249 ], [ -74.187047627685757, 40.555912053457398 ], [ -74.182637009055426, 40.552522268428447 ], [ -74.176287712537487, 40.553584563448268 ], [ -74.174348020419558, 40.55803686676834 ], [ -74.178758531891916, 40.561427201990696 ] ] ] } },
{ "type": "Feature", "properties": { "index": "882a107401fffff" }, "geometry": { "type": "Polygon", "coordinates": [ [ [ -73.979812531608971, 40.598648134852638 ], [ -73.986171385586914, 40.597596190076004 ], [ -73.988130249403795, 40.593145172082593 ], [ -73.983731163281718, 40.589746429383496 ], [ -73.97737332833006, 40.590798154711351 ], [ -73.975413560585281, 40.595248842157261 ], [ -73.979812531608971, 40.598648134852638 ] ] ] } },
{ "type": "Feature", "properties": { "index": "882a100d87fffff" }, "geometry": { "type": "Polygon", "coordinates": [ [ [ -73.946916719050549, 40.686660594435736 ], [ -73.953288063073018, 40.685609524147544 ], [ -73.955253665462692, 40.681154253670108 ], [ -73.95084883047744, 40.677750385032944 ], [ -73.944478509809599, 40.678801236276584 ], [ -73.942512000884207, 40.683256175172097 ], [ -73.946916719050549, 40.686660594435736 ] ] ] } },
{ "type": "Feature", "properties": { "index": "882a103959fffff" }, "geometry": { "type": "Polygon", "coordinates": [ [ [ -73.808028376046792, 40.626921966684186 ], [ -73.814394006130655, 40.625879218726645 ], [ -73.816370041370575, 40.621429856797967 ], [ -73.811981347557719, 40.618023576467813 ], [ -73.805616740340355, 40.619066108329797 ], [ -73.803639804181358, 40.623515136588011 ], [ -73.808028376046792, 40.626921966684186 ] ] ] } },
{ "type": "Feature", "properties": { "index": "882a100189fffff" }, "geometry": { "type": "Polygon", "coordinates": [ [ [ -73.83023080282112, 40.829841156835293 ], [ -73.836623617283209, 40.828795050756142 ], [ -73.838606130731563, 40.824334102998577 ], [ -73.834196739104883, 40.820919595653358 ], [ -73.827804956047359, 40.821965484621877 ], [ -73.825821533325325, 40.826426098016583 ], [ -73.83023080282112, 40.829841156835293 ] ] ] } },
{ "type": "Feature", "properties": { "index": "882a1061d3fffff" }, "geometry": { "type": "Polygon", "coordinates": [ [ [ -74.21437963119574, 40.547205720739029 ], [ -74.220727382552425, 40.546141397025742 ], [ -74.222662261224315, 40.541688905084186 ], [ -74.218250296116096, 40.538301063021819 ], [ -74.21190355793027, 40.539365162768213 ], [ -74.209967771791554, 40.54381732851347 ], [ -74.21437963119574, 40.547205720739029 ] ] ] } },
{ "type": "Feature", "properties": { "index": "882a10619dfffff" }, "geometry": { "type": "Polygon", "coordinates": [ [ [ -74.233422111073352, 40.544011735815893 ], [ -74.239769087957484, 40.542946398417428 ], [ -74.24170205991193, 40.538493736126611 ], [ -74.237288962879987, 40.535106737051052 ], [ -74.230942998730967, 40.536171850114165 ], [ -74.229009118988415, 40.540624186557764 ], [ -74.233422111073352, 40.544011735815893 ] ] ] } },
{ "type": "Feature", "properties": { "index": "882a1060b9fffff" }, "geometry": { "type": "Polygon", "coordinates": [ [ [ -74.177164890668251, 40.524548754743861 ], [ -74.18351025429638, 40.523486734016814 ], [ -74.185447669167303, 40.519036184328506 ], [ -74.181040626243899, 40.515647982064699 ], [ -74.17469627539208, 40.51670977963137 ], [ -74.172757954797092, 40.52116000259192 ], [ -74.177164890668251, 40.524548754743861 ] ] ] } },
{ "type": "Feature", "properties": { "index": "882a106069fffff" }, "geometry": { "type": "Polygon", "coordinates": [ [ [ -74.19607749009397, 40.616346353984 ], [ -74.202434909732972, 40.615282270521689 ], [ -74.204374342475646, 40.610826273547453 ], [ -74.199957265399405, 40.607434686879643 ], [ -74.19360086220118, 40.608498546532743 ], [ -74.191660519748751, 40.612954216632446 ], [ -74.19607749009397, 40.616346353984 ] ] ] } },
{ "type": "Feature", "properties": { "index": "882a100d5bfffff" }, "geometry": { "type": "Polygon", "coordinates": [ [ [ -73.914941991335937, 40.745647237547892 ], [ -73.921321895375272, 40.744597311543998 ], [ -73.923292952265186, 40.740139389872823 ], [ -73.918885013278626, 40.73673172662361 ], [ -73.912506135657949, 40.737781434054696 ], [ -73.910534170717597, 40.742239023277968 ], [ -73.914941991335937, 40.745647237547892 ] ] ] } },
{ "type": "Feature", "properties": { "index": "882a1062b1fffff" }, "geometry": { "type": "Polygon", "coordinates": [ [ [ -74.127428511476197, 40.557619112588362 ], [ -74.133779224740806, 40.556559467071366 ], [ -74.135722636676206, 40.552107991853298 ], [ -74.131316241289184, 40.548716489888569 ], [ -74.124966542999474, 40.549775913135655 ], [ -74.123022225232091, 40.554227060587181 ], [ -74.127428511476197, 40.557619112588362 ] ] ] } },
{ "type": "Feature", "properties": { "index": "882a107557fffff" }, "geometry": { "type": "Polygon", "coordinates": [ [ [ -74.033618465753634, 40.610374333181269 ], [ -74.039977965336377, 40.609319288685782 ], [ -74.041932304336598, 40.604866620572096 ], [ -74.037528049518301, 40.601469326598661 ], [ -74.03116956864281, 40.602524150538066 ], [ -74.029214323989279, 40.606976488977018 ], [ -74.033618465753634, 40.610374333181269 ] ] ] } },
{ "type": "Feature", "properties": { "index": "882a100a57fffff" }, "geometry": { "type": "Polygon", "coordinates": [ [ [ -73.909710216138521, 40.89131036279494 ], [ -73.916110043905803, 40.890259189177257 ], [ -73.918087715660974, 40.885793375653584 ], [ -73.913666473340939, 40.882379069022726 ], [ -73.907267678463953, 40.883430023758947 ], [ -73.905289093130193, 40.887895503977525 ], [ -73.909710216138521, 40.89131036279494 ] ] ] } },
{ "type": "Feature", "properties": { "index": "882a106221fffff" }, "geometry": { "type": "Polygon", "coordinates": [ [ [ -74.160398910852777, 40.6305736139524 ], [ -74.166758895179072, 40.62951134371761 ], [ -74.168702245861539, 40.625055213586279 ], [ -74.164286521750839, 40.621661681230869 ], [ -74.157927555038995, 40.622723728324232 ], [ -74.155983294933961, 40.62717953088405 ], [ -74.160398910852777, 40.6305736139524 ] ] ] } },
{ "type": "Feature", "properties": { "index": "882a100553fffff" }, "geometry": { "type": "Polygon", "coordinates": [ [ [ -73.713812829646486, 40.745500614909822 ], [ -73.720196135138352, 40.744461853984781 ], [ -73.722185944559556, 40.74000774415029 ], [ -73.717793351806051, 40.736592731140611 ], [ -73.711411075778486, 40.737631277529907 ], [ -73.709420363153356, 40.742085051435325 ], [ -73.713812829646486, 40.745500614909822 ] ] ] } },
{ "type": "Feature", "properties": { "index": "882a100191fffff" }, "geometry": { "type": "Polygon", "coordinates": [ [ [ -73.822955718782254, 40.806216354356565 ], [ -73.829345439957905, 40.805170899396785 ], [ -73.831327635507279, 40.800711384409333 ], [ -73.826921018177458, 40.797297658716012 ], [ -73.820532327479341, 40.798342896777591 ], [ -73.818549223746729, 40.802802077401026 ], [ -73.822955718782254, 40.806216354356565 ] ] ] } },
{ "type": "Feature", "properties": { "index": "882a10011dfffff" }, "geometry": { "type": "Polygon", "coordinates": [ [ [ -73.842372334356227, 40.869230579233665 ], [ -73.84877031048255, 40.86818338653768 ], [ -73.85075335278934, 40.863720052490642 ], [ -73.846339330178495, 40.860304245469933 ], [ -73.839942387004285, 40.861351220700648 ], [ -73.837958433602395, 40.865814220387541 ], [ -73.842372334356227, 40.869230579233665 ] ] ] } },
{ "type": "Feature", "properties": { "index": "882a10762bfffff" }, "geometry": { "type": "Polygon", "coordinates": [ [ [ -73.940629960822548, 40.634013397196753 ], [ -73.946994280167146, 40.632963238214678 ], [ -73.948958268375065, 40.628510993748527 ], [ -73.944558841707249, 40.625109239648232 ], [ -73.938195543523335, 40.626159179862285 ], [ -73.936230650958024, 40.630611092914883 ], [ -73.940629960822548, 40.634013397196753 ] ] ] } },
{ "type": "Feature", "properties": { "index": "882a100aa1fffff" }, "geometry": { "type": "Polygon", "coordinates": [ [ [ -73.944236408444411, 40.840094420712099 ], [ -73.950628653454572, 40.839041866271359 ], [ -73.952600937784169, 40.834578207171077 ], [ -73.948181889631826, 40.831167434916473 ], [ -73.941790674727201, 40.832219769927917 ], [ -73.939817477982345, 40.836683096593276 ], [ -73.944236408444411, 40.840094420712099 ] ] ] } },
{ "type": "Feature", "properties": { "index": "882a10003dfffff" }, "geometry": { "type": "Polygon", "coordinates": [ [ [ -73.796710399298092, 40.851866711581245 ], [ -73.803106787114245, 40.850822241518408 ], [ -73.805093364549421, 40.846360723056563 ], [ -73.80068446359941, 40.842944009688743 ], [ -73.794289108667527, 40.843988263253443 ], [ -73.792301621915058, 40.848449446654449 ], [ -73.796710399298092, 40.851866711581245 ] ] ] } },
{ "type": "Feature", "properties": { "index": "882a10019bfffff" }, "geometry": { "type": "Polygon", "coordinates": [ [ [ -73.812159641139758, 40.803846907488079 ], [ -73.818549223746729, 40.802802077401026 ], [ -73.820532327479341, 40.798342896777591 ], [ -73.816126756549352, 40.794928880750234 ], [ -73.809738204480155, 40.795973494162673 ], [ -73.807754192916434, 40.80043234024749 ], [ -73.812159641139758, 40.803846907488079 ] ] ] } },
{ "type": "Feature", "properties": { "index": "882a100e3bfffff" }, "geometry": { "type": "Polygon", "coordinates": [ [ [ -73.825155928377242, 40.747984827292576 ], [ -73.831537691087661, 40.746939859072349 ], [ -73.83351722515998, 40.742483500230257 ], [ -73.829115902620714, 40.739072443596179 ], [ -73.822735167801412, 40.740117195037406 ], [ -73.820754727743051, 40.744573219862083 ], [ -73.825155928377242, 40.747984827292576 ] ] ] } },
{ "type": "Feature", "properties": { "index": "882a106765fffff" }, "geometry": { "type": "Polygon", "coordinates": [ [ [ -74.122505399822941, 40.541933453926298 ], [ -74.128854083437915, 40.540874252877011 ], [ -74.130797306305581, 40.536423740178556 ], [ -74.126392750781051, 40.533032756269627 ], [ -74.120045081540795, 40.534091735193201 ], [ -74.118100953560457, 40.538541920121261 ], [ -74.122505399822941, 40.541933453926298 ] ] ] } },
{ "type": "Feature", "properties": { "index": "882a10380bfffff" }, "geometry": { "type": "Polygon", "coordinates": [ [ [ -73.760212241243934, 40.601747140331931 ], [ -73.76657527002348, 40.600707301801386 ], [ -73.768554692393067, 40.596260235105902 ], [ -73.764171984904038, 40.592853341272544 ], [ -73.757809978614986, 40.593892964735488 ], [ -73.755829657436465, 40.598339697070074 ], [ -73.760212241243934, 40.601747140331931 ] ] ] } },
{ "type": "Feature", "properties": { "index": "882a107415fffff" }, "geometry": { "type": "Polygon", "coordinates": [ [ [ -73.974934943924495, 40.582948916067977 ], [ -73.981291760152672, 40.581897410117591 ], [ -73.983250424428547, 40.577447353079343 ], [ -73.978853175796246, 40.574049132511014 ], [ -73.972497377988887, 40.57510041915517 ], [ -73.970537810504041, 40.579550145644014 ], [ -73.974934943924495, 40.582948916067977 ] ] ] } },
{ "type": "Feature", "properties": { "index": "882a100097fffff" }, "geometry": { "type": "Polygon", "coordinates": [ [ [ -73.755785384882941, 40.784112769334165 ], [ -73.762173236889183, 40.783071277690347 ], [ -73.764160768014719, 40.778614249260244 ], [ -73.759761352954229, 40.775199047854315 ], [ -73.753374531474009, 40.776240324011646 ], [ -73.751386094641589, 40.780697017031926 ], [ -73.755785384882941, 40.784112769334165 ] ] ] } },
{ "type": "Feature", "properties": { "index": "882a103b53fffff" }, "geometry": { "type": "Polygon", "coordinates": [ [ [ -73.755533790926535, 40.652009160940239 ], [ -73.761903705849662, 40.650969056148043 ], [ -73.763885680285952, 40.646519301471201 ], [ -73.759498640532058, 40.643109986267255 ], [ -73.753129750358553, 40.644149875945466 ], [ -73.7511468753017, 40.648599295912241 ], [ -73.755533790926535, 40.652009160940239 ] ] ] } },
{ "type": "Feature", "properties": { "index": "882a100f51fffff" }, "geometry": { "type": "Polygon", "coordinates": [ [ [ -73.867226126447335, 40.786559587603755 ], [ -73.873612414694037, 40.785511878448361 ], [ -73.875589646769697, 40.781052605771215 ], [ -73.871181499200134, 40.777641375711802 ], [ -73.864796239893252, 40.778688867135251 ], [ -73.862818099329047, 40.783147806320279 ], [ -73.867226126447335, 40.786559587603755 ] ] ] } },
{ "type": "Feature", "properties": { "index": "882a103843fffff" }, "geometry": { "type": "Polygon", "coordinates": [ [ [ -73.754269840464787, 40.615089401651652 ], [ -73.760634775151033, 40.614049752301383 ], [ -73.762615311502202, 40.609602060454407 ], [ -73.758231812455818, 40.606194352463014 ], [ -73.75186790092971, 40.607233786827543 ], [ -73.749886465401985, 40.611681144139894 ], [ -73.754269840464787, 40.615089401651652 ] ] ] } },
{ "type": "Feature", "properties": { "index": "882a1074ddfffff" }, "geometry": { "type": "Polygon", "coordinates": [ [ [ -73.935384161102419, 40.552359664558324 ], [ -73.941737529182745, 40.551310671681833 ], [ -73.943698599131253, 40.546863048858171 ], [ -73.939307202208212, 40.54346474995446 ], [ -73.932954851828555, 40.544513524401772 ], [ -73.930992880782213, 40.548960816152274 ], [ -73.935384161102419, 40.552359664558324 ] ] ] } },
{ "type": "Feature", "properties": { "index": "882a1062c9fffff" }, "geometry": { "type": "Polygon", "coordinates": [ [ [ -74.090844792698562, 40.600866700422834 ], [ -74.097201997837189, 40.599808598580267 ], [ -74.099150608179229, 40.595355397600862 ], [ -74.094742920131281, 40.591960627063337 ], [ -74.088386732403691, 40.593018507237062 ], [ -74.086437215423643, 40.597471379587049 ], [ -74.090844792698562, 40.600866700422834 ] ] ] } },
{ "type": "Feature", "properties": { "index": "882a1001dbfffff" }, "geometry": { "type": "Polygon", "coordinates": [ [ [ -73.797828526395804, 40.822729673148821 ], [ -73.80422092430851, 40.821685443406018 ], [ -73.806206164520106, 40.817225499261461 ], [ -73.801799915148123, 40.813810119717147 ], [ -73.79540854882076, 40.81485413302061 ], [ -73.793422400393496, 40.819313742278112 ], [ -73.797828526395804, 40.822729673148821 ] ] ] } },
{ "type": "Feature", "properties": { "index": "882a101893fffff" }, "geometry": { "type": "Polygon", "coordinates": [ [ [ -73.854534399329864, 40.908638415410003 ], [ -73.860937544867653, 40.907590134321957 ], [ -73.862921114808842, 40.903124416070135 ], [ -73.858502452247762, 40.899707313233158 ], [ -73.852100341212832, 40.900755376500598 ], [ -73.850115858349966, 40.905220760395814 ], [ -73.854534399329864, 40.908638415410003 ] ] ] } },
{ "type": "Feature", "properties": { "index": "882a1000a3fffff" }, "geometry": { "type": "Polygon", "coordinates": [ [ [ -73.790571043953392, 40.799105268944125 ], [ -73.79696034803807, 40.798061688307399 ], [ -73.798945267080683, 40.793603176935733 ], [ -73.794541789278512, 40.7901885810587 ], [ -73.788153515851405, 40.791231945467949 ], [ -73.786167689682216, 40.795690121952113 ], [ -73.790571043953392, 40.799105268944125 ] ] ] } },
{ "type": "Feature", "properties": { "index": "882a103857fffff" }, "geometry": { "type": "Polygon", "coordinates": [ [ [ -73.749466768764691, 40.599378916518873 ], [ -73.755829657436465, 40.598339697070074 ], [ -73.757809978614986, 40.593892964735488 ], [ -73.753428309694314, 40.590485786353803 ], [ -73.747066443571114, 40.591524790956868 ], [ -73.745085223932051, 40.595971188758078 ], [ -73.749466768764691, 40.599378916518873 ] ] ] } },
{ "type": "Feature", "properties": { "index": "882a100d89fffff" }, "geometry": { "type": "Polygon", "coordinates": [ [ [ -73.930237127745073, 40.697672509385683 ], [ -73.936610254328201, 40.696622245524878 ], [ -73.938577873243275, 40.692166679851546 ], [ -73.934173272249964, 40.688761709938717 ], [ -73.927801169756933, 40.689811755057235 ], [ -73.925832644279097, 40.694266988801033 ], [ -73.930237127745073, 40.697672509385683 ] ] ] } },
{ "type": "Feature", "properties": { "index": "882a10742dfffff" }, "geometry": { "type": "Polygon", "coordinates": [ [ [ -74.012092602055262, 40.605686583220219 ], [ -74.018451844769857, 40.604632778897177 ], [ -74.020407994731798, 40.600180770307738 ], [ -74.016005807053588, 40.596782896035535 ], [ -74.009647583174598, 40.597836480245405 ], [ -74.007690528249242, 40.602288158810701 ], [ -74.012092602055262, 40.605686583220219 ] ] ] } },
{ "type": "Feature", "properties": { "index": "882a103b5bfffff" }, "geometry": { "type": "Polygon", "coordinates": [ [ [ -73.74718000844365, 40.657498759450611 ], [ -73.753550807868734, 40.656459060136477 ], [ -73.755533790926535, 40.652009160940239 ], [ -73.7511468753017, 40.648599295912241 ], [ -73.744777100991143, 40.649638780264631 ], [ -73.74279321730333, 40.654088344577424 ], [ -73.74718000844365, 40.657498759450611 ] ] ] } },
{ "type": "Feature", "properties": { "index": "882a1060e3fffff" }, "geometry": { "type": "Polygon", "coordinates": [ [ [ -74.184575701230614, 40.54807011950588 ], [ -74.190924104982386, 40.547007428863459 ], [ -74.192861797539763, 40.5425554345899 ], [ -74.18845199325871, 40.53916645764933 ], [ -74.182104603180733, 40.540228924914238 ], [ -74.180166003819878, 40.544680592466932 ], [ -74.184575701230614, 40.54807011950588 ] ] ] } },
{ "type": "Feature", "properties": { "index": "882a1039e3fffff" }, "geometry": { "type": "Polygon", "coordinates": [ [ [ -73.842468406862423, 40.575903947510163 ], [ -73.848826548932593, 40.574859834172479 ], [ -73.850797241206905, 40.570412646493615 ], [ -73.84641069131122, 40.567009904927296 ], [ -73.840053569371022, 40.568053801624231 ], [ -73.838081977308008, 40.572500656498761 ], [ -73.842468406862423, 40.575903947510163 ] ] ] } },
{ "type": "Feature", "properties": { "index": "882a10622bfffff" }, "geometry": { "type": "Polygon", "coordinates": [ [ [ -74.149623433368305, 40.628241180078724 ], [ -74.155983294933961, 40.62717953088405 ], [ -74.157927555038995, 40.622723728324232 ], [ -74.15351286276794, 40.619329902676292 ], [ -74.147154018884024, 40.620391328951001 ], [ -74.145208849700012, 40.624846803763319 ], [ -74.149623433368305, 40.628241180078724 ] ] ] } },
{ "type": "Feature", "properties": { "index": "882a107729fffff" }, "geometry": { "type": "Polygon", "coordinates": [ [ [ -74.018455974645022, 40.658312510328486 ], [ -74.024822229017403, 40.657257784704683 ], [ -74.026779975691696, 40.652802745363104 ], [ -74.022372375247727, 40.649402761805078 ], [ -74.016007141896353, 40.650457267036273 ], [ -74.014048488079268, 40.65491197618811 ], [ -74.018455974645022, 40.658312510328486 ] ] ] } },
{ "type": "Feature", "properties": { "index": "882a100abbfffff" }, "geometry": { "type": "Polygon", "coordinates": [ [ [ -73.917732692096664, 40.819626301585302 ], [ -73.924122609658838, 40.818575437278916 ], [ -73.926096512939665, 40.814113398639236 ], [ -73.921681409754996, 40.810702557064808 ], [ -73.915292521808396, 40.811753202532024 ], [ -73.913317707543797, 40.816214908382918 ], [ -73.917732692096664, 40.819626301585302 ] ] ] } },
{ "type": "Feature", "properties": { "index": "882a107565fffff" }, "geometry": { "type": "Polygon", "coordinates": [ [ [ -74.081599921401818, 40.635441793304928 ], [ -74.087961967020902, 40.634383824229587 ], [ -74.089912872809705, 40.629928878560818 ], [ -74.085502640844467, 40.626532230908253 ], [ -74.079141614277205, 40.627589978397744 ], [ -74.077189800734274, 40.632044595095493 ], [ -74.081599921401818, 40.635441793304928 ] ] ] } },
{ "type": "Feature", "properties": { "index": "882a100f59fffff" }, "geometry": { "type": "Polygon", "coordinates": [ [ [ -73.858860700073578, 40.792066307056899 ], [ -73.865247881126336, 40.791019004790364 ], [ -73.867226126447335, 40.786559587603755 ], [ -73.862818099329047, 40.783147806320279 ], [ -73.856431947585349, 40.784194891007296 ], [ -73.854452793763855, 40.788653974527541 ], [ -73.858860700073578, 40.792066307056899 ] ] ] } },
{ "type": "Feature", "properties": { "index": "882a100aa7fffff" }, "geometry": { "type": "Polygon", "coordinates": [ [ [ -73.952600937784169, 40.834578207171077 ], [ -73.958992285702465, 40.833525246117084 ], [ -73.960963555621305, 40.829061732419916 ], [ -73.956544390136131, 40.825651512006999 ], [ -73.95015407195207, 40.826704253479612 ], [ -73.948181889631826, 40.831167434916473 ], [ -73.952600937784169, 40.834578207171077 ] ] ] } },
{ "type": "Feature", "properties": { "index": "882a10010bfffff" }, "geometry": { "type": "Polygon", "coordinates": [ [ [ -73.844803103045166, 40.877110674318196 ], [ -73.851202112433512, 40.87606326408595 ], [ -73.853185260365365, 40.871599453030825 ], [ -73.84877031048255, 40.86818338653768 ], [ -73.842372334356227, 40.869230579233665 ], [ -73.84038827496434, 40.873694055929249 ], [ -73.844803103045166, 40.877110674318196 ] ] ] } },
{ "type": "Feature", "properties": { "index": "882a1008b7fffff" }, "geometry": { "type": "Polygon", "coordinates": [ [ [ -73.995389531545527, 40.777868368943381 ], [ -74.001772414703666, 40.776813635328637 ], [ -74.003737305451295, 40.772352434381041 ], [ -73.999320224374898, 40.768946298235853 ], [ -73.992938367805252, 40.770000811574128 ], [ -73.990972565835818, 40.774461681304004 ], [ -73.995389531545527, 40.777868368943381 ] ] ] } },
{ "type": "Feature", "properties": { "index": "882a1062c5fffff" }, "geometry": { "type": "Polygon", "coordinates": [ [ [ -74.109915641040487, 40.597691376556298 ], [ -74.116272078823044, 40.596632256472255 ], [ -74.118218779640301, 40.592178879420324 ], [ -74.113809949750291, 40.588784950702951 ], [ -74.107454528945567, 40.589843848747634 ], [ -74.105506921163581, 40.594296897518888 ], [ -74.109915641040487, 40.597691376556298 ] ] ] } },
{ "type": "Feature", "properties": { "index": "882a107441fffff" }, "geometry": { "type": "Polygon", "coordinates": [ [ [ -73.965609199563858, 40.61750542868289 ], [ -73.971970851371665, 40.61645406568244 ], [ -73.973931823790267, 40.612002268125757 ], [ -73.969532048828455, 40.608602164432931 ], [ -73.963171417082322, 40.609653308213773 ], [ -73.961209540347625, 40.614104774877198 ], [ -73.965609199563858, 40.61750542868289 ] ] ] } },
{ "type": "Feature", "properties": { "index": "882a107529fffff" }, "geometry": { "type": "Polygon", "coordinates": [ [ [ -74.07668413274456, 40.619738902503322 ], [ -74.083044140562237, 40.618681376527718 ], [ -74.084994853502224, 40.614227391465022 ], [ -74.080586465767254, 40.610831261322325 ], [ -74.074227476397084, 40.611888565855971 ], [ -74.072275856425193, 40.616342221944123 ], [ -74.07668413274456, 40.619738902503322 ] ] ] } },
{ "type": "Feature", "properties": { "index": "882a100a97fffff" }, "geometry": { "type": "Polygon", "coordinates": [ [ [ -73.906927924449093, 40.817265147161137 ], [ -73.913317707543797, 40.816214908382918 ], [ -73.915292521808396, 40.811753202532024 ], [ -73.910878463723904, 40.808342068393742 ], [ -73.90448971030726, 40.809392088556336 ], [ -73.902513985410025, 40.813853461442939 ], [ -73.906927924449093, 40.817265147161137 ] ] ] } },
{ "type": "Feature", "properties": { "index": "882a10088bfffff" }, "geometry": { "type": "Polygon", "coordinates": [ [ [ -73.961979356382628, 40.799929528832727 ], [ -73.968365823976171, 40.798876414830239 ], [ -73.970334762702407, 40.794414626682894 ], [ -73.965918145227434, 40.791006284423297 ], [ -73.959532705704206, 40.79205917875538 ], [ -73.957562855698228, 40.796520634987438 ], [ -73.961979356382628, 40.799929528832727 ] ] ] } },
{ "type": "Feature", "properties": { "index": "882a1062d9fffff" }, "geometry": { "type": "Polygon", "coordinates": [ [ [ -74.075168716855316, 40.582833290219575 ], [ -74.081523761692694, 40.58177625123588 ], [ -74.083473086021698, 40.577324340298546 ], [ -74.079068271197528, 40.573929797122709 ], [ -74.072714243233776, 40.574986614802569 ], [ -74.070764013331157, 40.579438196931989 ], [ -74.075168716855316, 40.582833290219575 ] ] ] } },
{ "type": "Feature", "properties": { "index": "882a100e1bfffff" }, "geometry": { "type": "Polygon", "coordinates": [ [ [ -73.79522672764476, 40.748748539530148 ], [ -73.801609102968342, 40.747705224681873 ], [ -73.803591460708176, 40.743249390081907 ], [ -73.799192348532245, 40.739837204840242 ], [ -73.792811001587225, 40.740880303508156 ], [ -73.790827738552494, 40.745335803568544 ], [ -73.79522672764476, 40.748748539530148 ] ] ] } },
{ "type": "Feature", "properties": { "index": "882a1001e1fffff" }, "geometry": { "type": "Polygon", "coordinates": [ [ [ -73.85426883280924, 40.842454058027151 ], [ -73.860662954249648, 40.841406482936712 ], [ -73.862643753234366, 40.836944389555484 ], [ -73.858231341234728, 40.833530205247072 ], [ -73.851838251386141, 40.834577562708304 ], [ -73.849856542058745, 40.839039322077376 ], [ -73.85426883280924, 40.842454058027151 ] ] ] } },
{ "type": "Feature", "properties": { "index": "882a100d0dfffff" }, "geometry": { "type": "Polygon", "coordinates": [ [ [ -73.958104110919564, 40.755073735084061 ], [ -73.964484547013924, 40.75402131415531 ], [ -73.966451968208773, 40.749562064443516 ], [ -73.962039862869119, 40.746155567377897 ], [ -73.955660452942297, 40.747207768842308 ], [ -73.953692122299884, 40.751666686806793 ], [ -73.958104110919564, 40.755073735084061 ] ] ] } },
{ "type": "Feature", "properties": { "index": "882a1005a3fffff" }, "geometry": { "type": "Polygon", "coordinates": [ [ [ -73.756799730720402, 40.688946107212402 ], [ -73.763174633673643, 40.687905547350105 ], [ -73.765158048268646, 40.683453732048243 ], [ -73.760767462091124, 40.680042811464602 ], [ -73.754393585480656, 40.681083156084632 ], [ -73.752409268817615, 40.685534636501181 ], [ -73.756799730720402, 40.688946107212402 ] ] ] } },
{ "type": "Feature", "properties": { "index": "882a106353fffff" }, "geometry": { "type": "Polygon", "coordinates": [ [ [ -74.173649671288132, 40.640755790403709 ], [ -74.180010795762982, 40.639692675600351 ], [ -74.181953329928945, 40.635235737667983 ], [ -74.177535649858726, 40.631842241901559 ], [ -74.171175543231953, 40.632905133269595 ], [ -74.169232098937911, 40.637361743808988 ], [ -74.173649671288132, 40.640755790403709 ] ] ] } },
{ "type": "Feature", "properties": { "index": "882a100d19fffff" }, "geometry": { "type": "Polygon", "coordinates": [ [ [ -73.931642009894176, 40.734631283788659 ], [ -73.938020128602901, 40.733580548481164 ], [ -73.939989164519005, 40.729122919828548 ], [ -73.935580989862601, 40.725716358553342 ], [ -73.929203896835048, 40.726766874984882 ], [ -73.927233952894966, 40.731224171537718 ], [ -73.931642009894176, 40.734631283788659 ] ] ] } },
{ "type": "Feature", "properties": { "index": "882a100897fffff" }, "geometry": { "type": "Polygon", "coordinates": [ [ [ -73.965440027978559, 40.778676058911643 ], [ -73.971823544413212, 40.777622979160725 ], [ -73.973791268787977, 40.773162293989728 ], [ -73.96937638737819, 40.769755020283164 ], [ -73.962993898030035, 40.770807880355157 ], [ -73.961025263117563, 40.775268233782654 ], [ -73.965440027978559, 40.778676058911643 ] ] ] } },
{ "type": "Feature", "properties": { "index": "882a100ae3fffff" }, "geometry": { "type": "Polygon", "coordinates": [ [ [ -73.927501614062024, 40.851126062021173 ], [ -73.933895653167482, 40.850074321644186 ], [ -73.935869967303219, 40.845610372507387 ], [ -73.931451154889047, 40.842198496501865 ], [ -73.925058146631812, 40.843250017754038 ], [ -73.923082920053616, 40.847713634106562 ], [ -73.927501614062024, 40.851126062021173 ] ] ] } },
{ "type": "Feature", "properties": { "index": "882a1000b5fffff" }, "geometry": { "type": "Polygon", "coordinates": [ [ [ -73.788153515851405, 40.791231945467949 ], [ -73.794541789278512, 40.7901885810587 ], [ -73.79652660116912, 40.785730547443379 ], [ -73.792124046509798, 40.782316213095285 ], [ -73.785736803431249, 40.783359361347593 ], [ -73.783751084776711, 40.787817060075362 ], [ -73.788153515851405, 40.791231945467949 ] ] ] } },
{ "type": "Feature", "properties": { "index": "882a1001c3fffff" }, "geometry": { "type": "Polygon", "coordinates": [ [ [ -73.821853566016827, 40.835347945147674 ], [ -73.828247273865998, 40.834302247654662 ], [ -73.83023080282112, 40.829841156835293 ], [ -73.825821533325325, 40.826426098016583 ], [ -73.819428857250585, 40.827471578551943 ], [ -73.817444419010627, 40.831932334833986 ], [ -73.821853566016827, 40.835347945147674 ] ] ] } },
{ "type": "Feature", "properties": { "index": "882a103b4dfffff" }, "geometry": { "type": "Polygon", "coordinates": [ [ [ -73.775923693824524, 40.685823400015387 ], [ -73.782297850735645, 40.684781812637752 ], [ -73.784279353049627, 40.680329806990031 ], [ -73.77988760097351, 40.676919723228956 ], [ -73.773514469980725, 40.677961094989392 ], [ -73.771532065258285, 40.682412766098601 ], [ -73.775923693824524, 40.685823400015387 ] ] ] } },
{ "type": "Feature", "properties": { "index": "882a103b43fffff" }, "geometry": { "type": "Polygon", "coordinates": [ [ [ -73.771106057105726, 40.670099532389074 ], [ -73.777478162487128, 40.669058376175606 ], [ -73.779459450471364, 40.664607328582157 ], [ -73.775069534875513, 40.661197771710683 ], [ -73.768698454798653, 40.66223871244749 ], [ -73.766716265125567, 40.666689425503051 ], [ -73.771106057105726, 40.670099532389074 ] ] ] } },
{ "type": "Feature", "properties": { "index": "882a106235fffff" }, "geometry": { "type": "Polygon", "coordinates": [ [ [ -74.155457028845774, 40.614874580608159 ], [ -74.161814978244323, 40.613812756583783 ], [ -74.163758141542019, 40.60935758751237 ], [ -74.159344264250933, 40.605964570011196 ], [ -74.152987331864665, 40.607026171038996 ], [ -74.151043259867649, 40.611481012534199 ], [ -74.155457028845774, 40.614874580608159 ] ] ] } },
{ "type": "Feature", "properties": { "index": "882a100143fffff" }, "geometry": { "type": "Polygon", "coordinates": [ [ [ -73.838849483311094, 40.890503154360417 ], [ -73.845250422253571, 40.889455936178898 ], [ -73.847234693478853, 40.884991505716293 ], [ -73.842818937712153, 40.881574627939045 ], [ -73.836419032713039, 40.882621628666492 ], [ -73.834433849651063, 40.887085724595472 ], [ -73.838849483311094, 40.890503154360417 ] ] ] } },
{ "type": "Feature", "properties": { "index": "882a1005ebfffff" }, "geometry": { "type": "Polygon", "coordinates": [ [ [ -73.734116948524587, 40.713287430545058 ], [ -73.740495536915475, 40.712247875750158 ], [ -73.742482091772843, 40.707795150826428 ], [ -73.738090960808435, 40.704382316074941 ], [ -73.731713400165788, 40.705421656015268 ], [ -73.729725942852269, 40.70987404553231 ], [ -73.734116948524587, 40.713287430545058 ] ] ] } },
{ "type": "Feature", "properties": { "index": "882a10770bfffff" }, "geometry": { "type": "Polygon", "coordinates": [ [ [ -73.986138637587075, 40.651270484057207 ], [ -73.992504503186396, 40.65021762235029 ], [ -73.994464970250434, 40.645763574102965 ], [ -73.990060477930584, 40.642362718247192 ], [ -73.983695633544002, 40.643415360227294 ], [ -73.981734260375944, 40.647869077760042 ], [ -73.986138637587075, 40.651270484057207 ] ] ] } },
{ "type": "Feature", "properties": { "index": "882a107657fffff" }, "geometry": { "type": "Polygon", "coordinates": [ [ [ -73.900010465175384, 40.632451665384906 ], [ -73.906375273861542, 40.631403769913973 ], [ -73.908342980051927, 40.626952372268853 ], [ -73.9039467809976, 40.623549202174139 ], [ -73.897582994024177, 40.624596879693399 ], [ -73.895614384503986, 40.629047945229331 ], [ -73.900010465175384, 40.632451665384906 ] ] ] } },
{ "type": "Feature", "properties": { "index": "882a1062b5fffff" }, "geometry": { "type": "Polygon", "coordinates": [ [ [ -74.138186540588705, 40.5599512278351 ], [ -74.144537377216238, 40.558890963268489 ], [ -74.14647988297726, 40.554439160459069 ], [ -74.142072458395319, 40.551047949777391 ], [ -74.135722636676206, 40.552107991853298 ], [ -74.133779224740806, 40.556559467071366 ], [ -74.138186540588705, 40.5599512278351 ] ] ] } },
{ "type": "Feature", "properties": { "index": "882a100e93fffff" }, "geometry": { "type": "Polygon", "coordinates": [ [ [ -73.786690521582941, 40.688192159616094 ], [ -73.793064817957713, 40.687149950712296 ], [ -73.795045417513251, 40.682697610699392 ], [ -73.790652623565023, 40.679287813925981 ], [ -73.784279353049627, 40.680329806990031 ], [ -73.782297850735645, 40.684781812637752 ], [ -73.786690521582941, 40.688192159616094 ] ] ] } },
{ "type": "Feature", "properties": { "index": "882a100065fffff" }, "geometry": { "type": "Polygon", "coordinates": [ [ [ -73.806403748445874, 40.883387879409057 ], [ -73.812804270901495, 40.882342542646292 ], [ -73.814791276575335, 40.877879116310694 ], [ -73.810378670682354, 40.874461361767729 ], [ -73.803979182352222, 40.875506481749341 ], [ -73.801991265903411, 40.879969573025399 ], [ -73.806403748445874, 40.883387879409057 ] ] ] } },
{ "type": "Feature", "properties": { "index": "882a107451fffff" }, "geometry": { "type": "Polygon", "coordinates": [ [ [ -73.949977152050067, 40.599452102377228 ], [ -73.956336632692114, 40.598401797433581 ], [ -73.958298308029967, 40.59395129124615 ], [ -73.953901406087851, 40.590551421041688 ], [ -73.947542944963587, 40.591601507129695 ], [ -73.94558036637487, 40.596051682247989 ], [ -73.949977152050067, 40.599452102377228 ] ] ] } },
{ "type": "Feature", "properties": { "index": "882a107761fffff" }, "geometry": { "type": "Polygon", "coordinates": [ [ [ -74.012578610778476, 40.671678706224917 ], [ -74.018946779100645, 40.670624161445851 ], [ -74.020905630821218, 40.666168492801091 ], [ -74.016497221850528, 40.662767699267512 ], [ -74.010130075220971, 40.66382202373272 ], [ -74.008170315980976, 40.668277362015381 ], [ -74.012578610778476, 40.671678706224917 ] ] ] } },
{ "type": "Feature", "properties": { "index": "882a107715fffff" }, "geometry": { "type": "Polygon", "coordinates": [ [ [ -73.992020845243886, 40.637909149871021 ], [ -73.998384798898982, 40.636856106779746 ], [ -74.000344160682104, 40.632402687813851 ], [ -73.995940474650141, 40.629002642451397 ], [ -73.989577541536974, 40.630055465736895 ], [ -73.987617274025183, 40.634508554160696 ], [ -73.992020845243886, 40.637909149871021 ] ] ] } },
{ "type": "Feature", "properties": { "index": "882a10016dfffff" }, "geometry": { "type": "Polygon", "coordinates": [ [ [ -73.873743076012374, 40.905492534453728 ], [ -73.880145461329576, 40.904443215770044 ], [ -73.882127099669177, 40.899977306004423 ], [ -73.877707266068683, 40.896561048898462 ], [ -73.87130591482051, 40.897610149383894 ], [ -73.869323363217532, 40.902075725143639 ], [ -73.873743076012374, 40.905492534453728 ] ] ] } },
{ "type": "Feature", "properties": { "index": "882a1001b5fffff" }, "geometry": { "type": "Polygon", "coordinates": [ [ [ -73.863720664046838, 40.80781135369682 ], [ -73.870109904642334, 40.806763616058312 ], [ -73.872088359329794, 40.802303243116448 ], [ -73.867678482762003, 40.798890941448491 ], [ -73.861290272092035, 40.799938461365521 ], [ -73.859310908177392, 40.804398500642222 ], [ -73.863720664046838, 40.80781135369682 ] ] ] } },
{ "type": "Feature", "properties": { "index": "882a100e23fffff" }, "geometry": { "type": "Polygon", "coordinates": [ [ [ -73.849150603244681, 40.760585074773282 ], [ -73.855533668908905, 40.759538642399278 ], [ -73.857511494909332, 40.755081137713972 ], [ -73.853107162407895, 40.751670399041352 ], [ -73.846725124821347, 40.752716614119443 ], [ -73.844746391771352, 40.757173785136359 ], [ -73.849150603244681, 40.760585074773282 ] ] ] } },
{ "type": "Feature", "properties": { "index": "882a107685fffff" }, "geometry": { "type": "Polygon", "coordinates": [ [ [ -73.915283857474805, 40.584546709912161 ], [ -73.921641921633238, 40.583498481651702 ], [ -73.92360620383505, 40.579049449554795 ], [ -73.919213323843934, 40.575648977280011 ], [ -73.912856279086185, 40.576696987420291 ], [ -73.910891095030109, 40.581145687925847 ], [ -73.915283857474805, 40.584546709912161 ] ] ] } },
{ "type": "Feature", "properties": { "index": "882a1072ddfffff" }, "geometry": { "type": "Polygon", "coordinates": [ [ [ -73.986588610019865, 40.717299904596516 ], [ -73.992963419890046, 40.716246308263258 ], [ -73.994926600786727, 40.711788606426516 ], [ -73.990515880589982, 40.708384831946539 ], [ -73.984142094799566, 40.709438208353774 ], [ -73.982178005238026, 40.713895579137024 ], [ -73.986588610019865, 40.717299904596516 ] ] ] } },
{ "type": "Feature", "properties": { "index": "882a107433fffff" }, "geometry": { "type": "Polygon", "coordinates": [ [ [ -73.991564013697058, 40.571945540529711 ], [ -73.9979190535079, 40.570893235288821 ], [ -73.999875712025215, 40.566443478948024 ], [ -73.995478234022727, 40.563046358021253 ], [ -73.989124211901654, 40.564098443656064 ], [ -73.987166650204145, 40.568547869793839 ], [ -73.991564013697058, 40.571945540529711 ] ] ] } },
{ "type": "Feature", "properties": { "index": "882a106283fffff" }, "geometry": { "type": "Polygon", "coordinates": [ [ [ -74.110834584275253, 40.568640623147814 ], [ -74.117187080556661, 40.567581771577679 ], [ -74.119132494109095, 40.563129989862603 ], [ -74.114726317357039, 40.559737387800546 ], [ -74.108374836783739, 40.560796017398467 ], [ -74.106428517364705, 40.56524747100049 ], [ -74.110834584275253, 40.568640623147814 ] ] ] } },
{ "type": "Feature", "properties": { "index": "882a100c95fffff" }, "geometry": { "type": "Polygon", "coordinates": [ [ [ -73.858319472275369, 40.659944297482269 ], [ -73.8646887201743, 40.658898417507345 ], [ -73.866661460967194, 40.654446283963104 ], [ -73.862265857363951, 40.651040363340712 ], [ -73.855897633008013, 40.652086026120074 ], [ -73.853923988824334, 40.656537826687774 ], [ -73.858319472275369, 40.659944297482269 ] ] ] } },
{ "type": "Feature", "properties": { "index": "882a10773bfffff" }, "geometry": { "type": "Polygon", "coordinates": [ [ [ -74.000344160682104, 40.632402687813851 ], [ -74.006707223577791, 40.631349243888238 ], [ -74.008665580155295, 40.626895974586141 ], [ -74.004261779662301, 40.623496479548329 ], [ -73.997899736941562, 40.624549703517935 ], [ -73.995940474650141, 40.629002642451397 ], [ -74.000344160682104, 40.632402687813851 ] ] ] } },
{ "type": "Feature", "properties": { "index": "882a1001c9fffff" }, "geometry": { "type": "Polygon", "coordinates": [ [ [ -73.815898808877634, 40.848732265856142 ], [ -73.822294442535679, 40.847686760352509 ], [ -73.824279093824344, 40.843225049469439 ], [ -73.819869021228357, 40.839809178771766 ], [ -73.813474420024335, 40.840854467400042 ], [ -73.811488859075837, 40.845315843571683 ], [ -73.815898808877634, 40.848732265856142 ] ] ] } },
{ "type": "Feature", "properties": { "index": "882a107635fffff" }, "geometry": { "type": "Polygon", "coordinates": [ [ [ -73.946522728672008, 40.620657475138394 ], [ -73.95288513807219, 40.619607133458949 ], [ -73.954848019760121, 40.615155517745563 ], [ -73.950449396143028, 40.611754574922699 ], [ -73.944088007233404, 40.612804697754648 ], [ -73.942124221561699, 40.617255982227157 ], [ -73.946522728672008, 40.620657475138394 ] ] ] } },
{ "type": "Feature", "properties": { "index": "882a106013fffff" }, "geometry": { "type": "Polygon", "coordinates": [ [ [ -74.170467542739047, 40.566942108795764 ], [ -74.176818746707099, 40.565879986521772 ], [ -74.178758531891916, 40.561427201990696 ], [ -74.174348020419558, 40.55803686676834 ], [ -74.167997831159013, 40.559098765889104 ], [ -74.166057138773382, 40.563551223355127 ], [ -74.170467542739047, 40.566942108795764 ] ] ] } },
{ "type": "Feature", "properties": { "index": "882a1060cbfffff" }, "geometry": { "type": "Polygon", "coordinates": [ [ [ -74.14647988297726, 40.554439160459069 ], [ -74.152829827668072, 40.553378499461203 ], [ -74.154771333125112, 40.548926850451245 ], [ -74.150363800157947, 40.545536189827018 ], [ -74.144014870008874, 40.546596628185533 ], [ -74.142072458395319, 40.551047949777391 ], [ -74.14647988297726, 40.554439160459069 ] ] ] } },
{ "type": "Feature", "properties": { "index": "882a107539fffff" }, "geometry": { "type": "Polygon", "coordinates": [ [ [ -74.061007366716169, 40.60169926948781 ], [ -74.067365211439693, 40.600642806392962 ], [ -74.069316637631843, 40.596190111238748 ], [ -74.064911125177559, 40.592794208302323 ], [ -74.058554298362864, 40.593850450320353 ], [ -74.056601966204411, 40.598302816321556 ], [ -74.061007366716169, 40.60169926948781 ] ] ] } },
{ "type": "Feature", "properties": { "index": "882a107505fffff" }, "geometry": { "type": "Polygon", "coordinates": [ [ [ -74.06591597497814, 40.617399127408099 ], [ -74.072275856425193, 40.616342221944123 ], [ -74.074227476397084, 40.611888565855971 ], [ -74.069820121720198, 40.60849214435148 ], [ -74.063461258785949, 40.609548828594967 ], [ -74.06150873212664, 40.614002155533363 ], [ -74.06591597497814, 40.617399127408099 ] ] ] } },
{ "type": "Feature", "properties": { "index": "882a100d15fffff" }, "geometry": { "type": "Polygon", "coordinates": [ [ [ -73.950775606107428, 40.731478050327134 ], [ -73.957152964617293, 40.730426287577089 ], [ -73.959120082176057, 40.725968474065823 ], [ -73.954710749696289, 40.7225627550254 ], [ -73.948334416436083, 40.723614298525391 ], [ -73.946366390518122, 40.72807178028593 ], [ -73.950775606107428, 40.731478050327134 ] ] ] } },
{ "type": "Feature", "properties": { "index": "882a107531fffff" }, "geometry": { "type": "Polygon", "coordinates": [ [ [ -74.069316637631843, 40.596190111238748 ], [ -74.075673591012858, 40.595133249373319 ], [ -74.077624014286982, 40.590680705827879 ], [ -74.073218390240896, 40.587285353097393 ], [ -74.066862454401786, 40.588341993736485 ], [ -74.064911125177559, 40.592794208302323 ], [ -74.069316637631843, 40.596190111238748 ] ] ] } },
{ "type": "Feature", "properties": { "index": "882a100125fffff" }, "geometry": { "type": "Polygon", "coordinates": [ [ [ -73.896448825023697, 40.881065750619108 ], [ -73.902847484603868, 40.880015423133962 ], [ -73.904825966139214, 40.875550419918973 ], [ -73.900406701067922, 40.872136077641386 ], [ -73.894009074131205, 40.873186186540643 ], [ -73.892029679735771, 40.877650856273426 ], [ -73.896448825023697, 40.881065750619108 ] ] ] } },
{ "type": "Feature", "properties": { "index": "882a100cc1fffff" }, "geometry": { "type": "Polygon", "coordinates": [ [ [ -73.84889344092997, 40.694522991946918 ], [ -73.85526753896076, 40.693477269005271 ], [ -73.857242610003496, 40.68902340543427 ], [ -73.852844487623173, 40.685615598098281 ], [ -73.846471414786123, 40.686661103935457 ], [ -73.844495439247979, 40.691114634183457 ], [ -73.84889344092997, 40.694522991946918 ] ] ] } },
{ "type": "Feature", "properties": { "index": "882a10601bfffff" }, "geometry": { "type": "Polygon", "coordinates": [ [ [ -74.162174659925697, 40.572456773344335 ], [ -74.168526756979858, 40.571395047394411 ], [ -74.170467542739047, 40.566942108795764 ], [ -74.166057138773382, 40.563551223355127 ], [ -74.159706056793951, 40.564612726300361 ], [ -74.157764363815602, 40.569065337660639 ], [ -74.162174659925697, 40.572456773344335 ] ] ] } },
{ "type": "Feature", "properties": { "index": "882a100e97fffff" }, "geometry": { "type": "Polygon", "coordinates": [ [ [ -73.797458530978119, 40.690560010480588 ], [ -73.803832966358442, 40.689517179952496 ], [ -73.805812662805678, 40.685064505747903 ], [ -73.801418827093428, 40.681654996233604 ], [ -73.795045417513251, 40.682697610699392 ], [ -73.793064817957713, 40.687149950712296 ], [ -73.797458530978119, 40.690560010480588 ] ] ] } },
{ "type": "Feature", "properties": { "index": "882a100d1bfffff" }, "geometry": { "type": "Polygon", "coordinates": [ [ [ -73.929203896835048, 40.726766874984882 ], [ -73.935580989862601, 40.725716358553342 ], [ -73.937549923791039, 40.721259208718557 ], [ -73.933142672465877, 40.717852907386209 ], [ -73.926766604813565, 40.718903205013063 ], [ -73.924796763223398, 40.723360022747102 ], [ -73.929203896835048, 40.726766874984882 ] ] ] } },
{ "type": "Feature", "properties": { "index": "882a1076d5fffff" }, "geometry": { "type": "Polygon", "coordinates": [ [ [ -73.88545786695272, 40.585334084022456 ], [ -73.891816549926105, 40.584287495198474 ], [ -73.893783639580221, 40.579838978033749 ], [ -73.889392947547009, 40.576437381774944 ], [ -73.883035284461755, 40.577483753072286 ], [ -73.881067293632967, 40.581931938125457 ], [ -73.88545786695272, 40.585334084022456 ] ] ] } },
{ "type": "Feature", "properties": { "index": "882a1076b1fffff" }, "geometry": { "type": "Polygon", "coordinates": [ [ [ -73.918749619647201, 40.563352144539387 ], [ -73.925104759476952, 40.562303951910856 ], [ -73.927067834705355, 40.557856029961556 ], [ -73.922676671339218, 40.554456632030309 ], [ -73.916322549939125, 40.555504606530079 ], [ -73.914358573586583, 40.559952197060184 ], [ -73.918749619647201, 40.563352144539387 ] ] ] } },
{ "type": "Feature", "properties": { "index": "882a1062a9fffff" }, "geometry": { "type": "Polygon", "coordinates": [ [ [ -74.134819372769925, 40.581153150073845 ], [ -74.141173132761423, 40.580092837314396 ], [ -74.143116827900158, 40.575639918921183 ], [ -74.138707670070332, 40.572247641017746 ], [ -74.132354925954942, 40.573307731290882 ], [ -74.130410323903646, 40.577760321923527 ], [ -74.134819372769925, 40.581153150073845 ] ] ] } },
{ "type": "Feature", "properties": { "index": "882a107419fffff" }, "geometry": { "type": "Polygon", "coordinates": [ [ [ -73.955862980652213, 40.586101395213412 ], [ -73.962220554032768, 40.585050908663952 ], [ -73.964181124895845, 40.58060103237888 ], [ -73.959785025367253, 40.577201973510178 ], [ -73.95342847083586, 40.578252241124922 ], [ -73.951466997094968, 40.582701786513283 ], [ -73.955862980652213, 40.586101395213412 ] ] ] } },
{ "type": "Feature", "properties": { "index": "882a107437fffff" }, "geometry": { "type": "Polygon", "coordinates": [ [ [ -74.002317449964849, 40.574290617216306 ], [ -74.008672619151511, 40.57323769291694 ], [ -74.01062837414409, 40.568787606547311 ], [ -74.00622986358556, 40.565390774475951 ], [ -73.999875712025215, 40.566443478948024 ], [ -73.9979190535079, 40.570893235288821 ], [ -74.002317449964849, 40.574290617216306 ] ] ] } },
{ "type": "Feature", "properties": { "index": "882a100153fffff" }, "geometry": { "type": "Polygon", "coordinates": [ [ [ -73.823176892181564, 40.872370085135351 ], [ -73.829575625061054, 40.871323928580523 ], [ -73.831560595559495, 40.866860786419785 ], [ -73.827147744045206, 40.863444135494255 ], [ -73.820750044549541, 40.864490074961147 ], [ -73.818764163298056, 40.868952882411783 ], [ -73.823176892181564, 40.872370085135351 ] ] ] } },
{ "type": "Feature", "properties": { "index": "882a106057fffff" }, "geometry": { "type": "Polygon", "coordinates": [ [ [ -74.167114350820256, 40.588147084502324 ], [ -74.173468478924434, 40.587084912325935 ], [ -74.175409451269402, 40.582631011704329 ], [ -74.170997203560987, 40.57923961046265 ], [ -74.164644091131947, 40.580301559489641 ], [ -74.162702210846447, 40.584755132877412 ], [ -74.167114350820256, 40.588147084502324 ] ] ] } },
{ "type": "Feature", "properties": { "index": "882a107737fffff" }, "geometry": { "type": "Polygon", "coordinates": [ [ [ -74.019432587794668, 40.629241334774079 ], [ -74.025794888832422, 40.628186869682231 ], [ -74.027751334484293, 40.623733420277119 ], [ -74.023346385254101, 40.620334765954134 ], [ -74.016985103960252, 40.621389010718126 ], [ -74.015027752263833, 40.625842130102967 ], [ -74.019432587794668, 40.629241334774079 ] ] ] } },
{ "type": "Feature", "properties": { "index": "882a100e6bfffff" }, "geometry": { "type": "Polygon", "coordinates": [ [ [ -73.826479397759485, 40.784966597254986 ], [ -73.832866166716684, 40.783921168477207 ], [ -73.834847136485109, 40.779462752813991 ], [ -73.830442244855632, 40.776050100089343 ], [ -73.824056505389805, 40.777095311957758 ], [ -73.822074628175145, 40.781553393430535 ], [ -73.826479397759485, 40.784966597254986 ] ] ] } },
{ "type": "Feature", "properties": { "index": "882a106e67fffff" }, "geometry": { "type": "Polygon", "coordinates": [ [ [ -74.253292269344016, 40.511782226312462 ], [ -74.259634541179551, 40.510716156002971 ], [ -74.261564338501145, 40.506264925970285 ], [ -74.257152771104657, 40.502880091549876 ], [ -74.250811510306676, 40.503945937226561 ], [ -74.248880805976981, 40.508396841926007 ], [ -74.253292269344016, 40.511782226312462 ] ] ] } },
{ "type": "Feature", "properties": { "index": "882a1070b7fffff" }, "geometry": { "type": "Polygon", "coordinates": [ [ [ -74.094834197112874, 40.645633320806674 ], [ -74.101197387800397, 40.644574508802862 ], [ -74.103147481474508, 40.640118754159275 ], [ -74.098735293032391, 40.636722140282977 ], [ -74.092373121633173, 40.637780730407265 ], [ -74.090422119498697, 40.642236156257205 ], [ -74.094834197112874, 40.645633320806674 ] ] ] } },
{ "type": "Feature", "properties": { "index": "882a107299fffff" }, "geometry": { "type": "Polygon", "coordinates": [ [ [ -73.990032145790536, 40.696067350506219 ], [ -73.996404014923868, 40.695013791384248 ], [ -73.998365987694953, 40.690557196327987 ], [ -73.993956999370255, 40.687154491245892 ], [ -73.987586153338412, 40.688207830434131 ], [ -73.985623272641519, 40.692664094608205 ], [ -73.990032145790536, 40.696067350506219 ] ] ] } },
{ "type": "Feature", "properties": { "index": "882a100117fffff" }, "geometry": { "type": "Polygon", "coordinates": [ [ [ -73.848322266811238, 40.855841388514342 ], [ -73.854718315084909, 40.854794004364201 ], [ -73.856700235275909, 40.850331290397236 ], [ -73.85228701802555, 40.846916294736758 ], [ -73.845892002023561, 40.84796346133961 ], [ -73.843909171113751, 40.852425841120457 ], [ -73.848322266811238, 40.855841388514342 ] ] ] } },
{ "type": "Feature", "properties": { "index": "882a106213fffff" }, "geometry": { "type": "Polygon", "coordinates": [ [ [ -74.112377579317453, 40.60553964364825 ], [ -74.118735034379171, 40.604480301452753 ], [ -74.120681830413915, 40.600026443740475 ], [ -74.116272078823044, 40.596632256472255 ], [ -74.109915641040487, 40.597691376556298 ], [ -74.107967937680243, 40.602144905989817 ], [ -74.112377579317453, 40.60553964364825 ] ] ] } },
{ "type": "Feature", "properties": { "index": "882a103b3dfffff" }, "geometry": { "type": "Polygon", "coordinates": [ [ [ -73.804508264255531, 40.648129155702797 ], [ -73.810876826783627, 40.647086379619495 ], [ -73.812854081045714, 40.642635912694274 ], [ -73.808463674539809, 40.639228555666996 ], [ -73.802096135854697, 40.640271115665641 ], [ -73.800117979944673, 40.644721248746755 ], [ -73.804508264255531, 40.648129155702797 ] ] ] } },
{ "type": "Feature", "properties": { "index": "882a100d6dfffff" }, "geometry": { "type": "Polygon", "coordinates": [ [ [ -73.973791268787977, 40.773162293989728 ], [ -73.980173889868652, 40.772108809499571 ], [ -73.982140602710786, 40.767648271163239 ], [ -73.97772560510802, 40.764241548856312 ], [ -73.971344010743778, 40.765294813516078 ], [ -73.96937638737819, 40.769755020283164 ], [ -73.973791268787977, 40.773162293989728 ] ] ] } },
{ "type": "Feature", "properties": { "index": "882a100f21fffff" }, "geometry": { "type": "Polygon", "coordinates": [ [ [ -73.927133591815647, 40.784987328914006 ], [ -73.933518632549166, 40.783936308977182 ], [ -73.935490201752117, 40.779475995263589 ], [ -73.931077640199732, 40.776067033900027 ], [ -73.924693627418918, 40.777117834907671 ], [ -73.922721148350405, 40.781577816178128 ], [ -73.927133591815647, 40.784987328914006 ] ] ] } },
{ "type": "Feature", "properties": { "index": "882a100d23fffff" }, "geometry": { "type": "Polygon", "coordinates": [ [ [ -73.98314196856704, 40.738537952075355 ], [ -73.989519721842157, 40.737484319126047 ], [ -73.991484112232001, 40.733025511414098 ], [ -73.987071658863542, 40.729620667846355 ], [ -73.9806949306478, 40.730674080877506 ], [ -73.978729630853209, 40.735132557364565 ], [ -73.98314196856704, 40.738537952075355 ] ] ] } },
{ "type": "Feature", "properties": { "index": "882a100ad1fffff" }, "geometry": { "type": "Polygon", "coordinates": [ [ [ -73.884258309192973, 40.841675289215885 ], [ -73.890651808647917, 40.840626053947311 ], [ -73.892629770442838, 40.836163437002128 ], [ -73.888215143931106, 40.832750388782671 ], [ -73.881822675574227, 40.833799405821672 ], [ -73.879843802744247, 40.838261689279896 ], [ -73.884258309192973, 40.841675289215885 ] ] ] } },
{ "type": "Feature", "properties": { "index": "882a10010dfffff" }, "geometry": { "type": "Polygon", "coordinates": [ [ [ -73.858051541942729, 40.887360462851184 ], [ -73.864451722399863, 40.886312207801268 ], [ -73.866434063729201, 40.881847585638276 ], [ -73.862017136893655, 40.878431552678691 ], [ -73.855617989947149, 40.879479589897031 ], [ -73.853634736439218, 40.883943877876739 ], [ -73.858051541942729, 40.887360462851184 ] ] ] } },
{ "type": "Feature", "properties": { "index": "882a100527fffff" }, "geometry": { "type": "Polygon", "coordinates": [ [ [ -73.784445502677542, 40.746378495205995 ], [ -73.790827738552494, 40.745335803568544 ], [ -73.792811001587225, 40.740880303508156 ], [ -73.788412933803642, 40.737467829769145 ], [ -73.78203172636664, 40.738510305449346 ], [ -73.780047558388233, 40.742965470796243 ], [ -73.784445502677542, 40.746378495205995 ] ] ] } },
{ "type": "Feature", "properties": { "index": "882a1062e3fffff" }, "geometry": { "type": "Polygon", "coordinates": [ [ [ -74.126520023450084, 40.586666137083164 ], [ -74.132874676063409, 40.585606221605488 ], [ -74.134819372769925, 40.581153150073845 ], [ -74.130410323903646, 40.577760321923527 ], [ -74.124056687533638, 40.578820015063776 ], [ -74.122111083896996, 40.583272758661522 ], [ -74.126520023450084, 40.586666137083164 ] ] ] } },
{ "type": "Feature", "properties": { "index": "882a100dd9fffff" }, "geometry": { "type": "Polygon", "coordinates": [ [ [ -73.900339157028142, 40.69846350344595 ], [ -73.906712907149412, 40.697414887811654 ], [ -73.908683347618322, 40.692959839303583 ], [ -73.904280943957062, 40.689553738852496 ], [ -73.89790821841774, 40.690602136340701 ], [ -73.895936872069868, 40.695056852396341 ], [ -73.900339157028142, 40.69846350344595 ] ] ] } },
{ "type": "Feature", "properties": { "index": "882a100d35fffff" }, "geometry": { "type": "Polygon", "coordinates": [ [ [ -73.9806949306478, 40.730674080877506 ], [ -73.987071658863542, 40.729620667846355 ], [ -73.989035949028278, 40.725162339028529 ], [ -73.98462442013124, 40.72175775443808 ], [ -73.978248716669469, 40.722810947622655 ], [ -73.97628351746279, 40.727268945214263 ], [ -73.9806949306478, 40.730674080877506 ] ] ] } },
{ "type": "Feature", "properties": { "index": "882a10721bfffff" }, "geometry": { "type": "Polygon", "coordinates": [ [ [ -74.004725402544778, 40.743239974776692 ], [ -74.01110341668911, 40.742185094548333 ], [ -74.013065987224564, 40.737725624913224 ], [ -74.008651453828989, 40.73432136635023 ], [ -74.002274464615894, 40.735376026215008 ], [ -74.000310983979134, 40.739835164976327 ], [ -74.004725402544778, 40.743239974776692 ] ] ] } },
{ "type": "Feature", "properties": { "index": "882a100561fffff" }, "geometry": { "type": "Polygon", "coordinates": [ [ [ -73.761748775793151, 40.770742497262944 ], [ -73.768134708108647, 40.769700812812268 ], [ -73.770121117278634, 40.765244404906376 ], [ -73.765722499581585, 40.761830016657314 ], [ -73.759337597115234, 40.762871485538803 ], [ -73.757350282609991, 40.767327558209082 ], [ -73.761748775793151, 40.770742497262944 ] ] ] } },
{ "type": "Feature", "properties": { "index": "882a1075cbfffff" }, "geometry": { "type": "Polygon", "coordinates": [ [ [ -74.013072048460216, 40.576634785766736 ], [ -74.019427346565735, 40.575581242314001 ], [ -74.021382197689121, 40.57113082608987 ], [ -74.01698265468697, 40.567734283143047 ], [ -74.01062837414409, 40.568787606547311 ], [ -74.008672619151511, 40.57323769291694 ], [ -74.013072048460216, 40.576634785766736 ] ] ] } },
{ "type": "Feature", "properties": { "index": "882a100c37fffff" }, "geometry": { "type": "Polygon", "coordinates": [ [ [ -73.902770914137236, 40.706325610536396 ], [ -73.909145689146271, 40.705276776684933 ], [ -73.911116232476076, 40.700821249111577 ], [ -73.906712907149412, 40.697414887811654 ], [ -73.900339157028142, 40.69846350344595 ], [ -73.89836770745795, 40.702918698567579 ], [ -73.902770914137236, 40.706325610536396 ] ] ] } },
{ "type": "Feature", "properties": { "index": "882a1001d3fffff" }, "geometry": { "type": "Polygon", "coordinates": [ [ [ -73.806206164520106, 40.817225499261461 ], [ -73.812597670219631, 40.816180860834692 ], [ -73.814581895217756, 40.811721059485635 ], [ -73.810175522834783, 40.808306231246384 ], [ -73.803785048351301, 40.809350653080763 ], [ -73.801799915148123, 40.813810119717147 ], [ -73.806206164520106, 40.817225499261461 ] ] ] } },
{ "type": "Feature", "properties": { "index": "882a10763bfffff" }, "geometry": { "type": "Polygon", "coordinates": [ [ [ -73.925002328447007, 40.615953023584204 ], [ -73.931364473243505, 40.614903922133394 ], [ -73.933329162552738, 40.610452969075943 ], [ -73.928932610467996, 40.607051449028639 ], [ -73.922571486286557, 40.608100332075345 ], [ -73.920605893686215, 40.612550953543725 ], [ -73.925002328447007, 40.615953023584204 ] ] ] } },
{ "type": "Feature", "properties": { "index": "882a1001bbfffff" }, "geometry": { "type": "Polygon", "coordinates": [ [ [ -73.842124127992506, 40.803078956686967 ], [ -73.848513094563316, 40.802032469032753 ], [ -73.850493367353522, 40.797572763596207 ], [ -73.846085582209881, 40.794159879799139 ], [ -73.839697645686712, 40.795206150178878 ], [ -73.837716464372647, 40.799665521600467 ], [ -73.842124127992506, 40.803078956686967 ] ] ] } },
{ "type": "Feature", "properties": { "index": "882a100c13fffff" }, "geometry": { "type": "Polygon", "coordinates": [ [ [ -73.862091369979041, 40.704748011515782 ], [ -73.868466629763333, 40.703701449188571 ], [ -73.870440900218426, 40.699246773482784 ], [ -73.866040816207217, 40.695838993223134 ], [ -73.859666581862271, 40.696885338152512 ], [ -73.857691406201511, 40.701339680709701 ], [ -73.862091369979041, 40.704748011515782 ] ] ] } },
{ "type": "Feature", "properties": { "index": "882a100c8dfffff" }, "geometry": { "type": "Polygon", "coordinates": [ [ [ -73.865589881107837, 40.683523560179353 ], [ -73.871962201469728, 40.682477028193183 ], [ -73.873935254535894, 40.678023456714087 ], [ -73.869536891824239, 40.674616750167154 ], [ -73.863165595922453, 40.675663064745443 ], [ -73.861191638384369, 40.680116303248909 ], [ -73.865589881107837, 40.683523560179353 ] ] ] } },
{ "type": "Feature", "properties": { "index": "882a107097fffff" }, "geometry": { "type": "Polygon", "coordinates": [ [ [ -74.064968325362699, 40.646466877342945 ], [ -74.071332157315879, 40.645409707581905 ], [ -74.073285072352661, 40.640954459742417 ], [ -74.068875063334261, 40.637556710952147 ], [ -74.062512251168826, 40.638613659426795 ], [ -74.060558428345132, 40.643068577947986 ], [ -74.064968325362699, 40.646466877342945 ] ] ] } },
{ "type": "Feature", "properties": { "index": "882a107625fffff" }, "geometry": { "type": "Polygon", "coordinates": [ [ [ -73.962160461221217, 40.638716199485835 ], [ -73.96852504400367, 40.637664799196145 ], [ -73.970487222457081, 40.633211892425948 ], [ -73.96608572328995, 40.629810716980408 ], [ -73.959722161542857, 40.630861898058392 ], [ -73.957759078038947, 40.635314473763763 ], [ -73.962160461221217, 40.638716199485835 ] ] ] } },
{ "type": "Feature", "properties": { "index": "882a100c57fffff" }, "geometry": { "type": "Polygon", "coordinates": [ [ [ -73.858589705508152, 40.725977950332485 ], [ -73.864967907378826, 40.724931358265209 ], [ -73.866943396601698, 40.720475579240059 ], [ -73.862541590006657, 40.717066725574107 ], [ -73.856164414555934, 40.718113100253746 ], [ -73.854188019392822, 40.722568545957266 ], [ -73.858589705508152, 40.725977950332485 ] ] ] } },
{ "type": "Feature", "properties": { "index": "882a10051bfffff" }, "geometry": { "type": "Polygon", "coordinates": [ [ [ -73.719783051669665, 40.732139099472469 ], [ -73.726164441204773, 40.731100145029416 ], [ -73.728153128630126, 40.726646655854864 ], [ -73.723761329467933, 40.723232456848706 ], [ -73.717380968721841, 40.72427119667293 ], [ -73.71539137846203, 40.728724350092804 ], [ -73.719783051669665, 40.732139099472469 ] ] ] } },
{ "type": "Feature", "properties": { "index": "882a107731fffff" }, "geometry": { "type": "Polygon", "coordinates": [ [ [ -74.011111945057266, 40.634748998930917 ], [ -74.017475137276833, 40.633694934269975 ], [ -74.019432587794668, 40.629241334774079 ], [ -74.015027752263833, 40.625842130102967 ], [ -74.008665580155295, 40.626895974586141 ], [ -74.006707223577791, 40.631349243888238 ], [ -74.011111945057266, 40.634748998930917 ] ] ] } },
{ "type": "Feature", "properties": { "index": "882a100ecdfffff" }, "geometry": { "type": "Polygon", "coordinates": [ [ [ -73.792811001587225, 40.740880303508156 ], [ -73.799192348532245, 40.739837204840242 ], [ -73.801174599510219, 40.735381848572771 ], [ -73.796776408589409, 40.731969925483213 ], [ -73.790396089714974, 40.733012808041231 ], [ -73.788412933803642, 40.737467829769145 ], [ -73.792811001587225, 40.740880303508156 ] ] ] } },
{ "type": "Feature", "properties": { "index": "882a106081fffff" }, "geometry": { "type": "Polygon", "coordinates": [ [ [ -74.171348557900245, 40.537901504651877 ], [ -74.177695826636253, 40.536839656018181 ], [ -74.179634333128902, 40.532388469915823 ], [ -74.175226477097567, 40.528999459315486 ], [ -74.168880221803448, 40.530061084864641 ], [ -74.16694080920864, 40.534511944068399 ], [ -74.171348557900245, 40.537901504651877 ] ] ] } },
{ "type": "Feature", "properties": { "index": "882a106003fffff" }, "geometry": { "type": "Polygon", "coordinates": [ [ [ -74.186175962987733, 40.584959551390604 ], [ -74.192529318665649, 40.58389636272959 ], [ -74.194468381558224, 40.579442289134072 ], [ -74.190054997147371, 40.576051731053774 ], [ -74.183702656709258, 40.577114696195792 ], [ -74.181762685552357, 40.581568442906722 ], [ -74.186175962987733, 40.584959551390604 ] ] ] } },
{ "type": "Feature", "properties": { "index": "882a100ee9fffff" }, "geometry": { "type": "Polygon", "coordinates": [ [ [ -73.811954292395171, 40.737749977694875 ], [ -73.81833488902592, 40.736705849312756 ], [ -73.820315222997792, 40.732250302902422 ], [ -73.815915865725344, 40.728839219036338 ], [ -73.809536296738116, 40.729883130933111 ], [ -73.807555057492607, 40.734338343151748 ], [ -73.811954292395171, 40.737749977694875 ] ] ] } },
{ "type": "Feature", "properties": { "index": "882a106e45fffff" }, "geometry": { "type": "Polygon", "coordinates": [ [ [ -74.225987264970641, 40.520494295742047 ], [ -74.232331204545076, 40.519429631131565 ], [ -74.234263903886998, 40.51497841387085 ], [ -74.229853570471846, 40.511592187045359 ], [ -74.223510642737139, 40.512656627538462 ], [ -74.221577036687364, 40.517107518944044 ], [ -74.225987264970641, 40.520494295742047 ] ] ] } },
{ "type": "Feature", "properties": { "index": "882a100029fffff" }, "geometry": { "type": "Polygon", "coordinates": [ [ [ -73.801555435734116, 40.867625821066468 ], [ -73.807953890249294, 40.866580917795197 ], [ -73.809940681900216, 40.862118445229832 ], [ -73.805529929195458, 40.858701210966309 ], [ -73.799132508184911, 40.859745897597961 ], [ -73.797144806488262, 40.864208035103118 ], [ -73.801555435734116, 40.867625821066468 ] ] ] } },
{ "type": "Feature", "properties": { "index": "882a107563fffff" }, "geometry": { "type": "Polygon", "coordinates": [ [ [ -74.068371515698942, 40.625250165693195 ], [ -74.074732415961009, 40.624193038936845 ], [ -74.07668413274456, 40.619738902503322 ], [ -74.072275856425193, 40.616342221944123 ], [ -74.06591597497814, 40.617399127408099 ], [ -74.063963351146327, 40.621852934693543 ], [ -74.068371515698942, 40.625250165693195 ] ] ] } },
{ "type": "Feature", "properties": { "index": "882a100f1bfffff" }, "geometry": { "type": "Polygon", "coordinates": [ [ [ -73.870728426538562, 40.765313294983443 ], [ -73.877111765114464, 40.764265614914763 ], [ -73.879087775963896, 40.75980744341652 ], [ -73.87468135610095, 40.75639728527635 ], [ -73.868299045480555, 40.757444747602868 ], [ -73.866322126880362, 40.761902585781968 ], [ -73.870728426538562, 40.765313294983443 ] ] ] } },
{ "type": "Feature", "properties": { "index": "882a107651fffff" }, "geometry": { "type": "Polygon", "coordinates": [ [ [ -73.891676056121682, 40.63795070364295 ], [ -73.898041752711265, 40.636903210718195 ], [ -73.900010465175384, 40.632451665384906 ], [ -73.895614384503986, 40.629047945229331 ], [ -73.889249709993109, 40.630095220353461 ], [ -73.887280094186664, 40.634546433404111 ], [ -73.891676056121682, 40.63795070364295 ] ] ] } },
{ "type": "Feature", "properties": { "index": "882a10760dfffff" }, "geometry": { "type": "Polygon", "coordinates": [ [ [ -73.923967660327477, 40.645017443272252 ], [ -73.930333757884839, 40.64396808835204 ], [ -73.932299758238202, 40.639515547214842 ], [ -73.92790056553001, 40.636112692728631 ], [ -73.921535489866287, 40.637161829182354 ], [ -73.919568585128815, 40.641614038559027 ], [ -73.923967660327477, 40.645017443272252 ] ] ] } },
{ "type": "Feature", "properties": { "index": "882a10621bfffff" }, "geometry": { "type": "Polygon", "coordinates": [ [ [ -74.104071432455484, 40.611052597597428 ], [ -74.110429780431716, 40.609993653663075 ], [ -74.112377579317453, 40.60553964364825 ], [ -74.107967937680243, 40.602144905989817 ], [ -74.101610607350679, 40.60320362796196 ], [ -74.099661901122346, 40.607657309524555 ], [ -74.104071432455484, 40.611052597597428 ] ] ] } },
{ "type": "Feature", "properties": { "index": "882a100003fffff" }, "geometry": { "type": "Polygon", "coordinates": [ [ [ -73.777519729847597, 40.854998050122347 ], [ -73.783916870520059, 40.853954615931038 ], [ -73.78590537409633, 40.849493290671774 ], [ -73.781497646087857, 40.846075734984382 ], [ -73.775101538729345, 40.847118953055045 ], [ -73.7731121261791, 40.851579942904159 ], [ -73.777519729847597, 40.854998050122347 ] ] ] } },
{ "type": "Feature", "properties": { "index": "882a1005e7fffff" }, "geometry": { "type": "Polygon", "coordinates": [ [ [ -73.75325196881694, 40.71016773697221 ], [ -73.759629812040401, 40.70912715308387 ], [ -73.76161445294521, 40.70467423644434 ], [ -73.757222153537242, 40.701262238723466 ], [ -73.750845337637656, 40.702302607381689 ], [ -73.748859793934983, 40.706755188961495 ], [ -73.75325196881694, 40.71016773697221 ] ] ] } },
{ "type": "Feature", "properties": { "index": "882a100e31fffff" }, "geometry": { "type": "Polygon", "coordinates": [ [ [ -73.835939935787223, 40.75035117718901 ], [ -73.842321836165908, 40.749305585588736 ], [ -73.844300463901504, 40.744848892903484 ], [ -73.839898097707916, 40.741438125632051 ], [ -73.83351722515998, 40.742483500230257 ], [ -73.831537691087661, 40.746939859072349 ], [ -73.835939935787223, 40.75035117718901 ] ] ] } },
{ "type": "Feature", "properties": { "index": "882a100157fffff" }, "geometry": { "type": "Polygon", "coordinates": [ [ [ -73.833989403598395, 40.874740839273613 ], [ -73.84038827496434, 40.873694055929249 ], [ -73.842372334356227, 40.869230579233665 ], [ -73.837958433602395, 40.865814220387541 ], [ -73.831560595559495, 40.866860786419785 ], [ -73.829575625061054, 40.871323928580523 ], [ -73.833989403598395, 40.874740839273613 ] ] ] } },
{ "type": "Feature", "properties": { "index": "882a106231fffff" }, "geometry": { "type": "Polygon", "coordinates": [ [ [ -74.144685433364202, 40.612542215961291 ], [ -74.151043259867649, 40.611481012534199 ], [ -74.152987331864665, 40.607026171038996 ], [ -74.148574485824753, 40.603632860692549 ], [ -74.142217676400676, 40.604693841344329 ], [ -74.140272696047631, 40.609148355087562 ], [ -74.144685433364202, 40.612542215961291 ] ] ] } },
{ "type": "Feature", "properties": { "index": "882a100f37fffff" }, "geometry": { "type": "Polygon", "coordinates": [ [ [ -73.919816165890325, 40.761381060022231 ], [ -73.926198123686802, 40.760330696659011 ], [ -73.928169385652026, 40.755871817923655 ], [ -73.923759598709196, 40.752463634967732 ], [ -73.917378667944647, 40.75351377961568 ], [ -73.915406497203506, 40.757972325904952 ], [ -73.919816165890325, 40.761381060022231 ] ] ] } },
{ "type": "Feature", "properties": { "index": "882a100c23fffff" }, "geometry": { "type": "Polygon", "coordinates": [ [ [ -73.90763688547041, 40.722052043734159 ], [ -73.914013711172899, 40.721002773235149 ], [ -73.915984460075848, 40.716546287776673 ], [ -73.911579290352392, 40.713139405237698 ], [ -73.905203490149674, 40.714188457377396 ], [ -73.90323183428292, 40.718644610385574 ], [ -73.90763688547041, 40.722052043734159 ] ] ] } },
{ "type": "Feature", "properties": { "index": "882a1062a7fffff" }, "geometry": { "type": "Polygon", "coordinates": [ [ [ -74.151412389141285, 40.570126444153843 ], [ -74.157764363815602, 40.569065337660639 ], [ -74.159706056793951, 40.564612726300361 ], [ -74.155296682085009, 40.56122154881691 ], [ -74.148945722552497, 40.562282432526331 ], [ -74.147003122697285, 40.566734716472709 ], [ -74.151412389141285, 40.570126444153843 ] ] ] } },
{ "type": "Feature", "properties": { "index": "882a100dd1fffff" }, "geometry": { "type": "Polygon", "coordinates": [ [ [ -73.908683347618322, 40.692959839303583 ], [ -73.915056207298448, 40.691910819787729 ], [ -73.917025638990808, 40.687455918148039 ], [ -73.912623116981251, 40.684050368273063 ], [ -73.906251281515594, 40.685099169491423 ], [ -73.904280943957062, 40.689553738852496 ], [ -73.908683347618322, 40.692959839303583 ] ] ] } },
{ "type": "Feature", "properties": { "index": "882a100e1dfffff" }, "geometry": { "type": "Polygon", "coordinates": [ [ [ -73.808427628054289, 40.75898669386136 ], [ -73.81481117099348, 40.757942539229909 ], [ -73.81679272943957, 40.753485892014133 ], [ -73.812391651067301, 40.750073733765653 ], [ -73.806009136755023, 40.751117671923062 ], [ -73.804026672301049, 40.755573984773385 ], [ -73.808427628054289, 40.75898669386136 ] ] ] } },
{ "type": "Feature", "properties": { "index": "882a1008c9fffff" }, "geometry": { "type": "Polygon", "coordinates": [ [ [ -73.95015407195207, 40.826704253479612 ], [ -73.956544390136131, 40.825651512006999 ], [ -73.95851555835975, 40.821188476055049 ], [ -73.954097320548769, 40.817778513807347 ], [ -73.947708031791223, 40.818831035770138 ], [ -73.945735951531006, 40.823293739460446 ], [ -73.95015407195207, 40.826704253479612 ] ] ] } },
{ "type": "Feature", "properties": { "index": "882a100eb7fffff" }, "geometry": { "type": "Polygon", "coordinates": [ [ [ -73.827350693611208, 40.689795568384795 ], [ -73.833724517637179, 40.688751089126427 ], [ -73.835701397321486, 40.684297892375369 ], [ -73.831305356888961, 40.680889508523833 ], [ -73.824932558177352, 40.681933771122743 ], [ -73.822954774696271, 40.686386634203075 ], [ -73.827350693611208, 40.689795568384795 ] ] ] } },
{ "type": "Feature", "properties": { "index": "882a100881fffff" }, "geometry": { "type": "Polygon", "coordinates": [ [ [ -73.972783368294614, 40.802285015423621 ], [ -73.979169967828781, 40.801231276206472 ], [ -73.981137994925291, 40.796769156319669 ], [ -73.976720334229981, 40.793361107359438 ], [ -73.970334762702407, 40.794414626682894 ], [ -73.968365823976171, 40.798876414830239 ], [ -73.972783368294614, 40.802285015423621 ] ] ] } },
{ "type": "Feature", "properties": { "index": "882a100d37fffff" }, "geometry": { "type": "Polygon", "coordinates": [ [ [ -73.978248716669469, 40.722810947622655 ], [ -73.98462442013124, 40.72175775443808 ], [ -73.986588610019865, 40.717299904596516 ], [ -73.982178005238026, 40.713895579137024 ], [ -73.975803326224877, 40.714948552546538 ], [ -73.973838227656913, 40.719406071160634 ], [ -73.978248716669469, 40.722810947622655 ] ] ] } },
{ "type": "Feature", "properties": { "index": "882a100eddfffff" }, "geometry": { "type": "Polygon", "coordinates": [ [ [ -73.777206613907396, 40.722776148504458 ], [ -73.783585765392473, 40.721734104527584 ], [ -73.785568706914731, 40.717280039710502 ], [ -73.781173400924914, 40.71386835355397 ], [ -73.774795276953995, 40.714910181784759 ], [ -73.772811431571583, 40.719363911888706 ], [ -73.777206613907396, 40.722776148504458 ] ] ] } },
{ "type": "Feature", "properties": { "index": "882a1000a5fffff" }, "geometry": { "type": "Polygon", "coordinates": [ [ [ -73.803785048351301, 40.809350653080763 ], [ -73.810175522834783, 40.808306231246384 ], [ -73.812159641139758, 40.803846907488079 ], [ -73.807754192916434, 40.80043234024749 ], [ -73.801364749339825, 40.801476545560163 ], [ -73.799379723192985, 40.805935534605538 ], [ -73.803785048351301, 40.809350653080763 ] ] ] } },
{ "type": "Feature", "properties": { "index": "882a10002dfffff" }, "geometry": { "type": "Polygon", "coordinates": [ [ [ -73.812365569368879, 40.869998412275542 ], [ -73.818764163298056, 40.868952882411783 ], [ -73.820750044549541, 40.864490074961147 ], [ -73.816338242385029, 40.861073132229834 ], [ -73.809940681900216, 40.862118445229832 ], [ -73.807953890249294, 40.866580917795197 ], [ -73.812365569368879, 40.869998412275542 ] ] ] } },
{ "type": "Feature", "properties": { "index": "882a1001adfffff" }, "geometry": { "type": "Polygon", "coordinates": [ [ [ -73.871016763594639, 40.831434456460343 ], [ -73.877409095817598, 40.83038606523106 ], [ -73.879387864185915, 40.82592425927745 ], [ -73.87497521076321, 40.822511178186438 ], [ -73.868583909391361, 40.823559351481066 ], [ -73.86660423070434, 40.828020823771581 ], [ -73.871016763594639, 40.831434456460343 ] ] ] } },
{ "type": "Feature", "properties": { "index": "882a100025fffff" }, "geometry": { "type": "Polygon", "coordinates": [ [ [ -73.820750044549541, 40.864490074961147 ], [ -73.827147744045206, 40.863444135494255 ], [ -73.829132608188914, 40.858981470342805 ], [ -73.824720683339066, 40.855565079339094 ], [ -73.818324016917188, 40.85661080178896 ], [ -73.816338242385029, 40.861073132229834 ], [ -73.820750044549541, 40.864490074961147 ] ] ] } },
{ "type": "Feature", "properties": { "index": "882a10382bfffff" }, "geometry": { "type": "Polygon", "coordinates": [ [ [ -73.790047653903841, 40.600992064147917 ], [ -73.796410077959621, 40.599950583517405 ], [ -73.798386695589016, 40.595502994653927 ], [ -73.794001788769862, 40.592097220234095 ], [ -73.78764038672368, 40.59313848520177 ], [ -73.785662869598937, 40.597585740222705 ], [ -73.790047653903841, 40.600992064147917 ] ] ] } },
{ "type": "Feature", "properties": { "index": "882a103b15fffff" }, "geometry": { "type": "Polygon", "coordinates": [ [ [ -73.782992026526188, 40.643396746178624 ], [ -73.789360311705167, 40.642355210968908 ], [ -73.791339368914322, 40.637905411905137 ], [ -73.786951042006933, 40.634497482212055 ], [ -73.780583780789172, 40.635538801781472 ], [ -73.778603822629819, 40.639988266654832 ], [ -73.782992026526188, 40.643396746178624 ] ] ] } },
{ "type": "Feature", "properties": { "index": "882a100e39fffff" }, "geometry": { "type": "Polygon", "coordinates": [ [ [ -73.827577505129227, 40.75585319943302 ], [ -73.833960296038427, 40.754808014363121 ], [ -73.835939935787223, 40.75035117718901 ], [ -73.831537691087661, 40.746939859072349 ], [ -73.825155928377242, 40.747984827292576 ], [ -73.823175382280468, 40.7524413304495 ], [ -73.827577505129227, 40.75585319943302 ] ] ] } },
{ "type": "Feature", "properties": { "index": "882a100165fffff" }, "geometry": { "type": "Polygon", "coordinates": [ [ [ -73.882127099669177, 40.899977306004423 ], [ -73.88852858742257, 40.898927577888308 ], [ -73.89050920776485, 40.894461811047435 ], [ -73.886089253718396, 40.891046106123717 ], [ -73.879688799661949, 40.892095615888501 ], [ -73.877707266068683, 40.896561048898462 ], [ -73.882127099669177, 40.899977306004423 ] ] ] } },
{ "type": "Feature", "properties": { "index": "882a1008d1fffff" }, "geometry": { "type": "Polygon", "coordinates": [ [ [ -73.942818426847793, 40.803086809247525 ], [ -73.949205657674909, 40.802034726089801 ], [ -73.951176520508454, 40.797573123871651 ], [ -73.946761063571074, 40.794163937046676 ], [ -73.940374861248131, 40.795215800909133 ], [ -73.938403087471102, 40.799677070861897 ], [ -73.942818426847793, 40.803086809247525 ] ] ] } },
{ "type": "Feature", "properties": { "index": "882a100c65fffff" }, "geometry": { "type": "Polygon", "coordinates": [ [ [ -73.906589126810445, 40.751154826280661 ], [ -73.912969923470314, 40.750105305345308 ], [ -73.914941991335937, 40.745647237547892 ], [ -73.910534170717597, 40.742239023277968 ], [ -73.904154400845187, 40.743288325792243 ], [ -73.902181424916165, 40.747746060967678 ], [ -73.906589126810445, 40.751154826280661 ] ] ] } },
{ "type": "Feature", "properties": { "index": "882a100d01fffff" }, "geometry": { "type": "Polygon", "coordinates": [ [ [ -73.955660452942297, 40.747207768842308 ], [ -73.962039862869119, 40.746155567377897 ], [ -73.964007182902535, 40.741696796317399 ], [ -73.95959600220597, 40.73829055843985 ], [ -73.953217618140584, 40.739342540511359 ], [ -73.951249389022607, 40.743800979823391 ], [ -73.955660452942297, 40.747207768842308 ] ] ] } },
{ "type": "Feature", "properties": { "index": "882a100ea7fffff" }, "geometry": { "type": "Polygon", "coordinates": [ [ [ -73.842964084537485, 40.707885643993066 ], [ -73.849340097223035, 40.706840108965849 ], [ -73.851316282670595, 40.702385620826583 ], [ -73.846917360412903, 40.698977001181397 ], [ -73.840542373594559, 40.700022319185273 ], [ -73.838565283279124, 40.704476473828066 ], [ -73.842964084537485, 40.707885643993066 ] ] ] } },
{ "type": "Feature", "properties": { "index": "882a100e9dfffff" }, "geometry": { "type": "Polygon", "coordinates": [ [ [ -73.791515295145274, 40.703919090546016 ], [ -73.797891644159876, 40.702876449751564 ], [ -73.79987245713572, 40.698423152009902 ], [ -73.795477824688689, 40.695012829398642 ], [ -73.789102502147571, 40.69605525421256 ], [ -73.787120785692622, 40.700508217588776 ], [ -73.791515295145274, 40.703919090546016 ] ] ] } },
{ "type": "Feature", "properties": { "index": "882a100adbfffff" }, "geometry": { "type": "Polygon", "coordinates": [ [ [ -73.873450439361406, 40.83931029851496 ], [ -73.879843802744247, 40.838261689279896 ], [ -73.881822675574227, 40.833799405821672 ], [ -73.877409095817598, 40.83038606523106 ], [ -73.871016763594639, 40.831434456460343 ], [ -73.869036980081688, 40.835896406256232 ], [ -73.873450439361406, 40.83931029851496 ] ] ] } },
{ "type": "Feature", "properties": { "index": "882a103b67fffff" }, "geometry": { "type": "Polygon", "coordinates": [ [ [ -73.811749520692601, 40.6717077310972 ], [ -73.81812115658623, 40.670664306337464 ], [ -73.820098728523021, 40.666212401475221 ], [ -73.815705567405473, 40.662804255187623 ], [ -73.809334956273233, 40.663847463651408 ], [ -73.80735648160946, 40.668299034669232 ], [ -73.811749520692601, 40.6717077310972 ] ] ] } },
{ "type": "Feature", "properties": { "index": "882a100eb1fffff" }, "geometry": { "type": "Polygon", "coordinates": [ [ [ -73.818998092413295, 40.695292984522418 ], [ -73.825372804429847, 40.694248910451897 ], [ -73.827350693611208, 40.689795568384795 ], [ -73.822954774696271, 40.686386634203075 ], [ -73.816581088360607, 40.687430491766129 ], [ -73.814602295371458, 40.691883499988826 ], [ -73.818998092413295, 40.695292984522418 ] ] ] } },
{ "type": "Feature", "properties": { "index": "882a1039c1fffff" }, "geometry": { "type": "Polygon", "coordinates": [ [ [ -73.815059111162739, 40.584524084965629 ], [ -73.82141888430418, 40.583481395061781 ], [ -73.82339248562964, 40.579034245830378 ], [ -73.819007213389156, 40.575630119796713 ], [ -73.81264846116531, 40.576672593583574 ], [ -73.810673960375979, 40.581119409491663 ], [ -73.815059111162739, 40.584524084965629 ] ] ] } },
{ "type": "Feature", "properties": { "index": "882a107769fffff" }, "geometry": { "type": "Polygon", "coordinates": [ [ [ -74.004249691382256, 40.677188667325979 ], [ -74.010618752302094, 40.676134524133175 ], [ -74.012578610778476, 40.671678706224917 ], [ -74.008170315980976, 40.668277362015381 ], [ -74.001802277121854, 40.669331285044748 ], [ -73.999841511111029, 40.673786772417152 ], [ -74.004249691382256, 40.677188667325979 ] ] ] } },
{ "type": "Feature", "properties": { "index": "882a1072c7fffff" }, "geometry": { "type": "Polygon", "coordinates": [ [ [ -74.008162688024711, 40.721999863802061 ], [ -74.014537758225813, 40.720945021334245 ], [ -74.016499120749486, 40.71648665791669 ], [ -74.012086322544249, 40.713083467639592 ], [ -74.005712276294787, 40.714138089736352 ], [ -74.003750004410762, 40.718596122451217 ], [ -74.008162688024711, 40.721999863802061 ] ] ] } },
{ "type": "Feature", "properties": { "index": "882a100a59fffff" }, "geometry": { "type": "Polygon", "coordinates": [ [ [ -73.89294947072959, 40.902343541144987 ], [ -73.899351094522885, 40.901293185300275 ], [ -73.901330801260841, 40.896827084804443 ], [ -73.896909797923456, 40.893411673778395 ], [ -73.89050920776485, 40.894461811047435 ], [ -73.88852858742257, 40.898927577888308 ], [ -73.89294947072959, 40.902343541144987 ] ] ] } },
{ "type": "Feature", "properties": { "index": "882a100dedfffff" }, "geometry": { "type": "Polygon", "coordinates": [ [ [ -73.956677765941933, 40.718105420411973 ], [ -73.963053206434154, 40.717053473232326 ], [ -73.965019213333321, 40.71259628602094 ], [ -73.960610687835299, 40.70919137753711 ], [ -73.954236271918475, 40.710243105386823 ], [ -73.952269357036343, 40.714699961020393 ], [ -73.956677765941933, 40.718105420411973 ] ] ] } },
{ "type": "Feature", "properties": { "index": "882a103b2dfffff" }, "geometry": { "type": "Polygon", "coordinates": [ [ [ -73.820098728523021, 40.666212401475221 ], [ -73.82646947752508, 40.665168571983457 ], [ -73.828446040901866, 40.660716812681414 ], [ -73.824052758104969, 40.657309216512473 ], [ -73.817683033498383, 40.658352829556456 ], [ -73.815705567405473, 40.662804255187623 ], [ -73.820098728523021, 40.666212401475221 ] ] ] } },
{ "type": "Feature", "properties": { "index": "882a100f23fffff" }, "geometry": { "type": "Polygon", "coordinates": [ [ [ -73.924693627418918, 40.777117834907671 ], [ -73.931077640199732, 40.776067033900027 ], [ -73.933049107040233, 40.771607198429983 ], [ -73.928637470714662, 40.768198496381849 ], [ -73.922254485579487, 40.769249078531629 ], [ -73.920282109236823, 40.773708581557514 ], [ -73.924693627418918, 40.777117834907671 ] ] ] } },
{ "type": "Feature", "properties": { "index": "882a100e3dfffff" }, "geometry": { "type": "Polygon", "coordinates": [ [ [ -73.838363463254296, 40.758219593809443 ], [ -73.844746391771352, 40.757173785136359 ], [ -73.846725124821347, 40.752716614119443 ], [ -73.842321836165908, 40.749305585588736 ], [ -73.835939935787223, 40.75035117718901 ], [ -73.833960296038427, 40.754808014363121 ], [ -73.838363463254296, 40.758219593809443 ] ] ] } },
{ "type": "Feature", "properties": { "index": "882a107645fffff" }, "geometry": { "type": "Polygon", "coordinates": [ [ [ -73.918065530472433, 40.658376137911731 ], [ -73.924433539656789, 40.657326967050842 ], [ -73.926400648693658, 40.65287379832521 ], [ -73.922000653415523, 40.649470132364044 ], [ -73.915633666795998, 40.650519084838301 ], [ -73.913665653001516, 40.654971921630604 ], [ -73.918065530472433, 40.658376137911731 ] ] ] } },
{ "type": "Feature", "properties": { "index": "882a107293fffff" }, "geometry": { "type": "Polygon", "coordinates": [ [ [ -73.995918872334755, 40.682698375572883 ], [ -74.002288825824564, 40.681644634243675 ], [ -74.004249691382256, 40.677188667325979 ], [ -73.999841511111029, 40.673786772417152 ], [ -73.993472580050025, 40.674840293733489 ], [ -73.991510806943083, 40.679295929941546 ], [ -73.995918872334755, 40.682698375572883 ] ] ] } },
{ "type": "Feature", "properties": { "index": "882a100ad3fffff" }, "geometry": { "type": "Polygon", "coordinates": [ [ [ -73.881822675574227, 40.833799405821672 ], [ -73.888215143931106, 40.832750388782671 ], [ -73.890193001628774, 40.828288249341277 ], [ -73.885779301753402, 40.824875460396839 ], [ -73.879387864185915, 40.82592425927745 ], [ -73.877409095817598, 40.83038606523106 ], [ -73.881822675574227, 40.833799405821672 ] ] ] } },
{ "type": "Feature", "properties": { "index": "882a100cd7fffff" }, "geometry": { "type": "Polygon", "coordinates": [ [ [ -73.841629807676597, 40.670939551452598 ], [ -73.848000831044786, 40.669894479612253 ], [ -73.849975587942566, 40.665442053489201 ], [ -73.845580224998287, 40.662035032500555 ], [ -73.839210225905475, 40.663079887448468 ], [ -73.837234565593775, 40.66753198024788 ], [ -73.841629807676597, 40.670939551452598 ] ] ] } },
{ "type": "Feature", "properties": { "index": "882a1062c7fffff" }, "geometry": { "type": "Polygon", "coordinates": [ [ [ -74.107454528945567, 40.589843848747634 ], [ -74.113809949750291, 40.588784950702951 ], [ -74.115756555297139, 40.584332054392299 ], [ -74.111348646753981, 40.580938384378769 ], [ -74.104994242625992, 40.581997060456175 ], [ -74.103046730474944, 40.586449628484225 ], [ -74.107454528945567, 40.589843848747634 ] ] ] } },
{ "type": "Feature", "properties": { "index": "882a1060d3fffff" }, "geometry": { "type": "Polygon", "coordinates": [ [ [ -74.139087322267073, 40.530913783952307 ], [ -74.145434224232162, 40.529853790655885 ], [ -74.147375448006898, 40.525403585775159 ], [ -74.142970675004108, 40.522013701584896 ], [ -74.136624786681523, 40.52307347245852 ], [ -74.134682657829174, 40.527523349915036 ], [ -74.139087322267073, 40.530913783952307 ] ] ] } },
{ "type": "Feature", "properties": { "index": "882a1005b5fffff" }, "geometry": { "type": "Polygon", "coordinates": [ [ [ -73.754393585480656, 40.681083156084632 ], [ -73.760767462091124, 40.680042811464602 ], [ -73.762750768871953, 40.675591475067158 ], [ -73.758361100863169, 40.672180818145286 ], [ -73.751988250288278, 40.673220947593201 ], [ -73.750004041799215, 40.677671949105736 ], [ -73.754393585480656, 40.681083156084632 ] ] ] } },
{ "type": "Feature", "properties": { "index": "882a10052bfffff" }, "geometry": { "type": "Polygon", "coordinates": [ [ [ -73.765297297589015, 40.749504509123561 ], [ -73.771680282052031, 40.748462848031068 ], [ -73.773665462421647, 40.74400753932126 ], [ -73.769268563043553, 40.740594226735688 ], [ -73.762886607444898, 40.741635672246751 ], [ -73.760900522473008, 40.746090645895364 ], [ -73.765297297589015, 40.749504509123561 ] ] ] } },
{ "type": "Feature", "properties": { "index": "882a100523fffff" }, "geometry": { "type": "Polygon", "coordinates": [ [ [ -73.773665462421647, 40.74400753932126 ], [ -73.780047558388233, 40.742965470796243 ], [ -73.78203172636664, 40.738510305449346 ], [ -73.777634703083805, 40.735097543485232 ], [ -73.771253635614329, 40.736139396276045 ], [ -73.769268563043553, 40.740594226735688 ], [ -73.773665462421647, 40.74400753932126 ] ] ] } },
{ "type": "Feature", "properties": { "index": "882a100eadfffff" }, "geometry": { "type": "Polygon", "coordinates": [ [ [ -73.837031382118852, 40.721250168233958 ], [ -73.843409310468815, 40.720204821631484 ], [ -73.84538661122231, 40.715749709423889 ], [ -73.840986888978847, 40.712340277459163 ], [ -73.834609987170126, 40.713385407119588 ], [ -73.832631781176175, 40.717840185657153 ], [ -73.837031382118852, 40.721250168233958 ] ] ] } },
{ "type": "Feature", "properties": { "index": "882a10771bfffff" }, "geometry": { "type": "Polygon", "coordinates": [ [ [ -73.970487222457081, 40.633211892425948 ], [ -73.976850915298598, 40.632160090772402 ], [ -73.978812088192967, 40.627707333065402 ], [ -73.974410473393618, 40.624306707873394 ], [ -73.968047801220749, 40.625358290164733 ], [ -73.96608572328995, 40.629810716980408 ], [ -73.970487222457081, 40.633211892425948 ] ] ] } },
{ "type": "Feature", "properties": { "index": "882a100f05fffff" }, "geometry": { "type": "Polygon", "coordinates": [ [ [ -73.907976948902203, 40.788138327702534 ], [ -73.91436274984865, 40.787088338324928 ], [ -73.916336241471825, 40.782628211509909 ], [ -73.911924841789656, 40.779218406835341 ], [ -73.905540069228138, 40.780268177658996 ], [ -73.903565668076595, 40.784727971681299 ], [ -73.907976948902203, 40.788138327702534 ] ] ] } },
{ "type": "Feature", "properties": { "index": "882a103847fffff" }, "geometry": { "type": "Polygon", "coordinates": [ [ [ -73.765019189788731, 40.617457724871578 ], [ -73.771384264466406, 40.616417455995709 ], [ -73.773363901292342, 40.611969429786718 ], [ -73.768979363077932, 40.608562006786265 ], [ -73.762615311502202, 40.609602060454407 ], [ -73.760634775151033, 40.614049752301383 ], [ -73.765019189788731, 40.617457724871578 ] ] ] } },
{ "type": "Feature", "properties": { "index": "882a100a3bfffff" }, "geometry": { "type": "Polygon", "coordinates": [ [ [ -73.934836969834677, 40.874758608123095 ], [ -73.941234103336129, 40.873706209942753 ], [ -73.943208725083608, 40.869240828807435 ], [ -73.938787126981467, 40.865828178602982 ], [ -73.932391025254006, 40.86688035744401 ], [ -73.930415489967942, 40.871345405798792 ], [ -73.934836969834677, 40.874758608123095 ] ] ] } },
{ "type": "Feature", "properties": { "index": "882a103a2dfffff" }, "geometry": { "type": "Polygon", "coordinates": [ [ [ -73.744777100991143, 40.649638780264631 ], [ -73.7511468753017, 40.648599295912241 ], [ -73.753129750358553, 40.644149875945466 ], [ -73.748743751488234, 40.64074027518464 ], [ -73.742375001985423, 40.641779544645317 ], [ -73.740391226657593, 40.646228629729208 ], [ -73.744777100991143, 40.649638780264631 ] ] ] } },
{ "type": "Feature", "properties": { "index": "882a103869fffff" }, "geometry": { "type": "Polygon", "coordinates": [ [ [ -73.778176344937791, 40.627681600762422 ], [ -73.784542582500364, 40.626640496763059 ], [ -73.786521426251909, 40.622191656728731 ], [ -73.782134932785397, 40.618784254854042 ], [ -73.775769718572093, 40.619825143353538 ], [ -73.773789974588141, 40.62427364919818 ], [ -73.778176344937791, 40.627681600762422 ] ] ] } },
{ "type": "Feature", "properties": { "index": "882a100a0bfffff" }, "geometry": { "type": "Polygon", "coordinates": [ [ [ -73.920532215677184, 40.893673753775161 ], [ -73.926932178213306, 40.892621952584733 ], [ -73.928908936037161, 40.88815580593208 ], [ -73.924486645369669, 40.884741793568836 ], [ -73.918087715660974, 40.885793375653584 ], [ -73.916110043905803, 40.890259189177257 ], [ -73.920532215677184, 40.893673753775161 ] ] ] } },
{ "type": "Feature", "properties": { "index": "882a1060d7fffff" }, "geometry": { "type": "Polygon", "coordinates": [ [ [ -74.149839916870206, 40.533243933809992 ], [ -74.156186941549564, 40.532183322160655 ], [ -74.158127259905072, 40.527732790030825 ], [ -74.153721459110386, 40.524343196769209 ], [ -74.147375448006898, 40.525403585775159 ], [ -74.145434224232162, 40.529853790655885 ], [ -74.149839916870206, 40.533243933809992 ] ] ] } },
{ "type": "Feature", "properties": { "index": "882a106191fffff" }, "geometry": { "type": "Polygon", "coordinates": [ [ [ -74.230942998730967, 40.536171850114165 ], [ -74.237288962879987, 40.535106737051052 ], [ -74.239221844018402, 40.530654556356502 ], [ -74.234809668545196, 40.527267814544579 ], [ -74.228464716832704, 40.528332703345065 ], [ -74.22653092826647, 40.532784558189711 ], [ -74.230942998730967, 40.536171850114165 ] ] ] } },
{ "type": "Feature", "properties": { "index": "882a1005b9fffff" }, "geometry": { "type": "Polygon", "coordinates": [ [ [ -73.735270466705884, 40.684202134906116 ], [ -73.741645087644756, 40.683162817852704 ], [ -73.74363030602548, 40.678711672494643 ], [ -73.739241804947184, 40.675300179392117 ], [ -73.732868210467458, 40.676339281648474 ], [ -73.730882090719561, 40.680790091775087 ], [ -73.735270466705884, 40.684202134906116 ] ] ] } },
{ "type": "Feature", "properties": { "index": "882a107613fffff" }, "geometry": { "type": "Polygon", "coordinates": [ [ [ -73.903486605094642, 40.611244938430701 ], [ -73.909848483457935, 40.610197076824285 ], [ -73.911814979002884, 40.605746787118903 ], [ -73.907420498894069, 40.602344690927112 ], [ -73.901059641269299, 40.60339233457281 ], [ -73.899092243126333, 40.607842292341353 ], [ -73.903486605094642, 40.611244938430701 ] ] ] } },
{ "type": "Feature", "properties": { "index": "882a100005fffff" }, "geometry": { "type": "Polygon", "coordinates": [ [ [ -73.790746491850584, 40.865252311880603 ], [ -73.797144806488262, 40.864208035103118 ], [ -73.799132508184911, 40.859745897597961 ], [ -73.794722805049588, 40.856328372075915 ], [ -73.788325523976539, 40.857372432438005 ], [ -73.786336912587984, 40.861834234707928 ], [ -73.790746491850584, 40.865252311880603 ] ] ] } },
{ "type": "Feature", "properties": { "index": "882a100e51fffff" }, "geometry": { "type": "Polygon", "coordinates": [ [ [ -73.791691716771084, 40.769987506797577 ], [ -73.798077039809485, 40.768944166865438 ], [ -73.800060623928886, 40.764487232300453 ], [ -73.795659791152005, 40.761073972351561 ], [ -73.789275497476467, 40.762117096114956 ], [ -73.787291007328065, 40.766573695966407 ], [ -73.791691716771084, 40.769987506797577 ] ] ] } },
{ "type": "Feature", "properties": { "index": "882a1008d5fffff" }, "geometry": { "type": "Polygon", "coordinates": [ [ [ -73.953622041212185, 40.805444171543421 ], [ -73.960009404842836, 40.80439146314059 ], [ -73.961979356382628, 40.799929528832727 ], [ -73.957562855698228, 40.796520634987438 ], [ -73.951176520508454, 40.797573123871651 ], [ -73.949205657674909, 40.802034726089801 ], [ -73.953622041212185, 40.805444171543421 ] ] ] } },
{ "type": "Feature", "properties": { "index": "882a103865fffff" }, "geometry": { "type": "Polygon", "coordinates": [ [ [ -73.797274312264776, 40.624557264628457 ], [ -73.803639804181358, 40.623515136588011 ], [ -73.805616740340355, 40.619066108329797 ], [ -73.801229085265533, 40.6156595419261 ], [ -73.79486461627468, 40.616701454092976 ], [ -73.792886779544929, 40.621150148507652 ], [ -73.797274312264776, 40.624557264628457 ] ] ] } },
{ "type": "Feature", "properties": { "index": "882a103949fffff" }, "geometry": { "type": "Polygon", "coordinates": [ [ [ -73.823613203922278, 40.644999802622436 ], [ -73.829981018247423, 40.643956001803737 ], [ -73.831956362899533, 40.639505347185036 ], [ -73.827564795324363, 40.636098826852901 ], [ -73.821198004417255, 40.637142411213119 ], [ -73.819221757779331, 40.641592732334416 ], [ -73.823613203922278, 40.644999802622436 ] ] ] } },
{ "type": "Feature", "properties": { "index": "882a10763dfffff" }, "geometry": { "type": "Polygon", "coordinates": [ [ [ -73.938195543523335, 40.626159179862285 ], [ -73.944558841707249, 40.625109239648232 ], [ -73.946522728672008, 40.620657475138394 ], [ -73.942124221561699, 40.617255982227157 ], [ -73.935761944234557, 40.618305703744305 ], [ -73.933797153272423, 40.622757136839816 ], [ -73.938195543523335, 40.626159179862285 ] ] ] } },
{ "type": "Feature", "properties": { "index": "882a10006dfffff" }, "geometry": { "type": "Polygon", "coordinates": [ [ [ -73.798014307498434, 40.888896373893509 ], [ -73.804415724693186, 40.887851447445421 ], [ -73.806403748445874, 40.883387879409057 ], [ -73.801991265903411, 40.879969573025399 ], [ -73.795590883205008, 40.881014282845868 ], [ -73.793601948666662, 40.885477515647949 ], [ -73.798014307498434, 40.888896373893509 ] ] ] } },
{ "type": "Feature", "properties": { "index": "882a107621fffff" }, "geometry": { "type": "Polygon", "coordinates": [ [ [ -73.951394626746293, 40.636365253351748 ], [ -73.957759078038947, 40.635314473763763 ], [ -73.959722161542857, 40.630861898058392 ], [ -73.955321698569549, 40.627460433150425 ], [ -73.948958268375065, 40.628510993748527 ], [ -73.946994280167146, 40.632963238214678 ], [ -73.951394626746293, 40.636365253351748 ] ] ] } },
{ "type": "Feature", "properties": { "index": "882a100ab5fffff" }, "geometry": { "type": "Polygon", "coordinates": [ [ [ -73.939345766423955, 40.824345855114117 ], [ -73.945735951531006, 40.823293739460446 ], [ -73.947708031791223, 40.818831035770138 ], [ -73.943290838743053, 40.815420780140997 ], [ -73.936901683125811, 40.816472676508411 ], [ -73.93492869117982, 40.820935047761267 ], [ -73.939345766423955, 40.824345855114117 ] ] ] } },
{ "type": "Feature", "properties": { "index": "882a103809fffff" }, "geometry": { "type": "Polygon", "coordinates": [ [ [ -73.762615311502202, 40.609602060454407 ], [ -73.768979363077932, 40.608562006786265 ], [ -73.770958892699056, 40.604114460293673 ], [ -73.76657527002348, 40.600707301801386 ], [ -73.760212241243934, 40.601747140331931 ], [ -73.758231812455818, 40.606194352463014 ], [ -73.762615311502202, 40.609602060454407 ] ] ] } },
{ "type": "Feature", "properties": { "index": "882a1072b9fffff" }, "geometry": { "type": "Polygon", "coordinates": [ [ [ -74.019929160566647, 40.695253186376611 ], [ -74.026300395790585, 40.694197980225795 ], [ -74.028259543980795, 40.689740872953656 ], [ -74.023848365663781, 40.686339302160029 ], [ -74.01747815304455, 40.68739428778192 ], [ -74.015518096249266, 40.691851064696301 ], [ -74.019929160566647, 40.695253186376611 ] ] ] } },
{ "type": "Feature", "properties": { "index": "882a10050dfffff" }, "geometry": { "type": "Polygon", "coordinates": [ [ [ -73.748555264097831, 40.760497654384992 ], [ -73.754940025453379, 40.759456808989668 ], [ -73.756927231577947, 40.755001214322718 ], [ -73.752530581081629, 40.751586800430808 ], [ -73.746146849325029, 40.752627430550561 ], [ -73.744158738578989, 40.757082689808385 ], [ -73.748555264097831, 40.760497654384992 ] ] ] } },
{ "type": "Feature", "properties": { "index": "882a1001ddfffff" }, "geometry": { "type": "Polygon", "coordinates": [ [ [ -73.811050849950973, 40.832977406657669 ], [ -73.817444419010627, 40.831932334833986 ], [ -73.819428857250585, 40.827471578551943 ], [ -73.815020635476372, 40.824056228776044 ], [ -73.808628098251489, 40.82510108386591 ], [ -73.806642751079494, 40.829561505435827 ], [ -73.811050849950973, 40.832977406657669 ] ] ] } },
{ "type": "Feature", "properties": { "index": "882a10746dfffff" }, "geometry": { "type": "Polygon", "coordinates": [ [ [ -73.997899736941562, 40.624549703517935 ], [ -74.004261779662301, 40.623496479548329 ], [ -74.006220037057773, 40.619043690358609 ], [ -74.001817157197124, 40.615644455478304 ], [ -73.995456134348132, 40.616697459563362 ], [ -73.993496971599242, 40.621149918383303 ], [ -73.997899736941562, 40.624549703517935 ] ] ] } },
{ "type": "Feature", "properties": { "index": "882a1060a5fffff" }, "geometry": { "type": "Polygon", "coordinates": [ [ [ -74.21190355793027, 40.539365162768213 ], [ -74.218250296116096, 40.538301063021819 ], [ -74.220185083306049, 40.533849052601305 ], [ -74.215774039526451, 40.530461468095694 ], [ -74.209428314212587, 40.53152534394782 ], [ -74.207492619916039, 40.535977028169469 ], [ -74.21190355793027, 40.539365162768213 ] ] ] } },
{ "type": "Feature", "properties": { "index": "882a100557fffff" }, "geometry": { "type": "Polygon", "coordinates": [ [ [ -73.724589647792826, 40.747877130472482 ], [ -73.730973095832141, 40.74683774658164 ], [ -73.732962001697274, 40.742383300991392 ], [ -73.72856836319238, 40.738968575018369 ], [ -73.722185944559556, 40.74000774415029 ], [ -73.720196135138352, 40.744461853984781 ], [ -73.724589647792826, 40.747877130472482 ] ] ] } },
{ "type": "Feature", "properties": { "index": "882a107453fffff" }, "geometry": { "type": "Polygon", "coordinates": [ [ [ -73.947542944963587, 40.591601507129695 ], [ -73.953901406087851, 40.590551421041688 ], [ -73.955862980652213, 40.586101395213412 ], [ -73.951466997094968, 40.582701786513283 ], [ -73.945109555185297, 40.58375165381684 ], [ -73.943147077729449, 40.588201348575211 ], [ -73.947542944963587, 40.591601507129695 ] ] ] } },
{ "type": "Feature", "properties": { "index": "882a10052dfffff" }, "geometry": { "type": "Polygon", "coordinates": [ [ [ -73.778491556221539, 40.759746047476135 ], [ -73.784875710107244, 40.75870354727158 ], [ -73.786860092913088, 40.754247425506115 ], [ -73.782461227261734, 40.750834138803242 ], [ -73.776078102489748, 40.751876423132806 ], [ -73.774092814368515, 40.75633221001074 ], [ -73.778491556221539, 40.759746047476135 ] ] ] } },
{ "type": "Feature", "properties": { "index": "882a103b47fffff" }, "geometry": { "type": "Polygon", "coordinates": [ [ [ -73.781868996146173, 40.672468196567692 ], [ -73.788241241109077, 40.671426419273061 ], [ -73.790221627054777, 40.666975037314906 ], [ -73.785830670188517, 40.663565766986636 ], [ -73.779459450471364, 40.664607328582157 ], [ -73.777478162487128, 40.669058376175606 ], [ -73.781868996146173, 40.672468196567692 ] ] ] } },
{ "type": "Feature", "properties": { "index": "882a100cb3fffff" }, "geometry": { "type": "Polygon", "coordinates": [ [ [ -73.875001554310444, 40.648948013462835 ], [ -73.881369026615985, 40.647901326459873 ], [ -73.883339752597706, 40.643449486512509 ], [ -73.87894390975265, 40.640044666168059 ], [ -73.872577460257887, 40.641091135672717 ], [ -73.87060583090927, 40.645542642990499 ], [ -73.875001554310444, 40.648948013462835 ] ] ] } },
{ "type": "Feature", "properties": { "index": "882a1001e3fffff" }, "geometry": { "type": "Polygon", "coordinates": [ [ [ -73.851838251386141, 40.834577562708304 ], [ -73.858231341234728, 40.833530205247072 ], [ -73.860212035078462, 40.829068589288831 ], [ -73.855800549165437, 40.825654664774895 ], [ -73.8494084905996, 40.826701804677938 ], [ -73.84742688677737, 40.83116308662337 ], [ -73.851838251386141, 40.834577562708304 ] ] ] } },
{ "type": "Feature", "properties": { "index": "882a100f03fffff" }, "geometry": { "type": "Polygon", "coordinates": [ [ [ -73.894745075658363, 40.777907227730473 ], [ -73.901129713440781, 40.776858081317954 ], [ -73.903104011189654, 40.772398765459506 ], [ -73.898694580083458, 40.768988928952439 ], [ -73.89231097044069, 40.770037857105415 ], [ -73.890335763877204, 40.774496839995152 ], [ -73.894745075658363, 40.777907227730473 ] ] ] } },
{ "type": "Feature", "properties": { "index": "882a100c55fffff" }, "geometry": { "type": "Polygon", "coordinates": [ [ [ -73.861015813672182, 40.733843540341724 ], [ -73.867395042269678, 40.732796730816005 ], [ -73.869370635915757, 40.728340473132008 ], [ -73.864967907378826, 40.724931358265209 ], [ -73.858589705508152, 40.725977950332485 ], [ -73.856613205560137, 40.730433874695265 ], [ -73.861015813672182, 40.733843540341724 ] ] ] } },
{ "type": "Feature", "properties": { "index": "882a100e81fffff" }, "geometry": { "type": "Polygon", "coordinates": [ [ [ -73.804702749137519, 40.714151659378231 ], [ -73.811080263760232, 40.713108180240468 ], [ -73.813060279184882, 40.708654069565014 ], [ -73.808663684289527, 40.705243772189668 ], [ -73.802287196388079, 40.706287035053734 ], [ -73.800306276773355, 40.710740811537327 ], [ -73.804702749137519, 40.714151659378231 ] ] ] } },
{ "type": "Feature", "properties": { "index": "882a100d51fffff" }, "geometry": { "type": "Polygon", "coordinates": [ [ [ -73.925730758161762, 40.748005234723315 ], [ -73.932110795906951, 40.746954685133005 ], [ -73.934080944396968, 40.74249643118894 ], [ -73.929671963654087, 40.739089059078204 ], [ -73.923292952265186, 40.740139389872823 ], [ -73.921321895375272, 40.744597311543998 ], [ -73.925730758161762, 40.748005234723315 ] ] ] } },
{ "type": "Feature", "properties": { "index": "882a100ec1fffff" }, "geometry": { "type": "Polygon", "coordinates": [ [ [ -73.790396089714974, 40.733012808041231 ], [ -73.796776408589409, 40.731969925483213 ], [ -73.798758552757832, 40.727515047630241 ], [ -73.79436128273673, 40.724103386845314 ], [ -73.78798199162506, 40.725146053363915 ], [ -73.785998942884547, 40.729600596677365 ], [ -73.790396089714974, 40.733012808041231 ] ] ] } },
{ "type": "Feature", "properties": { "index": "882a10605dfffff" }, "geometry": { "type": "Polygon", "coordinates": [ [ [ -74.161287333775533, 40.601509881591525 ], [ -74.167643372020478, 40.600447883240065 ], [ -74.169585439398446, 40.595993348148255 ], [ -74.16517237696165, 40.592601138782591 ], [ -74.158817355060108, 40.593662914060992 ], [ -74.156874379362293, 40.598117121747826 ], [ -74.161287333775533, 40.601509881591525 ] ] ] } },
{ "type": "Feature", "properties": { "index": "882a100585fffff" }, "geometry": { "type": "Polygon", "coordinates": [ [ [ -73.740077406958065, 40.699930069728175 ], [ -73.746454081738008, 40.698890322870525 ], [ -73.748439517046592, 40.69443821994976 ], [ -73.744049179774862, 40.691026199089855 ], [ -73.73767353206928, 40.692065731010352 ], [ -73.735687194673858, 40.696517498698569 ], [ -73.740077406958065, 40.699930069728175 ] ] ] } },
{ "type": "Feature", "properties": { "index": "882a106215fffff" }, "geometry": { "type": "Polygon", "coordinates": [ [ [ -74.125610412880846, 40.615723789320889 ], [ -74.131969009729772, 40.614663604403454 ], [ -74.133914992898838, 40.610208938010651 ], [ -74.129503287359825, 40.606814784606229 ], [ -74.123145708024978, 40.607874747118736 ], [ -74.121198816825697, 40.612329085410344 ], [ -74.125610412880846, 40.615723789320889 ] ] ] } },
{ "type": "Feature", "properties": { "index": "882a100db9fffff" }, "geometry": { "type": "Polygon", "coordinates": [ [ [ -73.944478509809599, 40.678801236276584 ], [ -73.95084883047744, 40.677750385032944 ], [ -73.95281433161388, 40.673295593943315 ], [ -73.948410418368681, 40.669891985650381 ], [ -73.942041120750531, 40.670942617920758 ], [ -73.940074713439699, 40.675397077427498 ], [ -73.944478509809599, 40.678801236276584 ] ] ] } },
{ "type": "Feature", "properties": { "index": "882a100cedfffff" }, "geometry": { "type": "Polygon", "coordinates": [ [ [ -73.881216395429419, 40.701607297569126 ], [ -73.887590901025305, 40.700559708372658 ], [ -73.889563256487065, 40.696104845877279 ], [ -73.885162012007882, 40.69269790534922 ], [ -73.878788531422913, 40.693745276773598 ], [ -73.876815270418462, 40.698199806468416 ], [ -73.881216395429419, 40.701607297569126 ] ] ] } },
{ "type": "Feature", "properties": { "index": "882a1072d7fffff" }, "geometry": { "type": "Polygon", "coordinates": [ [ [ -73.992478961471079, 40.70392760924878 ], [ -73.998851854010567, 40.702873830121497 ], [ -74.000813926537106, 40.698416755763809 ], [ -73.996404014923868, 40.695013791384248 ], [ -73.990032145790536, 40.696067350506219 ], [ -73.988069164976082, 40.700524093983056 ], [ -73.992478961471079, 40.70392760924878 ] ] ] } },
{ "type": "Feature", "properties": { "index": "882a100565fffff" }, "geometry": { "type": "Polygon", "coordinates": [ [ [ -73.772534247630006, 40.773115463342876 ], [ -73.778920320537409, 40.772073155083916 ], [ -73.780905824020081, 40.767616412116396 ], [ -73.776506160395883, 40.764202312439991 ], [ -73.770121117278634, 40.765244404906376 ], [ -73.768134708108647, 40.769700812812268 ], [ -73.772534247630006, 40.773115463342876 ] ] ] } },
{ "type": "Feature", "properties": { "index": "882a100db5fffff" }, "geometry": { "type": "Polygon", "coordinates": [ [ [ -73.963588712775632, 40.675647658086369 ], [ -73.969958274121211, 40.674595782479841 ], [ -73.971921861285594, 40.670140808216068 ], [ -73.967516793724059, 40.666738040763313 ], [ -73.961148254997752, 40.667789697023494 ], [ -73.959183761325406, 40.672244340052856 ], [ -73.963588712775632, 40.675647658086369 ] ] ] } },
{ "type": "Feature", "properties": { "index": "882a1062b9fffff" }, "geometry": { "type": "Polygon", "coordinates": [ [ [ -74.119132494109095, 40.563129989862603 ], [ -74.125484098894546, 40.562070741180861 ], [ -74.127428511476197, 40.557619112588362 ], [ -74.123022225232091, 40.554227060587181 ], [ -74.116671635788109, 40.555286087147827 ], [ -74.114726317357039, 40.559737387800546 ], [ -74.119132494109095, 40.563129989862603 ] ] ] } },
{ "type": "Feature", "properties": { "index": "882a100a9bfffff" }, "geometry": { "type": "Polygon", "coordinates": [ [ [ -73.887757055304263, 40.820413798542283 ], [ -73.894147598185398, 40.819364592289041 ], [ -73.896124337245894, 40.814903074790159 ], [ -73.891711443832335, 40.811491096828846 ], [ -73.885321931061725, 40.812540084842382 ], [ -73.883344281707195, 40.817001269027124 ], [ -73.887757055304263, 40.820413798542283 ] ] ] } },
{ "type": "Feature", "properties": { "index": "882a1008d3fffff" }, "geometry": { "type": "Polygon", "coordinates": [ [ [ -73.940374861248131, 40.795215800909133 ], [ -73.946761063571074, 40.794163937046676 ], [ -73.948731824506723, 40.789702812905588 ], [ -73.944317293811537, 40.786293884863575 ], [ -73.937932119685499, 40.787345529502211 ], [ -73.935960448170377, 40.791806321376725 ], [ -73.940374861248131, 40.795215800909133 ] ] ] } },
{ "type": "Feature", "properties": { "index": "882a100dc5fffff" }, "geometry": { "type": "Polygon", "coordinates": [ [ [ -73.935111504356612, 40.713396236451295 ], [ -73.941486680036391, 40.712345534892144 ], [ -73.94345450255318, 40.707889011011389 ], [ -73.939048056788522, 40.704483520587644 ], [ -73.932673905809821, 40.705534003262024 ], [ -73.930705176006811, 40.709990195215056 ], [ -73.935111504356612, 40.713396236451295 ] ] ] } },
{ "type": "Feature", "properties": { "index": "882a1076d1fffff" }, "geometry": { "type": "Polygon", "coordinates": [ [ [ -73.874708745201687, 40.582977907932928 ], [ -73.881067293632967, 40.581931938125457 ], [ -73.883035284461755, 40.577483753072286 ], [ -73.878645627799017, 40.574081870081891 ], [ -73.872288099316691, 40.575127622584205 ], [ -73.870319207659591, 40.579575475352456 ], [ -73.874708745201687, 40.582977907932928 ] ] ] } },
{ "type": "Feature", "properties": { "index": "882a103b21fffff" }, "geometry": { "type": "Polygon", "coordinates": [ [ [ -73.817683033498383, 40.658352829556456 ], [ -73.824052758104969, 40.657309216512473 ], [ -73.826029215949973, 40.652857936522807 ], [ -73.821636851656919, 40.649450603218476 ], [ -73.815268151139762, 40.650493999885178 ], [ -73.813290790938439, 40.654944946203976 ], [ -73.817683033498383, 40.658352829556456 ] ] ] } },
{ "type": "Feature", "properties": { "index": "882a1072dbfffff" }, "geometry": { "type": "Polygon", "coordinates": [ [ [ -73.973358758907111, 40.707086895884792 ], [ -73.97973241377683, 40.706034142178794 ], [ -73.981696402960424, 40.701577250535834 ], [ -73.977287645340922, 40.698173443798837 ], [ -73.97091501430954, 40.699225977872793 ], [ -73.968950117171218, 40.703682538285825 ], [ -73.973358758907111, 40.707086895884792 ] ] ] } },
{ "type": "Feature", "properties": { "index": "882a106313fffff" }, "geometry": { "type": "Polygon", "coordinates": [ [ [ -74.187778739628172, 40.621866191102953 ], [ -74.194137054953231, 40.620802504728125 ], [ -74.19607749009397, 40.616346353984 ], [ -74.191660519748751, 40.612954216632446 ], [ -74.185303221233156, 40.614017679346794 ], [ -74.183361876363719, 40.61847350304275 ], [ -74.187778739628172, 40.621866191102953 ] ] ] } },
{ "type": "Feature", "properties": { "index": "882a10769bfffff" }, "geometry": { "type": "Polygon", "coordinates": [ [ [ -73.878192559192229, 40.561785321211637 ], [ -73.884548183412107, 40.560739384755401 ], [ -73.886514964137731, 40.55629230891951 ], [ -73.882127020854497, 40.552891501622511 ], [ -73.875772415612104, 40.55393722076419 ], [ -73.873804734786688, 40.558383964487881 ], [ -73.878192559192229, 40.561785321211637 ] ] ] } },
{ "type": "Feature", "properties": { "index": "882a1018b7fffff" }, "geometry": { "type": "Polygon", "coordinates": [ [ [ -73.895390558934324, 40.910226006175066 ], [ -73.901793216672218, 40.909175431683288 ], [ -73.903773027424464, 40.904708854433899 ], [ -73.899351094522885, 40.901293185300275 ], [ -73.89294947072959, 40.902343541144987 ], [ -73.890968746006934, 40.906809784740496 ], [ -73.895390558934324, 40.910226006175066 ] ] ] } },
{ "type": "Feature", "properties": { "index": "882a10746bfffff" }, "geometry": { "type": "Polygon", "coordinates": [ [ [ -73.984693396402179, 40.614350318697369 ], [ -73.991054289341449, 40.613297934809083 ], [ -73.993013352497016, 40.608845956183721 ], [ -73.98861242747212, 40.605446691962214 ], [ -73.982252554165029, 40.606498856259009 ], [ -73.980292586361855, 40.610950504338909 ], [ -73.984693396402179, 40.614350318697369 ] ] ] } },
{ "type": "Feature", "properties": { "index": "882a106193fffff" }, "geometry": { "type": "Polygon", "coordinates": [ [ [ -74.228464716832704, 40.528332703345065 ], [ -74.234809668545196, 40.527267814544579 ], [ -74.236742458812756, 40.522816115526759 ], [ -74.232331204545076, 40.519429631131565 ], [ -74.225987264970641, 40.520494295742047 ], [ -74.224053567635366, 40.524945668907321 ], [ -74.228464716832704, 40.528332703345065 ] ] ] } },
{ "type": "Feature", "properties": { "index": "882a103b1bfffff" }, "geometry": { "type": "Polygon", "coordinates": [ [ [ -73.761480507279828, 40.638660710901462 ], [ -73.767848513282843, 40.637620416173519 ], [ -73.769829372043375, 40.633171285663543 ], [ -73.765443125165206, 40.629762784388376 ], [ -73.75907614324062, 40.63080286392033 ], [ -73.75709438422804, 40.635251659894095 ], [ -73.761480507279828, 40.638660710901462 ] ] ] } },
{ "type": "Feature", "properties": { "index": "882a106e63fffff" }, "geometry": { "type": "Polygon", "coordinates": [ [ [ -74.242538652231474, 40.509462294190079 ], [ -74.248880805976981, 40.508396841926007 ], [ -74.250811510306676, 40.503945937226561 ], [ -74.24640096766862, 40.500560810269796 ], [ -74.240059825029547, 40.501626038121266 ], [ -74.238128214031462, 40.506076617311692 ], [ -74.242538652231474, 40.509462294190079 ] ] ] } },
{ "type": "Feature", "properties": { "index": "882a1060b5fffff" }, "geometry": { "type": "Polygon", "coordinates": [ [ [ -74.196200210772886, 40.521361679408521 ], [ -74.20254480334124, 40.520298645625047 ], [ -74.204480313790626, 40.515847924691805 ], [ -74.200072137827433, 40.51246056389104 ], [ -74.193728557601517, 40.513523374145699 ], [ -74.191792141105992, 40.517973768699619 ], [ -74.196200210772886, 40.521361679408521 ] ] ] } },
{ "type": "Feature", "properties": { "index": "882a10042dfffff" }, "geometry": { "type": "Polygon", "coordinates": [ [ [ -73.703037200667922, 40.743123189493865 ], [ -73.709420363153356, 40.742085051435325 ], [ -73.711411075778486, 40.737631277529907 ], [ -73.707019528883094, 40.734215977756044 ], [ -73.700637395919443, 40.735253901502013 ], [ -73.698645780442675, 40.739707339305149 ], [ -73.703037200667922, 40.743123189493865 ] ] ] } },
{ "type": "Feature", "properties": { "index": "882a100119fffff" }, "geometry": { "type": "Polygon", "coordinates": [ [ [ -73.831560595559495, 40.866860786419785 ], [ -73.837958433602395, 40.865814220387541 ], [ -73.839942387004285, 40.861351220700648 ], [ -73.835529413218723, 40.857935121551705 ], [ -73.829132608188914, 40.858981470342805 ], [ -73.827147744045206, 40.863444135494255 ], [ -73.831560595559495, 40.866860786419785 ] ] ] } },
{ "type": "Feature", "properties": { "index": "882a100e63fffff" }, "geometry": { "type": "Polygon", "coordinates": [ [ [ -73.834847136485109, 40.779462752813991 ], [ -73.841233013838192, 40.778416916770574 ], [ -73.843212970326164, 40.773958645094126 ], [ -73.838807957008996, 40.770546543447665 ], [ -73.832423108778585, 40.77159216242913 ], [ -73.830442244855632, 40.776050100089343 ], [ -73.834847136485109, 40.779462752813991 ] ] ] } },
{ "type": "Feature", "properties": { "index": "882a107431fffff" }, "geometry": { "type": "Polygon", "coordinates": [ [ [ -73.994004634466478, 40.579793379152612 ], [ -74.000360692269311, 40.578740854234248 ], [ -74.002317449964849, 40.574290617216306 ], [ -73.9979190535079, 40.570893235288821 ], [ -73.991564013697058, 40.571945540529711 ], [ -73.989606352462076, 40.576395447345668 ], [ -73.994004634466478, 40.579793379152612 ] ] ] } },
{ "type": "Feature", "properties": { "index": "882a1060a1fffff" }, "geometry": { "type": "Polygon", "coordinates": [ [ [ -74.201146001766517, 40.537040509228014 ], [ -74.207492619916039, 40.535977028169469 ], [ -74.209428314212587, 40.53152534394782 ], [ -74.205018297235057, 40.528137467128893 ], [ -74.198672692025539, 40.529200724513665 ], [ -74.19673609096327, 40.53365208236081 ], [ -74.201146001766517, 40.537040509228014 ] ] ] } },
{ "type": "Feature", "properties": { "index": "882a106223fffff" }, "geometry": { "type": "Polygon", "coordinates": [ [ [ -74.157927555038995, 40.622723728324232 ], [ -74.164286521750839, 40.621661681230869 ], [ -74.166229778767843, 40.617206031588864 ], [ -74.161814978244323, 40.613812756583783 ], [ -74.155457028845774, 40.614874580608159 ], [ -74.15351286276794, 40.619329902676292 ], [ -74.157927555038995, 40.622723728324232 ] ] ] } },
{ "type": "Feature", "properties": { "index": "882a107739fffff" }, "geometry": { "type": "Polygon", "coordinates": [ [ [ -74.002789405974866, 40.640256412217369 ], [ -74.009153489348762, 40.639202748264204 ], [ -74.011111945057266, 40.634748998930917 ], [ -74.006707223577791, 40.631349243888238 ], [ -74.000344160682104, 40.632402687813851 ], [ -73.998384798898982, 40.636856106779746 ], [ -74.002789405974866, 40.640256412217369 ] ] ] } },
{ "type": "Feature", "properties": { "index": "882a100debfffff" }, "geometry": { "type": "Polygon", "coordinates": [ [ [ -73.94345450255318, 40.707889011011389 ], [ -73.94982878623108, 40.706837905797457 ], [ -73.951795599699395, 40.70238152922569 ], [ -73.947389036874483, 40.69897658959178 ], [ -73.9410157775295, 40.700027475769687 ], [ -73.939048056788522, 40.704483520587644 ], [ -73.94345450255318, 40.707889011011389 ] ] ] } },
{ "type": "Feature", "properties": { "index": "882a1062bdfffff" }, "geometry": { "type": "Polygon", "coordinates": [ [ [ -74.129891305659243, 40.565463052051193 ], [ -74.136243034199026, 40.564403184192209 ], [ -74.138186540588705, 40.5599512278351 ], [ -74.133779224740806, 40.556559467071366 ], [ -74.127428511476197, 40.557619112588362 ], [ -74.125484098894546, 40.562070741180861 ], [ -74.129891305659243, 40.565463052051193 ] ] ] } },
{ "type": "Feature", "properties": { "index": "882a106e49fffff" }, "geometry": { "type": "Polygon", "coordinates": [ [ [ -74.206953899635153, 40.523686264511284 ], [ -74.213298612375795, 40.522622612480887 ], [ -74.215233216438378, 40.518171565343849 ], [ -74.210824014256701, 40.514784496410655 ], [ -74.204480313790626, 40.515847924691805 ], [ -74.20254480334124, 40.520298645625047 ], [ -74.206953899635153, 40.523686264511284 ] ] ] } },
{ "type": "Feature", "properties": { "index": "882a100539fffff" }, "geometry": { "type": "Polygon", "coordinates": [ [ [ -73.752108938314635, 40.739262894353445 ], [ -73.758490753086008, 40.738222071757654 ], [ -73.760476729897775, 40.733767576359021 ], [ -73.756081795940673, 40.730354238761336 ], [ -73.749701009783934, 40.731394846069108 ], [ -73.747714129082695, 40.735849006233174 ], [ -73.752108938314635, 40.739262894353445 ] ] ] } },
{ "type": "Feature", "properties": { "index": "882a106199fffff" }, "geometry": { "type": "Polygon", "coordinates": [ [ [ -74.222662261224315, 40.541688905084186 ], [ -74.229009118988415, 40.540624186557764 ], [ -74.230942998730967, 40.536171850114165 ], [ -74.22653092826647, 40.532784558189711 ], [ -74.220185083306049, 40.533849052601305 ], [ -74.218250296116096, 40.538301063021819 ], [ -74.222662261224315, 40.541688905084186 ] ] ] } },
{ "type": "Feature", "properties": { "index": "882a107743fffff" }, "geometry": { "type": "Polygon", "coordinates": [ [ [ -73.980253111288874, 40.664633704590557 ], [ -73.986620889842968, 40.663581024774437 ], [ -73.988582463082068, 40.659126347741093 ], [ -73.98417716435813, 40.655724681380967 ], [ -73.977810407688139, 40.656777141549313 ], [ -73.975847927969525, 40.661231487695652 ], [ -73.980253111288874, 40.664633704590557 ] ] ] } },
{ "type": "Feature", "properties": { "index": "882a106087fffff" }, "geometry": { "type": "Polygon", "coordinates": [ [ [ -74.179634333128902, 40.532388469915823 ], [ -74.185980709832393, 40.531326225956029 ], [ -74.187918217319421, 40.526875194658935 ], [ -74.18351025429638, 40.523486734016814 ], [ -74.177164890668251, 40.524548754743861 ], [ -74.175226477097567, 40.528999459315486 ], [ -74.179634333128902, 40.532388469915823 ] ] ] } },
{ "type": "Feature", "properties": { "index": "882a1001b3fffff" }, "geometry": { "type": "Polygon", "coordinates": [ [ [ -73.850493367353522, 40.797572763596207 ], [ -73.856881441181073, 40.796525868496715 ], [ -73.858860700073578, 40.792066307056899 ], [ -73.854452793763855, 40.788653974527541 ], [ -73.848065749614634, 40.789700652200004 ], [ -73.846085582209881, 40.794159879799139 ], [ -73.850493367353522, 40.797572763596207 ] ] ] } },
{ "type": "Feature", "properties": { "index": "882a1001edfffff" }, "geometry": { "type": "Polygon", "coordinates": [ [ [ -73.856700235275909, 40.850331290397236 ], [ -73.863095388617367, 40.849283497606542 ], [ -73.865076292693999, 40.84482092688544 ], [ -73.860662954249648, 40.841406482936712 ], [ -73.85426883280924, 40.842454058027151 ], [ -73.85228701802555, 40.846916294736758 ], [ -73.856700235275909, 40.850331290397236 ] ] ] } },
{ "type": "Feature", "properties": { "index": "882a100cb9fffff" }, "geometry": { "type": "Polygon", "coordinates": [ [ [ -73.869085243126122, 40.662304600256718 ], [ -73.875454626726025, 40.661258099211686 ], [ -73.877426463779855, 40.65680563286471 ], [ -73.873029821084856, 40.653400000335843 ], [ -73.866661460967194, 40.654446283963104 ], [ -73.8646887201743, 40.658898417507345 ], [ -73.869085243126122, 40.662304600256718 ] ] ] } },
{ "type": "Feature", "properties": { "index": "882a107619fffff" }, "geometry": { "type": "Polygon", "coordinates": [ [ [ -73.897582994024177, 40.624596879693399 ], [ -73.9039467809976, 40.623549202174139 ], [ -73.905914384554663, 40.619098284406938 ], [ -73.901519104220043, 40.615695376239017 ], [ -73.895156338654957, 40.616742835877517 ], [ -73.893187832127765, 40.621193421535033 ], [ -73.897582994024177, 40.624596879693399 ] ] ] } },
{ "type": "Feature", "properties": { "index": "882a100155fffff" }, "geometry": { "type": "Polygon", "coordinates": [ [ [ -73.836419032713039, 40.882621628666492 ], [ -73.842818937712153, 40.881574627939045 ], [ -73.844803103045166, 40.877110674318196 ], [ -73.84038827496434, 40.873694055929249 ], [ -73.833989403598395, 40.874740839273613 ], [ -73.832004326793836, 40.879204458360206 ], [ -73.836419032713039, 40.882621628666492 ] ] ] } },
{ "type": "Feature", "properties": { "index": "882a100db1fffff" }, "geometry": { "type": "Polygon", "coordinates": [ [ [ -73.95281433161388, 40.673295593943315 ], [ -73.959183761325406, 40.672244340052856 ], [ -73.961148254997752, 40.667789697023494 ], [ -73.956744225230977, 40.664386639263888 ], [ -73.950375818201692, 40.665437674030166 ], [ -73.948410418368681, 40.669891985650381 ], [ -73.95281433161388, 40.673295593943315 ] ] ] } },
{ "type": "Feature", "properties": { "index": "882a100db3fffff" }, "geometry": { "type": "Polygon", "coordinates": [ [ [ -73.950375818201692, 40.665437674030166 ], [ -73.956744225230977, 40.664386639263888 ], [ -73.958708617910801, 40.659932475784458 ], [ -73.954305509472661, 40.656529678451534 ], [ -73.947938124821079, 40.657580494164918 ], [ -73.945972826341617, 40.662034326234263 ], [ -73.950375818201692, 40.665437674030166 ] ] ] } },
{ "type": "Feature", "properties": { "index": "882a100de1fffff" }, "geometry": { "type": "Polygon", "coordinates": [ [ [ -73.954236271918475, 40.710243105386823 ], [ -73.960610687835299, 40.70919137753711 ], [ -73.962576593682741, 40.704734669386433 ], [ -73.958168991346213, 40.701330020634487 ], [ -73.951795599699395, 40.70238152922569 ], [ -73.94982878623108, 40.706837905797457 ], [ -73.954236271918475, 40.710243105386823 ] ] ] } },
{ "type": "Feature", "properties": { "index": "882a100f0bfffff" }, "geometry": { "type": "Polygon", "coordinates": [ [ [ -73.886384234278552, 40.783415428990871 ], [ -73.892769765329007, 40.782366688784883 ], [ -73.894745075658363, 40.777907227730473 ], [ -73.890335763877204, 40.774496839995152 ], [ -73.883951261335724, 40.775545362093702 ], [ -73.881975042179207, 40.78000449000519 ], [ -73.886384234278552, 40.783415428990871 ] ] ] } },
{ "type": "Feature", "properties": { "index": "882a1076a9fffff" }, "geometry": { "type": "Polygon", "coordinates": [ [ [ -73.926035719118389, 40.58689921609713 ], [ -73.932393916055389, 40.585850368656693 ], [ -73.934357296057101, 40.581401005142183 ], [ -73.92996338143314, 40.578000820455991 ], [ -73.92360620383505, 40.579049449554795 ], [ -73.921641921633238, 40.583498481651702 ], [ -73.926035719118389, 40.58689921609713 ] ] ] } },
{ "type": "Feature", "properties": { "index": "882a1076b3fffff" }, "geometry": { "type": "Polygon", "coordinates": [ [ [ -73.916322549939125, 40.555504606530079 ], [ -73.922676671339218, 40.554456632030309 ], [ -73.924639644877686, 40.550009190763582 ], [ -73.920249397892974, 40.54661005538663 ], [ -73.913896294619704, 40.547657811828536 ], [ -73.911932420315338, 40.5521049216756 ], [ -73.916322549939125, 40.555504606530079 ] ] ] } },
{ "type": "Feature", "properties": { "index": "882a106041fffff" }, "geometry": { "type": "Polygon", "coordinates": [ [ [ -74.174530104856942, 40.611688090402282 ], [ -74.180887281789154, 40.610625248343098 ], [ -74.182828533608557, 40.60616990529406 ], [ -74.17841351763019, 40.602777731500616 ], [ -74.172057357274554, 40.603840350193096 ], [ -74.17011519643107, 40.60829536601539 ], [ -74.174530104856942, 40.611688090402282 ] ] ] } },
{ "type": "Feature", "properties": { "index": "882a107535fffff" }, "geometry": { "type": "Polygon", "coordinates": [ [ [ -74.080080135934608, 40.59852886139403 ], [ -74.086437215423643, 40.597471379587049 ], [ -74.088386732403691, 40.593018507237062 ], [ -74.083980076299426, 40.58962344546849 ], [ -74.077624014286982, 40.590680705827879 ], [ -74.075673591012858, 40.595133249373319 ], [ -74.080080135934608, 40.59852886139403 ] ] ] } },
{ "type": "Feature", "properties": { "index": "882a100f6dfffff" }, "geometry": { "type": "Polygon", "coordinates": [ [ [ -73.915292521808396, 40.811753202532024 ], [ -73.921681409754996, 40.810702557064808 ], [ -73.923655210196486, 40.806240996257053 ], [ -73.919241033423873, 40.802830413676453 ], [ -73.912853174785027, 40.803880840375797 ], [ -73.910878463723904, 40.808342068393742 ], [ -73.915292521808396, 40.811753202532024 ] ] ] } },
{ "type": "Feature", "properties": { "index": "882a107257fffff" }, "geometry": { "type": "Polygon", "coordinates": [ [ [ -74.009629755829167, 40.758970083431144 ], [ -74.016009820752345, 40.757914762260384 ], [ -74.017972590131379, 40.753454335089778 ], [ -74.013556205527422, 40.750049559930538 ], [ -74.007177166146406, 40.751104660594223 ], [ -74.005213485939279, 40.755564756894124 ], [ -74.009629755829167, 40.758970083431144 ] ] ] } },
{ "type": "Feature", "properties": { "index": "882a103955fffff" }, "geometry": { "type": "Polygon", "coordinates": [ [ [ -73.827124518800943, 40.623792699129311 ], [ -73.833489401102398, 40.622748927584553 ], [ -73.835463528407232, 40.618299378552379 ], [ -73.831073674778821, 40.614893934359479 ], [ -73.824709814919359, 40.615937489435161 ], [ -73.822734786358211, 40.620386705143332 ], [ -73.827124518800943, 40.623792699129311 ] ] ] } },
{ "type": "Feature", "properties": { "index": "882a100aadfffff" }, "geometry": { "type": "Polygon", "coordinates": [ [ [ -73.946682967984742, 40.847969807228743 ], [ -73.953076243408475, 40.846917033287141 ], [ -73.955048629696719, 40.842452896606645 ], [ -73.950628653454572, 40.839041866271359 ], [ -73.944236408444411, 40.840094420712099 ], [ -73.942263109375844, 40.84455822495898 ], [ -73.946682967984742, 40.847969807228743 ] ] ] } },
{ "type": "Feature", "properties": { "index": "882a100027fffff" }, "geometry": { "type": "Polygon", "coordinates": [ [ [ -73.818324016917188, 40.85661080178896 ], [ -73.824720683339066, 40.855565079339094 ], [ -73.826705441079483, 40.851102891280206 ], [ -73.822294442535679, 40.847686760352509 ], [ -73.815898808877634, 40.848732265856142 ], [ -73.813913141113176, 40.853194119204005 ], [ -73.818324016917188, 40.85661080178896 ] ] ] } },
{ "type": "Feature", "properties": { "index": "882a100c43fffff" }, "geometry": { "type": "Polygon", "coordinates": [ [ [ -73.863442739452452, 40.74170987004662 ], [ -73.869822995083737, 40.740662842991561 ], [ -73.871798693104139, 40.736206106730734 ], [ -73.867395042269678, 40.732796730816005 ], [ -73.861015813672182, 40.733843540341724 ], [ -73.859039208987951, 40.738299943281802 ], [ -73.863442739452452, 40.74170987004662 ] ] ] } },
{ "type": "Feature", "properties": { "index": "882a100583fffff" }, "geometry": { "type": "Polygon", "coordinates": [ [ [ -73.726908732040982, 40.689692334295636 ], [ -73.733284238111068, 40.688653423854241 ], [ -73.735270466705884, 40.684202134906116 ], [ -73.730882090719561, 40.680790091775087 ], [ -73.724507611474053, 40.68182878757208 ], [ -73.722520481503068, 40.6862797411152 ], [ -73.726908732040982, 40.689692334295636 ] ] ] } },
{ "type": "Feature", "properties": { "index": "882a107429fffff" }, "geometry": { "type": "Polygon", "coordinates": [ [ [ -74.001331414655795, 40.603341343189861 ], [ -74.007690528249242, 40.602288158810701 ], [ -74.009647583174598, 40.597836480245405 ], [ -74.00524642923591, 40.594438316228072 ], [ -73.998888334541874, 40.595491280715507 ], [ -73.996930374998172, 40.599942629082086 ], [ -74.001331414655795, 40.603341343189861 ] ] ] } },
{ "type": "Feature", "properties": { "index": "882a100d33fffff" }, "geometry": { "type": "Polygon", "coordinates": [ [ [ -73.967462655449495, 40.720458641294734 ], [ -73.973838227656913, 40.719406071160634 ], [ -73.975803326224877, 40.714948552546538 ], [ -73.971393761028622, 40.711543935439316 ], [ -73.965019213333321, 40.71259628602094 ], [ -73.963053206434154, 40.717053473232326 ], [ -73.967462655449495, 40.720458641294734 ] ] ] } },
{ "type": "Feature", "properties": { "index": "882a100cb5fffff" }, "geometry": { "type": "Polygon", "coordinates": [ [ [ -73.888192640878188, 40.659164072457209 ], [ -73.894561271145363, 40.658116546843438 ], [ -73.896531196569043, 40.653663894886023 ], [ -73.892133395912381, 40.650259100967908 ], [ -73.885765788699928, 40.651306408790433 ], [ -73.88379495920131, 40.655758728292625 ], [ -73.888192640878188, 40.659164072457209 ] ] ] } },
{ "type": "Feature", "properties": { "index": "882a100c93fffff" }, "geometry": { "type": "Polygon", "coordinates": [ [ [ -73.845134980469609, 40.649724859703596 ], [ -73.851503068606121, 40.648679817675038 ], [ -73.853476608241451, 40.644228496581867 ], [ -73.849082962534823, 40.640822550638141 ], [ -73.84271589769628, 40.641867375763979 ], [ -73.840741455378421, 40.646318363706683 ], [ -73.845134980469609, 40.649724859703596 ] ] ] } },
{ "type": "Feature", "properties": { "index": "882a107733fffff" }, "geometry": { "type": "Polygon", "coordinates": [ [ [ -74.008665580155295, 40.626895974586141 ], [ -74.015027752263833, 40.625842130102967 ], [ -74.016985103960252, 40.621389010718126 ], [ -74.012581189358343, 40.617990065981616 ], [ -74.006220037057773, 40.619043690358609 ], [ -74.004261779662301, 40.623496479548329 ], [ -74.008665580155295, 40.626895974586141 ] ] ] } },
{ "type": "Feature", "properties": { "index": "882a103851fffff" }, "geometry": { "type": "Polygon", "coordinates": [ [ [ -73.741121670136991, 40.604864609275026 ], [ -73.747485441158119, 40.603825794115942 ], [ -73.749466768764691, 40.599378916518873 ], [ -73.745085223932051, 40.595971188758078 ], [ -73.73872247582311, 40.597009789223293 ], [ -73.736740249746731, 40.601456332113948 ], [ -73.741121670136991, 40.604864609275026 ] ] ] } },
{ "type": "Feature", "properties": { "index": "882a100895fffff" }, "geometry": { "type": "Polygon", "coordinates": [ [ [ -73.967886982733233, 40.786544974433163 ], [ -73.974271526560983, 40.785491674931805 ], [ -73.976239351893994, 40.781030511439475 ], [ -73.971823544413212, 40.777622979160725 ], [ -73.965440027978559, 40.778676058911643 ], [ -73.963471291744042, 40.783136890661751 ], [ -73.967886982733233, 40.786544974433163 ] ] ] } },
{ "type": "Feature", "properties": { "index": "882a100e61fffff" }, "geometry": { "type": "Polygon", "coordinates": [ [ [ -73.837271981986078, 40.787334082142529 ], [ -73.843658888770037, 40.786288028966382 ], [ -73.845638950740707, 40.781829279287322 ], [ -73.841233013838192, 40.778416916770574 ], [ -73.834847136485109, 40.779462752813991 ], [ -73.832866166716684, 40.783921168477207 ], [ -73.837271981986078, 40.787334082142529 ] ] ] } },
{ "type": "Feature", "properties": { "index": "882a1060dbfffff" }, "geometry": { "type": "Polygon", "coordinates": [ [ [ -74.130797306305581, 40.536423740178556 ], [ -74.137145099107912, 40.535364142867657 ], [ -74.139087322267073, 40.530913783952307 ], [ -74.134682657829174, 40.527523349915036 ], [ -74.128335879035461, 40.528582724951612 ], [ -74.126392750781051, 40.533032756269627 ], [ -74.130797306305581, 40.536423740178556 ] ] ] } },
{ "type": "Feature", "properties": { "index": "882a100d61fffff" }, "geometry": { "type": "Polygon", "coordinates": [ [ [ -73.971344010743778, 40.765294813516078 ], [ -73.97772560510802, 40.764241548856312 ], [ -73.979692217253685, 40.759781489005114 ], [ -73.975278145307357, 40.756375025354231 ], [ -73.968897577353331, 40.757428070255195 ], [ -73.966930055047726, 40.761887798535831 ], [ -73.971344010743778, 40.765294813516078 ] ] ] } },
{ "type": "Feature", "properties": { "index": "882a100f07fffff" }, "geometry": { "type": "Polygon", "coordinates": [ [ [ -73.905540069228138, 40.780268177658996 ], [ -73.911924841789656, 40.779218406835341 ], [ -73.913898230373505, 40.774758758183303 ], [ -73.909487755673581, 40.771349213118661 ], [ -73.903104011189654, 40.772398765459506 ], [ -73.901129713440781, 40.776858081317954 ], [ -73.905540069228138, 40.780268177658996 ] ] ] } },
{ "type": "Feature", "properties": { "index": "882a1005a7fffff" }, "geometry": { "type": "Polygon", "coordinates": [ [ [ -73.767566138373979, 40.691316731443855 ], [ -73.773941181647871, 40.690275550029334 ], [ -73.775923693824524, 40.685823400015387 ], [ -73.771532065258285, 40.682412766098601 ], [ -73.765158048268646, 40.683453732048243 ], [ -73.763174633673643, 40.687905547350105 ], [ -73.767566138373979, 40.691316731443855 ] ] ] } },
{ "type": "Feature", "properties": { "index": "882a100dadfffff" }, "geometry": { "type": "Polygon", "coordinates": [ [ [ -73.97091501430954, 40.699225977872793 ], [ -73.977287645340922, 40.698173443798837 ], [ -73.979251534095752, 40.693717031378014 ], [ -73.974843699523802, 40.690313484232369 ], [ -73.968472092025806, 40.691365798745736 ], [ -73.966507295678241, 40.695821879935451 ], [ -73.97091501430954, 40.699225977872793 ] ] ] } },
{ "type": "Feature", "properties": { "index": "882a100ddbfffff" }, "geometry": { "type": "Polygon", "coordinates": [ [ [ -73.89790821841774, 40.690602136340701 ], [ -73.904280943957062, 40.689553738852496 ], [ -73.906251281515594, 40.685099169491423 ], [ -73.901849799164637, 40.681693330041924 ], [ -73.895478097901574, 40.682741509455063 ], [ -73.893506854825276, 40.687195746363074 ], [ -73.89790821841774, 40.690602136340701 ] ] ] } },
{ "type": "Feature", "properties": { "index": "882a107553fffff" }, "geometry": { "type": "Polygon", "coordinates": [ [ [ -74.022854952611539, 40.608030913338851 ], [ -74.029214323989279, 40.606976488977018 ], [ -74.03116956864281, 40.602524150538066 ], [ -74.026766347337968, 40.599126566280496 ], [ -74.020407994731798, 40.600180770307738 ], [ -74.018451844769857, 40.604632778897177 ], [ -74.022854952611539, 40.608030913338851 ] ] ] } },
{ "type": "Feature", "properties": { "index": "882a100abdfffff" }, "geometry": { "type": "Polygon", "coordinates": [ [ [ -73.930981590626246, 40.829860413180498 ], [ -73.937372672053314, 40.828808704114778 ], [ -73.939345766423955, 40.824345855114117 ], [ -73.93492869117982, 40.820935047761267 ], [ -73.928538639613464, 40.821986537692837 ], [ -73.926564633543492, 40.826449054081479 ], [ -73.930981590626246, 40.829860413180498 ] ] ] } },
{ "type": "Feature", "properties": { "index": "882a100ad5fffff" }, "geometry": { "type": "Polygon", "coordinates": [ [ [ -73.895067362154265, 40.8440393612875 ], [ -73.901460997217711, 40.842989499887857 ], [ -73.903438047625585, 40.838526549631247 ], [ -73.899022374470277, 40.835113794055864 ], [ -73.892629770442838, 40.836163437002128 ], [ -73.890651808647917, 40.840626053947311 ], [ -73.895067362154265, 40.8440393612875 ] ] ] } },
{ "type": "Feature", "properties": { "index": "882a100da5fffff" }, "geometry": { "type": "Polygon", "coordinates": [ [ [ -73.979251534095752, 40.693717031378014 ], [ -73.985623272641519, 40.692664094608205 ], [ -73.987586153338412, 40.688207830434131 ], [ -73.983178203179733, 40.684804834057154 ], [ -73.976807487799121, 40.685857551115532 ], [ -73.974843699523802, 40.690313484232369 ], [ -73.979251534095752, 40.693717031378014 ] ] ] } },
{ "type": "Feature", "properties": { "index": "882a100a1dfffff" }, "geometry": { "type": "Polygon", "coordinates": [ [ [ -73.918087715660974, 40.885793375653584 ], [ -73.924486645369669, 40.884741793568836 ], [ -73.926463300126755, 40.880276123917355 ], [ -73.922041938854022, 40.876862369450912 ], [ -73.915644041663469, 40.877913732501511 ], [ -73.913666473340939, 40.882379069022726 ], [ -73.918087715660974, 40.885793375653584 ] ] ] } },
{ "type": "Feature", "properties": { "index": "882a100587fffff" }, "geometry": { "type": "Polygon", "coordinates": [ [ [ -73.73767353206928, 40.692065731010352 ], [ -73.744049179774862, 40.691026199089855 ], [ -73.746034506642772, 40.686574574909685 ], [ -73.741645087644756, 40.683162817852704 ], [ -73.735270466705884, 40.684202134906116 ], [ -73.733284238111068, 40.688653423854241 ], [ -73.73767353206928, 40.692065731010352 ] ] ] } },
{ "type": "Feature", "properties": { "index": "882a100d91fffff" }, "geometry": { "type": "Polygon", "coordinates": [ [ [ -73.922931712390394, 40.674092465982163 ], [ -73.929301767618966, 40.673042858134764 ], [ -73.931269080756579, 40.668588730385451 ], [ -73.926867244256528, 40.665184542385724 ], [ -73.920498212202531, 40.666233931704333 ], [ -73.918529993585864, 40.670687727521688 ], [ -73.922931712390394, 40.674092465982163 ] ] ] } },
{ "type": "Feature", "properties": { "index": "882a100f6bfffff" }, "geometry": { "type": "Polygon", "coordinates": [ [ [ -73.902052318764547, 40.801519767074062 ], [ -73.908440042811023, 40.800469965455846 ], [ -73.910414650618748, 40.796009215353685 ], [ -73.906002444397686, 40.792598599806091 ], [ -73.899615749413542, 40.793648182951216 ], [ -73.89764023170099, 40.798108600087204 ], [ -73.902052318764547, 40.801519767074062 ] ] ] } },
{ "type": "Feature", "properties": { "index": "882a100eebfffff" }, "geometry": { "type": "Polygon", "coordinates": [ [ [ -73.809536296738116, 40.729883130933111 ], [ -73.815915865725344, 40.728839219036338 ], [ -73.817896093562709, 40.724384151122386 ], [ -73.813497657437836, 40.720973329267444 ], [ -73.807119115786577, 40.722017024749448 ], [ -73.805137983036957, 40.726471758471597 ], [ -73.809536296738116, 40.729883130933111 ] ] ] } },
{ "type": "Feature", "properties": { "index": "882a1060edfffff" }, "geometry": { "type": "Polygon", "coordinates": [ [ [ -74.189520382953575, 40.56375472653513 ], [ -74.195870814951149, 40.56269158892033 ], [ -74.197808692362685, 40.558238631992388 ], [ -74.193397045410677, 40.554849139365004 ], [ -74.187047627685757, 40.555912053457398 ], [ -74.185108842750154, 40.560364683669249 ], [ -74.189520382953575, 40.56375472653513 ] ] ] } },
{ "type": "Feature", "properties": { "index": "882a103b4bfffff" }, "geometry": { "type": "Polygon", "coordinates": [ [ [ -73.762750768871953, 40.675591475067158 ], [ -73.769123759884494, 40.674550724512152 ], [ -73.771106057105726, 40.670099532389074 ], [ -73.766716265125567, 40.666689425503051 ], [ -73.760344299783043, 40.667729960733602 ], [ -73.758361100863169, 40.672180818145286 ], [ -73.762750768871953, 40.675591475067158 ] ] ] } },
{ "type": "Feature", "properties": { "index": "882a100511fffff" }, "geometry": { "type": "Polygon", "coordinates": [ [ [ -73.730557159860822, 40.734514607594996 ], [ -73.73693869160023, 40.733475030533313 ], [ -73.738926475839364, 40.729021205777336 ], [ -73.734533631638385, 40.725607293635086 ], [ -73.728153128630126, 40.726646655854864 ], [ -73.726164441204773, 40.731100145029416 ], [ -73.730557159860822, 40.734514607594996 ] ] ] } },
{ "type": "Feature", "properties": { "index": "882a100cb7fffff" }, "geometry": { "type": "Polygon", "coordinates": [ [ [ -73.885765788699928, 40.651306408790433 ], [ -73.892133395912381, 40.650259100967908 ], [ -73.894103218179353, 40.645806928564888 ], [ -73.889706337060474, 40.642402396410368 ], [ -73.883339752597706, 40.643449486512509 ], [ -73.881369026615985, 40.647901326459873 ], [ -73.885765788699928, 40.651306408790433 ] ] ] } },
{ "type": "Feature", "properties": { "index": "882a103827fffff" }, "geometry": { "type": "Polygon", "coordinates": [ [ [ -73.809134180698138, 40.597866599667718 ], [ -73.815495859096259, 40.596824096543322 ], [ -73.817470571136951, 40.592376320473335 ], [ -73.813084504723989, 40.58897138099492 ], [ -73.806723847912281, 40.590013668083301 ], [ -73.804748236038904, 40.594461110656674 ], [ -73.809134180698138, 40.597866599667718 ] ] ] } },
{ "type": "Feature", "properties": { "index": "882a1000b7fffff" }, "geometry": { "type": "Polygon", "coordinates": [ [ [ -73.785736803431249, 40.783359361347593 ], [ -73.792124046509798, 40.782316213095285 ], [ -73.794108751200653, 40.777858657318816 ], [ -73.789707119327659, 40.77444458465272 ], [ -73.783320906288779, 40.7754875168186 ], [ -73.781335295196413, 40.779944737707467 ], [ -73.785736803431249, 40.783359361347593 ] ] ] } },
{ "type": "Feature", "properties": { "index": "882a100021fffff" }, "geometry": { "type": "Polygon", "coordinates": [ [ [ -73.809940681900216, 40.862118445229832 ], [ -73.816338242385029, 40.861073132229834 ], [ -73.818324016917188, 40.85661080178896 ], [ -73.813913141113176, 40.853194119204005 ], [ -73.807516613762573, 40.854239215411056 ], [ -73.805529929195458, 40.858701210966309 ], [ -73.809940681900216, 40.862118445229832 ] ] ] } },
{ "type": "Feature", "properties": { "index": "882a10629dfffff" }, "geometry": { "type": "Polygon", "coordinates": [ [ [ -74.100076145687183, 40.566305703359383 ], [ -74.106428517364705, 40.56524747100049 ], [ -74.108374836783739, 40.560796017398467 ], [ -74.103969690159346, 40.557403124413256 ], [ -74.097618334255813, 40.558461135020885 ], [ -74.095671109313088, 40.562912260334834 ], [ -74.100076145687183, 40.566305703359383 ] ] ] } },
{ "type": "Feature", "properties": { "index": "882a100e03fffff" }, "geometry": { "type": "Polygon", "coordinates": [ [ [ -73.819213171634374, 40.761354959101872 ], [ -73.825596853042157, 40.760310180840008 ], [ -73.827577505129227, 40.75585319943302 ], [ -73.823175382280468, 40.7524413304495 ], [ -73.81679272943957, 40.753485892014133 ], [ -73.81481117099348, 40.757942539229909 ], [ -73.819213171634374, 40.761354959101872 ] ] ] } },
{ "type": "Feature", "properties": { "index": "882a100a1bfffff" }, "geometry": { "type": "Polygon", "coordinates": [ [ [ -73.904825966139214, 40.875550419918973 ], [ -73.91122372843526, 40.874499683992795 ], [ -73.913201193274944, 40.8700348245576 ], [ -73.908781808779224, 40.86662103432603 ], [ -73.902385078754875, 40.867671551513581 ], [ -73.900406701067922, 40.872136077641386 ], [ -73.904825966139214, 40.875550419918973 ] ] ] } },
{ "type": "Feature", "properties": { "index": "882a1001a7fffff" }, "geometry": { "type": "Polygon", "coordinates": [ [ [ -73.876953874620526, 40.81804984982049 ], [ -73.883344281707195, 40.817001269027124 ], [ -73.885321931061725, 40.812540084842382 ], [ -73.880910083385132, 40.80912781491061 ], [ -73.874520706470804, 40.81017617768785 ], [ -73.872542147173803, 40.814637028383224 ], [ -73.876953874620526, 40.81804984982049 ] ] ] } },
{ "type": "Feature", "properties": { "index": "882a103b17fffff" }, "geometry": { "type": "Polygon", "coordinates": [ [ [ -73.780583780789172, 40.635538801781472 ], [ -73.786951042006933, 40.634497482212055 ], [ -73.788929992510845, 40.630048162622515 ], [ -73.784542582500364, 40.626640496763059 ], [ -73.778176344937791, 40.627681600762422 ], [ -73.776196493842676, 40.632130586161885 ], [ -73.780583780789172, 40.635538801781472 ] ] ] } },
{ "type": "Feature", "properties": { "index": "882a10089bfffff" }, "geometry": { "type": "Polygon", "coordinates": [ [ [ -73.946287952798755, 40.781833238882271 ], [ -73.952672232028021, 40.780781188820797 ], [ -73.954641878814343, 40.776320688988534 ], [ -73.950228156685995, 40.772912571281196 ], [ -73.943844904976629, 40.773964402038509 ], [ -73.941874347988261, 40.778424569777371 ], [ -73.946287952798755, 40.781833238882271 ] ] ] } },
{ "type": "Feature", "properties": { "index": "882a100e11fffff" }, "geometry": { "type": "Polygon", "coordinates": [ [ [ -73.806009136755023, 40.751117671923062 ], [ -73.812391651067301, 40.750073733765653 ], [ -73.814373103161131, 40.745617564800149 ], [ -73.809972946701578, 40.742205668327976 ], [ -73.803591460708176, 40.743249390081907 ], [ -73.801609102968342, 40.747705224681873 ], [ -73.806009136755023, 40.751117671923062 ] ] ] } },
{ "type": "Feature", "properties": { "index": "882a106049fffff" }, "geometry": { "type": "Polygon", "coordinates": [ [ [ -74.166229778767843, 40.617206031588864 ], [ -74.172587850601829, 40.616143586873989 ], [ -74.174530104856942, 40.611688090402282 ], [ -74.17011519643107, 40.60829536601539 ], [ -74.163758141542019, 40.60935758751237 ], [ -74.161814978244323, 40.613812756583783 ], [ -74.166229778767843, 40.617206031588864 ] ] ] } },
{ "type": "Feature", "properties": { "index": "882a100161fffff" }, "geometry": { "type": "Polygon", "coordinates": [ [ [ -73.87130591482051, 40.897610149383894 ], [ -73.877707266068683, 40.896561048898462 ], [ -73.879688799661949, 40.892095615888501 ], [ -73.875269895018306, 40.88867961734082 ], [ -73.868869577529097, 40.889728499699189 ], [ -73.86688713103824, 40.894193598702422 ], [ -73.87130591482051, 40.897610149383894 ] ] ] } },
{ "type": "Feature", "properties": { "index": "882a100501fffff" }, "geometry": { "type": "Polygon", "coordinates": [ [ [ -73.746146849325029, 40.752627430550561 ], [ -73.752530581081629, 40.751586800430808 ], [ -73.754517678778583, 40.747131683849439 ], [ -73.750121949092161, 40.743717532767199 ], [ -73.743739246625722, 40.744757947681592 ], [ -73.741751244668691, 40.749212728854168 ], [ -73.746146849325029, 40.752627430550561 ] ] ] } },
{ "type": "Feature", "properties": { "index": "882a103b61fffff" }, "geometry": { "type": "Polygon", "coordinates": [ [ [ -73.803398417119595, 40.677202801015824 ], [ -73.809770939872678, 40.67615978126473 ], [ -73.811749520692601, 40.6717077310972 ], [ -73.80735648160946, 40.668299034669232 ], [ -73.800984983983724, 40.669341838276331 ], [ -73.799005500426162, 40.673793554425892 ], [ -73.803398417119595, 40.677202801015824 ] ] ] } },
{ "type": "Feature", "properties": { "index": "882a107745fffff" }, "geometry": { "type": "Polygon", "coordinates": [ [ [ -73.993472580050025, 40.674840293733489 ], [ -73.999841511111029, 40.673786772417152 ], [ -74.001802277121854, 40.669331285044748 ], [ -73.997395019370856, 40.665929649669643 ], [ -73.991027110434473, 40.666982951044666 ], [ -73.989065437236007, 40.671438107706138 ], [ -73.993472580050025, 40.674840293733489 ] ] ] } },
{ "type": "Feature", "properties": { "index": "882a100d9bfffff" }, "geometry": { "type": "Polygon", "coordinates": [ [ [ -73.912160071765598, 40.671736713815449 ], [ -73.918529993585864, 40.670687727521688 ], [ -73.920498212202531, 40.666233931704333 ], [ -73.916097414242074, 40.662829454257249 ], [ -73.909728515658443, 40.663878222244399 ], [ -73.907759391910531, 40.668331685955472 ], [ -73.912160071765598, 40.671736713815449 ] ] ] } },
{ "type": "Feature", "properties": { "index": "882a100d63fffff" }, "geometry": { "type": "Polygon", "coordinates": [ [ [ -73.968897577353331, 40.757428070255195 ], [ -73.975278145307357, 40.756375025354231 ], [ -73.977244656705594, 40.751915444070619 ], [ -73.972831510058683, 40.748509239229826 ], [ -73.966451968208773, 40.749562064443516 ], [ -73.964484547013924, 40.75402131415531 ], [ -73.968897577353331, 40.757428070255195 ] ] ] } },
{ "type": "Feature", "properties": { "index": "882a10768bfffff" }, "geometry": { "type": "Polygon", "coordinates": [ [ [ -73.893783639580221, 40.579838978033749 ], [ -73.900141436812632, 40.578791987844959 ], [ -73.902107522377037, 40.574343619104319 ], [ -73.897716711982653, 40.570942572461263 ], [ -73.891359934273709, 40.571989344972735 ], [ -73.889392947547009, 40.576437381774944 ], [ -73.893783639580221, 40.579838978033749 ] ] ] } },
{ "type": "Feature", "properties": { "index": "882a10605bfffff" }, "geometry": { "type": "Polygon", "coordinates": [ [ [ -74.148050423905957, 40.59133156727971 ], [ -74.154405323170309, 40.590270412028083 ], [ -74.156348204987722, 40.585816685155102 ], [ -74.151937095267144, 40.58242444108631 ], [ -74.145583212112712, 40.583485373558297 ], [ -74.143639422679271, 40.58793877284841 ], [ -74.148050423905957, 40.59133156727971 ] ] ] } },
{ "type": "Feature", "properties": { "index": "882a1005a1fffff" }, "geometry": { "type": "Polygon", "coordinates": [ [ [ -73.759206686408234, 40.696809800743374 ], [ -73.765582616011656, 40.695769025568623 ], [ -73.767566138373979, 40.691316731443855 ], [ -73.763174633673643, 40.687905547350105 ], [ -73.756799730720402, 40.688946107212402 ], [ -73.754815305930023, 40.693398066451458 ], [ -73.759206686408234, 40.696809800743374 ] ] ] } },
{ "type": "Feature", "properties": { "index": "882a100f25fffff" }, "geometry": { "type": "Polygon", "coordinates": [ [ [ -73.937932119685499, 40.787345529502211 ], [ -73.944317293811537, 40.786293884863575 ], [ -73.946287952798755, 40.781833238882271 ], [ -73.941874347988261, 40.778424569777371 ], [ -73.935490201752117, 40.779475995263589 ], [ -73.933518632549166, 40.783936308977182 ], [ -73.937932119685499, 40.787345529502211 ] ] ] } },
{ "type": "Feature", "properties": { "index": "882a100f53fffff" }, "geometry": { "type": "Polygon", "coordinates": [ [ [ -73.864796239893252, 40.778688867135251 ], [ -73.871181499200134, 40.777641375711802 ], [ -73.873158626833046, 40.773182581118192 ], [ -73.868751403397496, 40.769771611411016 ], [ -73.862367172722628, 40.770818885173554 ], [ -73.860389136964145, 40.775277346274464 ], [ -73.864796239893252, 40.778688867135251 ] ] ] } },
{ "type": "Feature", "properties": { "index": "882a1072d5fffff" }, "geometry": { "type": "Polygon", "coordinates": [ [ [ -73.994926600786727, 40.711788606426516 ], [ -74.001300517037137, 40.710734607222328 ], [ -74.003262689268041, 40.706277053645074 ], [ -73.998851854010567, 40.702873830121497 ], [ -73.992478961471079, 40.70392760924878 ], [ -73.990515880589982, 40.708384831946539 ], [ -73.994926600786727, 40.711788606426516 ] ] ] } },
{ "type": "Feature", "properties": { "index": "882a1001b9fffff" }, "geometry": { "type": "Polygon", "coordinates": [ [ [ -73.844551429309192, 40.810952501430506 ], [ -73.850941426236261, 40.809905796430954 ], [ -73.852921804363135, 40.805445613239684 ], [ -73.848513094563316, 40.802032469032753 ], [ -73.842124127992506, 40.803078956686967 ], [ -73.840142840978402, 40.807538805863743 ], [ -73.844551429309192, 40.810952501430506 ] ] ] } },
{ "type": "Feature", "properties": { "index": "882a107753fffff" }, "geometry": { "type": "Polygon", "coordinates": [ [ [ -73.964599580629937, 40.646571241449223 ], [ -73.970965184751662, 40.645519621876502 ], [ -73.972927463677266, 40.641066235232977 ], [ -73.96852504400367, 40.637664799196145 ], [ -73.962160461221217, 40.638716199485835 ], [ -73.960197276884571, 40.64316925506553 ], [ -73.964599580629937, 40.646571241449223 ] ] ] } },
{ "type": "Feature", "properties": { "index": "882a107605fffff" }, "geometry": { "type": "Polygon", "coordinates": [ [ [ -73.932299758238202, 40.639515547214842 ], [ -73.93866496670384, 40.638465790125359 ], [ -73.940629960822548, 40.634013397196753 ], [ -73.936230650958024, 40.630611092914883 ], [ -73.92986646401954, 40.631660631387042 ], [ -73.92790056553001, 40.636112692728631 ], [ -73.932299758238202, 40.639515547214842 ] ] ] } },
{ "type": "Feature", "properties": { "index": "882a106045fffff" }, "geometry": { "type": "Polygon", "coordinates": [ [ [ -74.185303221233156, 40.614017679346794 ], [ -74.191660519748751, 40.612954216632446 ], [ -74.19360086220118, 40.608498546532743 ], [ -74.189184815615334, 40.605106666167671 ], [ -74.182828533608557, 40.60616990529406 ], [ -74.180887281789154, 40.610625248343098 ], [ -74.185303221233156, 40.614017679346794 ] ] ] } },
{ "type": "Feature", "properties": { "index": "882a100c85fffff" }, "geometry": { "type": "Polygon", "coordinates": [ [ [ -73.873935254535894, 40.678023456714087 ], [ -73.880306686016823, 40.676976520621118 ], [ -73.882278730580694, 40.672523095570256 ], [ -73.877880248235627, 40.669116939384665 ], [ -73.871509840848006, 40.670163657918216 ], [ -73.869536891824239, 40.674616750167154 ], [ -73.873935254535894, 40.678023456714087 ] ] ] } },
{ "type": "Feature", "properties": { "index": "882a107689fffff" }, "geometry": { "type": "Polygon", "coordinates": [ [ [ -73.896208158913979, 40.587689354142107 ], [ -73.9025669759734, 40.586642146205172 ], [ -73.90453316410661, 40.5821932971024 ], [ -73.900141436812632, 40.578791987844959 ], [ -73.893783639580221, 40.579838978033749 ], [ -73.891816549926105, 40.584287495198474 ], [ -73.896208158913979, 40.587689354142107 ] ] ] } },
{ "type": "Feature", "properties": { "index": "882a10620dfffff" }, "geometry": { "type": "Polygon", "coordinates": [ [ [ -74.133009494993985, 40.639275346525551 ], [ -74.139371146194165, 40.638214493960014 ], [ -74.141317413453891, 40.633758386322505 ], [ -74.136902938738857, 40.63036345931507 ], [ -74.130542305957391, 40.631424089259006 ], [ -74.128595129582976, 40.635879868801673 ], [ -74.133009494993985, 40.639275346525551 ] ] ] } },
{ "type": "Feature", "properties": { "index": "882a103b5dfffff" }, "geometry": { "type": "Polygon", "coordinates": [ [ [ -73.760344299783043, 40.667729960733602 ], [ -73.766716265125567, 40.666689425503051 ], [ -73.768698454798653, 40.66223871244749 ], [ -73.764309580580758, 40.658828869304109 ], [ -73.757938640601338, 40.659869189280428 ], [ -73.755955549589174, 40.664319567624993 ], [ -73.760344299783043, 40.667729960733602 ] ] ] } },
{ "type": "Feature", "properties": { "index": "882a10619bfffff" }, "geometry": { "type": "Polygon", "coordinates": [ [ [ -74.220185083306049, 40.533849052601305 ], [ -74.22653092826647, 40.532784558189711 ], [ -74.228464716832704, 40.528332703345065 ], [ -74.224053567635366, 40.524945668907321 ], [ -74.217708735179926, 40.526009939276761 ], [ -74.215774039526451, 40.530461468095694 ], [ -74.220185083306049, 40.533849052601305 ] ] ] } },
{ "type": "Feature", "properties": { "index": "882a100ccbfffff" }, "geometry": { "type": "Polygon", "coordinates": [ [ [ -73.838121477990242, 40.692159735234718 ], [ -73.844495439247979, 40.691114634183457 ], [ -73.846471414786123, 40.686661103935457 ], [ -73.842074333325044, 40.683253008206052 ], [ -73.835701397321486, 40.684297892375369 ], [ -73.833724517637179, 40.688751089126427 ], [ -73.838121477990242, 40.692159735234718 ] ] ] } },
{ "type": "Feature", "properties": { "index": "882a100f0dfffff" }, "geometry": { "type": "Polygon", "coordinates": [ [ [ -73.899615749413542, 40.793648182951216 ], [ -73.906002444397686, 40.792598599806091 ], [ -73.907976948902203, 40.788138327702534 ], [ -73.903565668076595, 40.784727971681299 ], [ -73.897180001847104, 40.785777336424516 ], [ -73.895204587801373, 40.79023727556104 ], [ -73.899615749413542, 40.793648182951216 ] ] ] } },
{ "type": "Feature", "properties": { "index": "882a100c5dfffff" }, "geometry": { "type": "Polygon", "coordinates": [ [ [ -73.852659089765339, 40.739346347109951 ], [ -73.859039208987951, 40.738299943281802 ], [ -73.861015813672182, 40.733843540341724 ], [ -73.856613205560137, 40.730433874695265 ], [ -73.850234113432279, 40.731480061216978 ], [ -73.848256602434333, 40.735936130661898 ], [ -73.852659089765339, 40.739346347109951 ] ] ] } },
{ "type": "Feature", "properties": { "index": "882a1060d1fffff" }, "geometry": { "type": "Polygon", "coordinates": [ [ [ -74.141550683240865, 40.538754835938946 ], [ -74.147898599148093, 40.537694620147533 ], [ -74.149839916870206, 40.533243933809992 ], [ -74.145434224232162, 40.529853790655885 ], [ -74.139087322267073, 40.530913783952307 ], [ -74.137145099107912, 40.535364142867657 ], [ -74.141550683240865, 40.538754835938946 ] ] ] } },
{ "type": "Feature", "properties": { "index": "882a100eb5fffff" }, "geometry": { "type": "Polygon", "coordinates": [ [ [ -73.829769643319423, 40.697658106960873 ], [ -73.83614449296627, 40.696613410972468 ], [ -73.838121477990242, 40.692159735234718 ], [ -73.833724517637179, 40.688751089126427 ], [ -73.827350693611208, 40.689795568384795 ], [ -73.825372804429847, 40.694248910451897 ], [ -73.829769643319423, 40.697658106960873 ] ] ] } },
{ "type": "Feature", "properties": { "index": "882a100da3fffff" }, "geometry": { "type": "Polygon", "coordinates": [ [ [ -73.966029991649805, 40.683506358738668 ], [ -73.97240057591921, 40.682454263714419 ], [ -73.97436426366437, 40.677998809983286 ], [ -73.969958274121211, 40.674595782479841 ], [ -73.963588712775632, 40.675647658086369 ], [ -73.961624118161126, 40.680102780584164 ], [ -73.966029991649805, 40.683506358738668 ] ] ] } },
{ "type": "Feature", "properties": { "index": "882a1008d9fffff" }, "geometry": { "type": "Polygon", "coordinates": [ [ [ -73.93445842442415, 40.80860023434834 ], [ -73.940846550859249, 40.807548557195702 ], [ -73.942818426847793, 40.803086809247525 ], [ -73.938403087471102, 40.799677070861897 ], [ -73.932015989910582, 40.800728528871176 ], [ -73.930043202964953, 40.805189944379507 ], [ -73.93445842442415, 40.80860023434834 ] ] ] } },
{ "type": "Feature", "properties": { "index": "882a10753dfffff" }, "geometry": { "type": "Polygon", "coordinates": [ [ [ -74.071771644828274, 40.6040389686898 ], [ -74.078129616052934, 40.602981885526212 ], [ -74.080080135934608, 40.59852886139403 ], [ -74.075673591012858, 40.595133249373319 ], [ -74.069316637631843, 40.596190111238748 ], [ -74.067365211439693, 40.600642806392962 ], [ -74.071771644828274, 40.6040389686898 ] ] ] } },
{ "type": "Feature", "properties": { "index": "882a100e37fffff" }, "geometry": { "type": "Polygon", "coordinates": [ [ [ -73.844300463901504, 40.744848892903484 ], [ -73.850681473717913, 40.743802895050493 ], [ -73.852659089765339, 40.739346347109951 ], [ -73.848256602434333, 40.735936130661898 ], [ -73.841876620080626, 40.73698191136063 ], [ -73.839898097707916, 40.741438125632051 ], [ -73.844300463901504, 40.744848892903484 ] ] ] } },
{ "type": "Feature", "properties": { "index": "882a100ca7fffff" }, "geometry": { "type": "Polygon", "coordinates": [ [ [ -73.901389603957497, 40.669380050792036 ], [ -73.907759391910531, 40.668331685955472 ], [ -73.909728515658443, 40.663878222244399 ], [ -73.905328756348595, 40.660473455620753 ], [ -73.898959991693943, 40.661521602372922 ], [ -73.896989963162696, 40.665974733803431 ], [ -73.901389603957497, 40.669380050792036 ] ] ] } },
{ "type": "Feature", "properties": { "index": "882a1076c7fffff" }, "geometry": { "type": "Polygon", "coordinates": [ [ [ -73.89863349267641, 40.595540473065839 ], [ -73.904993329866599, 40.594493047309967 ], [ -73.906959620519501, 40.590043717925617 ], [ -73.9025669759734, 40.586642146205172 ], [ -73.896208158913979, 40.587689354142107 ], [ -73.89424096638129, 40.592138351588765 ], [ -73.89863349267641, 40.595540473065839 ] ] ] } },
{ "type": "Feature", "properties": { "index": "882a10053bfffff" }, "geometry": { "type": "Polygon", "coordinates": [ [ [ -73.749701009783934, 40.731394846069108 ], [ -73.756081795940673, 40.730354238761336 ], [ -73.758067664545365, 40.725900221694666 ], [ -73.75367365063488, 40.72248714714059 ], [ -73.747293892784484, 40.723527539230567 ], [ -73.745307120651219, 40.727981221063004 ], [ -73.749701009783934, 40.731394846069108 ] ] ] } },
{ "type": "Feature", "properties": { "index": "882a10088dfffff" }, "geometry": { "type": "Polygon", "coordinates": [ [ [ -73.975232799918729, 40.810156140418108 ], [ -73.981620427766458, 40.809102181235609 ], [ -73.983588555668092, 40.804639583275794 ], [ -73.979169967828781, 40.801231276206472 ], [ -73.972783368294614, 40.802285015423621 ], [ -73.970814328398859, 40.806747281645421 ], [ -73.975232799918729, 40.810156140418108 ] ] ] } },
{ "type": "Feature", "properties": { "index": "882a1005b7fffff" }, "geometry": { "type": "Polygon", "coordinates": [ [ [ -73.751988250288278, 40.673220947593201 ], [ -73.758361100863169, 40.672180818145286 ], [ -73.760344299783043, 40.667729960733602 ], [ -73.755955549589174, 40.664319567624993 ], [ -73.749583724742692, 40.665359481970981 ], [ -73.747599624474205, 40.669810004498181 ], [ -73.751988250288278, 40.673220947593201 ] ] ] } },
{ "type": "Feature", "properties": { "index": "882a100113fffff" }, "geometry": { "type": "Polygon", "coordinates": [ [ [ -73.837513260581886, 40.853472598956856 ], [ -73.843909171113751, 40.852425841120457 ], [ -73.845892002023561, 40.84796346133961 ], [ -73.841479832880964, 40.844548173726764 ], [ -73.835084954681818, 40.845594714239859 ], [ -73.833101213406081, 40.850056759659346 ], [ -73.837513260581886, 40.853472598956856 ] ] ] } },
{ "type": "Feature", "properties": { "index": "882a107281fffff" }, "geometry": { "type": "Polygon", "coordinates": [ [ [ -74.014047585777433, 40.708625583358184 ], [ -74.020420737982363, 40.707570558795176 ], [ -74.022380992890959, 40.703112823201742 ], [ -74.017969004688979, 40.699710442671467 ], [ -74.01159687576191, 40.7007652467844 ], [ -74.009635711870672, 40.705222651847656 ], [ -74.014047585777433, 40.708625583358184 ] ] ] } },
{ "type": "Feature", "properties": { "index": "882a1062b3fffff" }, "geometry": { "type": "Polygon", "coordinates": [ [ [ -74.124966542999474, 40.549775913135655 ], [ -74.131316241289184, 40.548716489888569 ], [ -74.133259558717214, 40.54426549589008 ], [ -74.128854083437915, 40.540874252877011 ], [ -74.122505399822941, 40.541933453926298 ], [ -74.120561176922678, 40.54638412015629 ], [ -74.124966542999474, 40.549775913135655 ] ] ] } },
{ "type": "Feature", "properties": { "index": "882a100dc7fffff" }, "geometry": { "type": "Polygon", "coordinates": [ [ [ -73.932673905809821, 40.705534003262024 ], [ -73.939048056788522, 40.704483520587644 ], [ -73.9410157775295, 40.700027475769687 ], [ -73.936610254328201, 40.696622245524878 ], [ -73.930237127745073, 40.697672509385683 ], [ -73.928268500079696, 40.702128222275014 ], [ -73.932673905809821, 40.705534003262024 ] ] ] } },
{ "type": "Feature", "properties": { "index": "882a1062cbfffff" }, "geometry": { "type": "Polygon", "coordinates": [ [ [ -74.088386732403691, 40.593018507237062 ], [ -74.094742920131281, 40.591960627063337 ], [ -74.096691434534449, 40.587507906748087 ], [ -74.092284667598122, 40.584113395207616 ], [ -74.085929496980114, 40.585171053784421 ], [ -74.083980076299426, 40.58962344546849 ], [ -74.088386732403691, 40.593018507237062 ] ] ] } },
{ "type": "Feature", "properties": { "index": "882a100dbdfffff" }, "geometry": { "type": "Polygon", "coordinates": [ [ [ -73.955253665462692, 40.681154253670108 ], [ -73.961624118161126, 40.680102780584164 ], [ -73.963588712775632, 40.675647658086369 ], [ -73.959183761325406, 40.672244340052856 ], [ -73.95281433161388, 40.673295593943315 ], [ -73.95084883047744, 40.677750385032944 ], [ -73.955253665462692, 40.681154253670108 ] ] ] } },
{ "type": "Feature", "properties": { "index": "882a100d69fffff" }, "geometry": { "type": "Polygon", "coordinates": [ [ [ -73.962993898030035, 40.770807880355157 ], [ -73.96937638737819, 40.769755020283164 ], [ -73.971344010743778, 40.765294813516078 ], [ -73.966930055047726, 40.761887798535831 ], [ -73.960548592479626, 40.762940439000445 ], [ -73.958580058939901, 40.76740031402273 ], [ -73.962993898030035, 40.770807880355157 ] ] ] } },
{ "type": "Feature", "properties": { "index": "882a107435fffff" }, "geometry": { "type": "Polygon", "coordinates": [ [ [ -74.004760007533662, 40.582138497010469 ], [ -74.011116194648793, 40.581085352812394 ], [ -74.013072048460216, 40.576634785766736 ], [ -74.008672619151511, 40.57323769291694 ], [ -74.002317449964849, 40.574290617216306 ], [ -74.000360692269311, 40.578740854234248 ], [ -74.004760007533662, 40.582138497010469 ] ] ] } },
{ "type": "Feature", "properties": { "index": "882a100533fffff" }, "geometry": { "type": "Polygon", "coordinates": [ [ [ -73.758067664545365, 40.725900221694666 ], [ -73.764447563340241, 40.724859207135481 ], [ -73.766432420172023, 40.720405333422214 ], [ -73.762038281840873, 40.716992809299121 ], [ -73.7556594109857, 40.718033608487758 ], [ -73.75367365063488, 40.72248714714059 ], [ -73.758067664545365, 40.725900221694666 ] ] ] } },
{ "type": "Feature", "properties": { "index": "882a100101fffff" }, "geometry": { "type": "Polygon", "coordinates": [ [ [ -73.855617989947149, 40.879479589897031 ], [ -73.862017136893655, 40.878431552678691 ], [ -73.863999373012177, 40.873967407439523 ], [ -73.859583374111168, 40.870551633572951 ], [ -73.853185260365365, 40.871599453030825 ], [ -73.851202112433512, 40.87606326408595 ], [ -73.855617989947149, 40.879479589897031 ] ] ] } },
{ "type": "Feature", "properties": { "index": "882a10394bfffff" }, "geometry": { "type": "Polygon", "coordinates": [ [ [ -73.821198004417255, 40.637142411213119 ], [ -73.827564795324363, 40.636098826852901 ], [ -73.829540034660653, 40.631648651790066 ], [ -73.825149384828322, 40.628242394555279 ], [ -73.818783617033688, 40.629285762527488 ], [ -73.816807476070935, 40.633735604092948 ], [ -73.821198004417255, 40.637142411213119 ] ] ] } },
{ "type": "Feature", "properties": { "index": "882a1039adfffff" }, "geometry": { "type": "Polygon", "coordinates": [ [ [ -73.86154208471018, 40.572770586935796 ], [ -73.867899478133879, 40.571725453132004 ], [ -73.869868266146739, 40.567278080726652 ], [ -73.865480560970965, 40.563876174553819 ], [ -73.859124187253016, 40.564921091344551 ], [ -73.85715449911649, 40.56936813129164 ], [ -73.86154208471018, 40.572770586935796 ] ] ] } },
{ "type": "Feature", "properties": { "index": "882a100a11fffff" }, "geometry": { "type": "Polygon", "coordinates": [ [ [ -73.915644041663469, 40.877913732501511 ], [ -73.922041938854022, 40.876862369450912 ], [ -73.924018490493978, 40.872397176884292 ], [ -73.919598058256483, 40.868983680469739 ], [ -73.913201193274944, 40.8700348245576 ], [ -73.91122372843526, 40.874499683992795 ], [ -73.915644041663469, 40.877913732501511 ] ] ] } },
{ "type": "Feature", "properties": { "index": "882a100e55fffff" }, "geometry": { "type": "Polygon", "coordinates": [ [ [ -73.80247879496271, 40.772357688578779 ], [ -73.808864257270997, 40.771313724766145 ], [ -73.810846935009778, 40.766856455661781 ], [ -73.806445056933981, 40.763443484879836 ], [ -73.800060623928886, 40.764487232300453 ], [ -73.798077039809485, 40.768944166865438 ], [ -73.80247879496271, 40.772357688578779 ] ] ] } },
{ "type": "Feature", "properties": { "index": "882a103953fffff" }, "geometry": { "type": "Polygon", "coordinates": [ [ [ -73.813957277027214, 40.613574694256833 ], [ -73.820320999513172, 40.612531758849322 ], [ -73.82229592261514, 40.608083022939823 ], [ -73.817908023892642, 40.604677555905354 ], [ -73.811545323603141, 40.605720275136122 ], [ -73.809569499951593, 40.610168677548607 ], [ -73.813957277027214, 40.613574694256833 ] ] ] } },
{ "type": "Feature", "properties": { "index": "882a100a55fffff" }, "geometry": { "type": "Polygon", "coordinates": [ [ [ -73.912153579572561, 40.899191436788151 ], [ -73.918554440539594, 40.898140044217584 ], [ -73.920532215677184, 40.893673753775161 ], [ -73.916110043905803, 40.890259189177257 ], [ -73.909710216138521, 40.89131036279494 ], [ -73.907731527056384, 40.895776319933439 ], [ -73.912153579572561, 40.899191436788151 ] ] ] } },
{ "type": "Feature", "properties": { "index": "882a1060c7fffff" }, "geometry": { "type": "Polygon", "coordinates": [ [ [ -74.165528947492533, 40.551256162325863 ], [ -74.17187812234539, 40.550194486285982 ], [ -74.173817721342644, 40.545742664257503 ], [ -74.169409052077413, 40.542352845308201 ], [ -74.163060891332563, 40.54341429833957 ], [ -74.161120385854943, 40.547865793298485 ], [ -74.165528947492533, 40.551256162325863 ] ] ] } },
{ "type": "Feature", "properties": { "index": "882a100f33fffff" }, "geometry": { "type": "Polygon", "coordinates": [ [ [ -73.909024673449409, 40.75902206533258 ], [ -73.915406497203506, 40.757972325904952 ], [ -73.917378667944647, 40.75351377961568 ], [ -73.912969923470314, 40.750105305345308 ], [ -73.906589126810445, 40.751154826280661 ], [ -73.904616047643216, 40.755613039948805 ], [ -73.909024673449409, 40.75902206533258 ] ] ] } },
{ "type": "Feature", "properties": { "index": "882a103b49fffff" }, "geometry": { "type": "Polygon", "coordinates": [ [ [ -73.765158048268646, 40.683453732048243 ], [ -73.771532065258285, 40.682412766098601 ], [ -73.773514469980725, 40.677961094989392 ], [ -73.769123759884494, 40.674550724512152 ], [ -73.762750768871953, 40.675591475067158 ], [ -73.760767462091124, 40.680042811464602 ], [ -73.765158048268646, 40.683453732048243 ] ] ] } },
{ "type": "Feature", "properties": { "index": "882a100cadfffff" }, "geometry": { "type": "Polygon", "coordinates": [ [ [ -73.895478097901574, 40.682741509455063 ], [ -73.901849799164637, 40.681693330041924 ], [ -73.903820033763381, 40.677239239909525 ], [ -73.899419472367867, 40.673833661614211 ], [ -73.893048795075487, 40.674881623023289 ], [ -73.891077655319975, 40.679335380702028 ], [ -73.895478097901574, 40.682741509455063 ] ] ] } },
{ "type": "Feature", "properties": { "index": "882a1060a7fffff" }, "geometry": { "type": "Polygon", "coordinates": [ [ [ -74.209428314212587, 40.53152534394782 ], [ -74.215774039526451, 40.530461468095694 ], [ -74.217708735179926, 40.526009939276761 ], [ -74.213298612375795, 40.522622612480887 ], [ -74.206953899635153, 40.523686264511284 ], [ -74.205018297235057, 40.528137467128893 ], [ -74.209428314212587, 40.53152534394782 ] ] ] } },
{ "type": "Feature", "properties": { "index": "882a1001e9fffff" }, "geometry": { "type": "Polygon", "coordinates": [ [ [ -73.845892002023561, 40.84796346133961 ], [ -73.85228701802555, 40.846916294736758 ], [ -73.85426883280924, 40.842454058027151 ], [ -73.849856542058745, 40.839039322077376 ], [ -73.843462558019013, 40.840086271203901 ], [ -73.841479832880964, 40.844548173726764 ], [ -73.845892002023561, 40.84796346133961 ] ] ] } },
{ "type": "Feature", "properties": { "index": "882a100ce9fffff" }, "geometry": { "type": "Polygon", "coordinates": [ [ [ -73.870440900218426, 40.699246773482784 ], [ -73.876815270418462, 40.698199806468416 ], [ -73.878788531422913, 40.693745276773598 ], [ -73.874388327533268, 40.690338047038303 ], [ -73.868014982405342, 40.691384796503137 ], [ -73.866040816207217, 40.695838993223134 ], [ -73.870440900218426, 40.699246773482784 ] ] ] } },
{ "type": "Feature", "properties": { "index": "882a107561fffff" }, "geometry": { "type": "Polygon", "coordinates": [ [ [ -74.070827881354887, 40.633101943216083 ], [ -74.077189800734274, 40.632044595095493 ], [ -74.079141614277205, 40.627589978397744 ], [ -74.074732415961009, 40.624193038936845 ], [ -74.068371515698942, 40.625250165693195 ], [ -74.066418794746681, 40.629704453244536 ], [ -74.070827881354887, 40.633101943216083 ] ] ] } },
{ "type": "Feature", "properties": { "index": "882a106263fffff" }, "geometry": { "type": "Polygon", "coordinates": [ [ [ -74.143786544677653, 40.641609678527942 ], [ -74.150148319424559, 40.640548204666025 ], [ -74.152093677225523, 40.636091769109626 ], [ -74.14767816984903, 40.632697135303758 ], [ -74.141317413453891, 40.633758386322505 ], [ -74.139371146194165, 40.638214493960014 ], [ -74.143786544677653, 40.641609678527942 ] ] ] } },
{ "type": "Feature", "properties": { "index": "882a103969fffff" }, "geometry": { "type": "Polygon", "coordinates": [ [ [ -73.853476608241451, 40.644228496581867 ], [ -73.85984380935983, 40.643183050927377 ], [ -73.861816341727462, 40.638731876412919 ], [ -73.857422575759642, 40.635326480500382 ], [ -73.851056397573458, 40.636371709100708 ], [ -73.849082962534823, 40.640822550638141 ], [ -73.853476608241451, 40.644228496581867 ] ] ] } },
{ "type": "Feature", "properties": { "index": "882a10604dfffff" }, "geometry": { "type": "Polygon", "coordinates": [ [ [ -74.177003682554187, 40.619536568541143 ], [ -74.183361876363719, 40.61847350304275 ], [ -74.185303221233156, 40.614017679346794 ], [ -74.180887281789154, 40.610625248343098 ], [ -74.174530104856942, 40.611688090402282 ], [ -74.172587850601829, 40.616143586873989 ], [ -74.177003682554187, 40.619536568541143 ] ] ] } },
{ "type": "Feature", "properties": { "index": "882a10609dfffff" }, "geometry": { "type": "Polygon", "coordinates": [ [ [ -74.158127259905072, 40.527732790030825 ], [ -74.164473393332457, 40.526671782799674 ], [ -74.166412712645624, 40.522221405128846 ], [ -74.162006804042434, 40.518832361735001 ], [ -74.155661683824732, 40.519893146174432 ], [ -74.153721459110386, 40.524343196769209 ], [ -74.158127259905072, 40.527732790030825 ] ] ] } },
{ "type": "Feature", "properties": { "index": "882a107467fffff" }, "geometry": { "type": "Polygon", "coordinates": [ [ [ -74.003775315359547, 40.611192146481983 ], [ -74.01013544815514, 40.610138742139675 ], [ -74.012092602055262, 40.605686583220219 ], [ -74.007690528249242, 40.602288158810701 ], [ -74.001331414655795, 40.603341343189861 ], [ -73.999373355777294, 40.607793171911744 ], [ -74.003775315359547, 40.611192146481983 ] ] ] } },
{ "type": "Feature", "properties": { "index": "882a100e8dfffff" }, "geometry": { "type": "Polygon", "coordinates": [ [ [ -73.807119115786577, 40.722017024749448 ], [ -73.813497657437836, 40.720973329267444 ], [ -73.815477779092788, 40.716518739931814 ], [ -73.811080263760232, 40.713108180240468 ], [ -73.804702749137519, 40.714151659378231 ], [ -73.802721722931508, 40.718605914522044 ], [ -73.807119115786577, 40.722017024749448 ] ] ] } },
{ "type": "Feature", "properties": { "index": "882a1062ddfffff" }, "geometry": { "type": "Polygon", "coordinates": [ [ [ -74.085929496980114, 40.585171053784421 ], [ -74.092284667598122, 40.584113395207616 ], [ -74.094233086009893, 40.579661155637361 ], [ -74.089827239831465, 40.576266903246726 ], [ -74.083473086021698, 40.577324340298546 ], [ -74.081523761692694, 40.58177625123588 ], [ -74.085929496980114, 40.585171053784421 ] ] ] } },
{ "type": "Feature", "properties": { "index": "882a100a5dfffff" }, "geometry": { "type": "Polygon", "coordinates": [ [ [ -73.903773027424464, 40.904708854433899 ], [ -73.910174786792169, 40.903657870762871 ], [ -73.912153579572561, 40.899191436788151 ], [ -73.907731527056384, 40.895776319933439 ], [ -73.901330801260841, 40.896827084804443 ], [ -73.899351094522885, 40.901293185300275 ], [ -73.903773027424464, 40.904708854433899 ] ] ] } },
{ "type": "Feature", "properties": { "index": "882a10003bfffff" }, "geometry": { "type": "Polygon", "coordinates": [ [ [ -73.783486041804082, 40.841614886818988 ], [ -73.789881256678711, 40.840571259075759 ], [ -73.791868635887226, 40.836110552851537 ], [ -73.787461708934757, 40.832693809576703 ], [ -73.781067526694187, 40.833737221116451 ], [ -73.779079238885672, 40.838197592104905 ], [ -73.783486041804082, 40.841614886818988 ] ] ] } },
{ "type": "Feature", "properties": { "index": "882a1062a3fffff" }, "geometry": { "type": "Polygon", "coordinates": [ [ [ -74.140651270861156, 40.56779520360223 ], [ -74.147003122697285, 40.566734716472709 ], [ -74.148945722552497, 40.562282432526331 ], [ -74.144537377216238, 40.558890963268489 ], [ -74.138186540588705, 40.5599512278351 ], [ -74.136243034199026, 40.564403184192209 ], [ -74.140651270861156, 40.56779520360223 ] ] ] } },
{ "type": "Feature", "properties": { "index": "882a1062edfffff" }, "geometry": { "type": "Polygon", "coordinates": [ [ [ -74.131449175725464, 40.602360598790668 ], [ -74.137805861728069, 40.601300238421615 ], [ -74.139750747585538, 40.596846205334593 ], [ -74.13533985520246, 40.593452860516201 ], [ -74.128984186044988, 40.594512998403459 ], [ -74.127038392535937, 40.598966703560684 ], [ -74.131449175725464, 40.602360598790668 ] ] ] } },
{ "type": "Feature", "properties": { "index": "882a100e53fffff" }, "geometry": { "type": "Polygon", "coordinates": [ [ [ -73.789275497476467, 40.762117096114956 ], [ -73.795659791152005, 40.761073972351561 ], [ -73.797643268290827, 40.756617515872549 ], [ -73.79324335753418, 40.753204517840928 ], [ -73.786860092913088, 40.754247425506115 ], [ -73.784875710107244, 40.75870354727158 ], [ -73.789275497476467, 40.762117096114956 ] ] ] } },
{ "type": "Feature", "properties": { "index": "882a100ac1fffff" }, "geometry": { "type": "Polygon", "coordinates": [ [ [ -73.899945015901821, 40.859793418781109 ], [ -73.906340713963587, 40.858743120260861 ], [ -73.908317971687325, 40.854279215248255 ], [ -73.903900443579332, 40.850865942035462 ], [ -73.897505777171133, 40.851916021959759 ], [ -73.895527607330663, 40.856379593662879 ], [ -73.899945015901821, 40.859793418781109 ] ] ] } },
{ "type": "Feature", "properties": { "index": "882a1060c5fffff" }, "geometry": { "type": "Polygon", "coordinates": [ [ [ -74.167997831159013, 40.559098765889104 ], [ -74.174348020419558, 40.55803686676834 ], [ -74.176287712537487, 40.553584563448268 ], [ -74.17187812234539, 40.550194486285982 ], [ -74.165528947492533, 40.551256162325863 ], [ -74.163588348534105, 40.555708138578616 ], [ -74.167997831159013, 40.559098765889104 ] ] ] } },
{ "type": "Feature", "properties": { "index": "882a107461fffff" }, "geometry": { "type": "Polygon", "coordinates": [ [ [ -73.995456134348132, 40.616697459563362 ], [ -74.001817157197124, 40.615644455478304 ], [ -74.003775315359547, 40.611192146481983 ], [ -73.999373355777294, 40.607793171911744 ], [ -73.993013352497016, 40.608845956183721 ], [ -73.991054289341449, 40.613297934809083 ], [ -73.995456134348132, 40.616697459563362 ] ] ] } },
{ "type": "Feature", "properties": { "index": "882a106217fffff" }, "geometry": { "type": "Polygon", "coordinates": [ [ [ -74.123145708024978, 40.607874747118736 ], [ -74.129503287359825, 40.606814784606229 ], [ -74.131449175725464, 40.602360598790668 ], [ -74.127038392535937, 40.598966703560684 ], [ -74.120681830413915, 40.600026443740475 ], [ -74.118735034379171, 40.604480301452753 ], [ -74.123145708024978, 40.607874747118736 ] ] ] } },
{ "type": "Feature", "properties": { "index": "882a106205fffff" }, "geometry": { "type": "Polygon", "coordinates": [ [ [ -74.141317413453891, 40.633758386322505 ], [ -74.14767816984903, 40.632697135303758 ], [ -74.149623433368305, 40.628241180078724 ], [ -74.145208849700012, 40.624846803763319 ], [ -74.138849111355043, 40.625907832011215 ], [ -74.136902938738857, 40.63036345931507 ], [ -74.141317413453891, 40.633758386322505 ] ] ] } },
{ "type": "Feature", "properties": { "index": "882a100dd3fffff" }, "geometry": { "type": "Polygon", "coordinates": [ [ [ -73.906251281515594, 40.685099169491423 ], [ -73.912623116981251, 40.684050368273063 ], [ -73.914592446074963, 40.679595945861351 ], [ -73.910190845320074, 40.676190656917569 ], [ -73.903820033763381, 40.677239239909525 ], [ -73.901849799164637, 40.681693330041924 ], [ -73.906251281515594, 40.685099169491423 ] ] ] } },
{ "type": "Feature", "properties": { "index": "882a107295fffff" }, "geometry": { "type": "Polygon", "coordinates": [ [ [ -74.009146990295577, 40.692905648430887 ], [ -74.015518096249266, 40.691851064696301 ], [ -74.01747815304455, 40.68739428778192 ], [ -74.013068012255943, 40.683992425105146 ], [ -74.006697928971306, 40.685046788533 ], [ -74.004736963917878, 40.689503234914326 ], [ -74.009146990295577, 40.692905648430887 ] ] ] } },
{ "type": "Feature", "properties": { "index": "882a100519fffff" }, "geometry": { "type": "Polygon", "coordinates": [ [ [ -73.722185944559556, 40.74000774415029 ], [ -73.72856836319238, 40.738968575018369 ], [ -73.730557159860822, 40.734514607594996 ], [ -73.726164441204773, 40.731100145029416 ], [ -73.719783051669665, 40.732139099472469 ], [ -73.717793351806051, 40.736592731140611 ], [ -73.722185944559556, 40.74000774415029 ] ] ] } },
{ "type": "Feature", "properties": { "index": "882a10621dfffff" }, "geometry": { "type": "Polygon", "coordinates": [ [ [ -74.117303936045829, 40.62123839474549 ], [ -74.123663426570047, 40.620178608110727 ], [ -74.125610412880846, 40.615723789320889 ], [ -74.121198816825697, 40.612329085410344 ], [ -74.114840344183492, 40.613388649789393 ], [ -74.112892449825111, 40.617843140304466 ], [ -74.117303936045829, 40.62123839474549 ] ] ] } },
{ "type": "Feature", "properties": { "index": "882a100d65fffff" }, "geometry": { "type": "Polygon", "coordinates": [ [ [ -73.982140602710786, 40.767648271163239 ], [ -73.988522328408948, 40.766594382212226 ], [ -73.990488030045611, 40.762133990966063 ], [ -73.986072916605409, 40.758727820035865 ], [ -73.979692217253685, 40.759781489005114 ], [ -73.97772560510802, 40.764241548856312 ], [ -73.982140602710786, 40.767648271163239 ] ] ] } },
{ "type": "Feature", "properties": { "index": "882a107699fffff" }, "geometry": { "type": "Polygon", "coordinates": [ [ [ -73.880613515341878, 40.569634165391456 ], [ -73.886970158842672, 40.568588011550055 ], [ -73.888937042593199, 40.564140455190781 ], [ -73.884548183412107, 40.560739384755401 ], [ -73.878192559192229, 40.561785321211637 ], [ -73.876224774983811, 40.56623254545886 ], [ -73.880613515341878, 40.569634165391456 ] ] ] } },
{ "type": "Feature", "properties": { "index": "882a106053fffff" }, "geometry": { "type": "Polygon", "coordinates": [ [ [ -74.156348204987722, 40.585816685155102 ], [ -74.162702210846447, 40.584755132877412 ], [ -74.164644091131947, 40.580301559489641 ], [ -74.160232873266963, 40.576909865758743 ], [ -74.153879883150609, 40.577971195108049 ], [ -74.151937095267144, 40.58242444108631 ], [ -74.156348204987722, 40.585816685155102 ] ] ] } },
{ "type": "Feature", "properties": { "index": "882a106e0dfffff" }, "geometry": { "type": "Polygon", "coordinates": [ [ [ -74.231786178833445, 40.507141451622005 ], [ -74.238128214031462, 40.506076617311692 ], [ -74.240059825029547, 40.501626038121266 ], [ -74.235650307267591, 40.49824061889543 ], [ -74.229309283244618, 40.499305229013324 ], [ -74.227376765917967, 40.503755482519097 ], [ -74.231786178833445, 40.507141451622005 ] ] ] } },
{ "type": "Feature", "properties": { "index": "882a100a43fffff" }, "geometry": { "type": "Polygon", "coordinates": [ [ [ -73.914597769175998, 40.907073245499689 ], [ -73.920999663652438, 40.906021633904736 ], [ -73.922977542122098, 40.901554866627329 ], [ -73.918554440539594, 40.898140044217584 ], [ -73.912153579572561, 40.899191436788151 ], [ -73.910174786792169, 40.903657870762871 ], [ -73.914597769175998, 40.907073245499689 ] ] ] } },
{ "type": "Feature", "properties": { "index": "882a100543fffff" }, "geometry": { "type": "Polygon", "coordinates": [ [ [ -73.729399486895687, 40.76361812711334 ], [ -73.73578499467493, 40.762578313494281 ], [ -73.73777411879405, 40.758122911816479 ], [ -73.733378639525668, 40.754707659485064 ], [ -73.726994161770918, 40.755747258204934 ], [ -73.725004133373332, 40.760202324126048 ], [ -73.729399486895687, 40.76361812711334 ] ] ] } },
{ "type": "Feature", "properties": { "index": "882a100515fffff" }, "geometry": { "type": "Polygon", "coordinates": [ [ [ -73.741332455597799, 40.736889206012442 ], [ -73.747714129082695, 40.735849006233174 ], [ -73.749701009783934, 40.731394846069108 ], [ -73.745307120651219, 40.727981221063004 ], [ -73.738926475839364, 40.729021205777336 ], [ -73.73693869160023, 40.733475030533313 ], [ -73.741332455597799, 40.736889206012442 ] ] ] } },
{ "type": "Feature", "properties": { "index": "882a100f41fffff" }, "geometry": { "type": "Polygon", "coordinates": [ [ [ -73.882887628493918, 40.804667108478597 ], [ -73.889276111462195, 40.803618338633626 ], [ -73.891252642709503, 40.799157776721472 ], [ -73.88684160066785, 40.7957463179402 ], [ -73.88045414719376, 40.796794869687766 ], [ -73.878476706380084, 40.801255098284194 ], [ -73.882887628493918, 40.804667108478597 ] ] ] } },
{ "type": "Feature", "properties": { "index": "882a10765dfffff" }, "geometry": { "type": "Polygon", "coordinates": [ [ [ -73.894103218179353, 40.645806928564888 ], [ -73.900469937152394, 40.644759217768573 ], [ -73.902438752511316, 40.640307192718993 ], [ -73.898041752711265, 40.636903210718195 ], [ -73.891676056121682, 40.63795070364295 ], [ -73.889706337060474, 40.642402396410368 ], [ -73.894103218179353, 40.645806928564888 ] ] ] } },
{ "type": "Feature", "properties": { "index": "882a100105fffff" }, "geometry": { "type": "Polygon", "coordinates": [ [ [ -73.866434063729201, 40.881847585638276 ], [ -73.872833347769429, 40.880798921335739 ], [ -73.874814671721396, 40.876334442088101 ], [ -73.870397623913277, 40.872918961121634 ], [ -73.863999373012177, 40.873967407439523 ], [ -73.862017136893655, 40.878431552678691 ], [ -73.866434063729201, 40.881847585638276 ] ] ] } },
{ "type": "Feature", "properties": { "index": "882a10608bfffff" }, "geometry": { "type": "Polygon", "coordinates": [ [ [ -74.160593662272262, 40.535573174163517 ], [ -74.16694080920864, 40.534511944068399 ], [ -74.168880221803448, 40.530061084864641 ], [ -74.164473393332457, 40.526671782799674 ], [ -74.158127259905072, 40.527732790030825 ], [ -74.156186941549564, 40.532183322160655 ], [ -74.160593662272262, 40.535573174163517 ] ] ] } },
{ "type": "Feature", "properties": { "index": "882a1008bbfffff" }, "geometry": { "type": "Polygon", "coordinates": [ [ [ -73.976239351893994, 40.781030511439475 ], [ -73.982622999997517, 40.779976807047326 ], [ -73.984589813485073, 40.775515790308447 ], [ -73.980173889868652, 40.772108809499571 ], [ -73.973791268787977, 40.773162293989728 ], [ -73.971823544413212, 40.777622979160725 ], [ -73.976239351893994, 40.781030511439475 ] ] ] } },
{ "type": "Feature", "properties": { "index": "882a100e21fffff" }, "geometry": { "type": "Polygon", "coordinates": [ [ [ -73.851576899576372, 40.768454274629626 ], [ -73.857960993625937, 40.76740762488884 ], [ -73.859938924529771, 40.76294964195457 ], [ -73.855533668908905, 40.759538642399278 ], [ -73.849150603244681, 40.760585074773282 ], [ -73.847171764928845, 40.765042724039638 ], [ -73.851576899576372, 40.768454274629626 ] ] ] } },
{ "type": "Feature", "properties": { "index": "882a1039e9fffff" }, "geometry": { "type": "Polygon", "coordinates": [ [ [ -73.836552207146497, 40.589246580437859 ], [ -73.842912254144366, 40.58820265267984 ], [ -73.844884055500671, 40.583754837320569 ], [ -73.840496710128818, 40.58035128266728 ], [ -73.834137683929285, 40.581394993865132 ], [ -73.832164982414866, 40.585842476246945 ], [ -73.836552207146497, 40.589246580437859 ] ] ] } },
{ "type": "Feature", "properties": { "index": "882a100ad9fffff" }, "geometry": { "type": "Polygon", "coordinates": [ [ [ -73.875884937099102, 40.847186877407566 ], [ -73.882279331950741, 40.846138050095597 ], [ -73.884258309192973, 40.841675289215885 ], [ -73.879843802744247, 40.838261689279896 ], [ -73.873450439361406, 40.83931029851496 ], [ -73.871470551071766, 40.843772725733125 ], [ -73.875884937099102, 40.847186877407566 ] ] ] } },
{ "type": "Feature", "properties": { "index": "882a106259fffff" }, "geometry": { "type": "Polygon", "coordinates": [ [ [ -74.092373121633173, 40.637780730407265 ], [ -74.098735293032391, 40.636722140282977 ], [ -74.100685290722367, 40.63226686581865 ], [ -74.096274025222854, 40.628870510243978 ], [ -74.089912872809705, 40.629928878560818 ], [ -74.087961967020902, 40.634383824229587 ], [ -74.092373121633173, 40.637780730407265 ] ] ] } },
{ "type": "Feature", "properties": { "index": "882a100a85fffff" }, "geometry": { "type": "Polygon", "coordinates": [ [ [ -73.925058146631812, 40.843250017754038 ], [ -73.931451154889047, 40.842198496501865 ], [ -73.933425366386572, 40.837735024864585 ], [ -73.929007481817351, 40.834323407234983 ], [ -73.92261550409998, 40.835374709433822 ], [ -73.920640380524986, 40.839837848285626 ], [ -73.925058146631812, 40.843250017754038 ] ] ] } },
{ "type": "Feature", "properties": { "index": "882a106255fffff" }, "geometry": { "type": "Polygon", "coordinates": [ [ [ -74.111458867440703, 40.634603939807661 ], [ -74.11782027016703, 40.633544329554077 ], [ -74.11976835531199, 40.629088878282033 ], [ -74.115355946267655, 40.625693365679673 ], [ -74.108995562093156, 40.626752753754708 ], [ -74.107046568521938, 40.631207876580419 ], [ -74.111458867440703, 40.634603939807661 ] ] ] } },
{ "type": "Feature", "properties": { "index": "882a10012dfffff" }, "geometry": { "type": "Polygon", "coordinates": [ [ [ -73.888069769630519, 40.886580816121231 ], [ -73.894469326464218, 40.885530897356553 ], [ -73.896448825023697, 40.881065750619108 ], [ -73.892029679735771, 40.877650856273426 ], [ -73.885631155917309, 40.878700556605082 ], [ -73.883650744485038, 40.883165369685521 ], [ -73.888069769630519, 40.886580816121231 ] ] ] } },
{ "type": "Feature", "properties": { "index": "882a106001fffff" }, "geometry": { "type": "Polygon", "coordinates": [ [ [ -74.188650099056886, 40.592805145001343 ], [ -74.195004470274668, 40.591741732748851 ], [ -74.196943625711256, 40.587287178187111 ], [ -74.192529318665649, 40.58389636272959 ], [ -74.186175962987733, 40.584959551390604 ], [ -74.184235898925749, 40.58941377907022 ], [ -74.188650099056886, 40.592805145001343 ] ] ] } },
{ "type": "Feature", "properties": { "index": "882a103a6dfffff" }, "geometry": { "type": "Polygon", "coordinates": [ [ [ -73.730466762953824, 40.668477171470251 ], [ -73.736839331281828, 40.667438283940875 ], [ -73.738824332548816, 40.662988096471089 ], [ -73.734437666248738, 40.659577131731631 ], [ -73.728066123765146, 40.660615804603985 ], [ -73.726080221849855, 40.665065656843517 ], [ -73.730466762953824, 40.668477171470251 ] ] ] } },
{ "type": "Feature", "properties": { "index": "882a10396dfffff" }, "geometry": { "type": "Polygon", "coordinates": [ [ [ -73.864238493968472, 40.646588709270766 ], [ -73.87060583090927, 40.645542642990499 ], [ -73.872577460257887, 40.641091135672717 ], [ -73.86818265579663, 40.637686027408897 ], [ -73.861816341727462, 40.638731876412919 ], [ -73.85984380935983, 40.643183050927377 ], [ -73.864238493968472, 40.646588709270766 ] ] ] } },
{ "type": "Feature", "properties": { "index": "882a100a4bfffff" }, "geometry": { "type": "Polygon", "coordinates": [ [ [ -73.906216079497838, 40.912591358769291 ], [ -73.912618872747558, 40.911540156226771 ], [ -73.914597769175998, 40.907073245499689 ], [ -73.910174786792169, 40.903657870762871 ], [ -73.903773027424464, 40.904708854433899 ], [ -73.901793216672218, 40.909175431683288 ], [ -73.906216079497838, 40.912591358769291 ] ] ] } },
{ "type": "Feature", "properties": { "index": "882a100127fffff" }, "geometry": { "type": "Polygon", "coordinates": [ [ [ -73.894009074131205, 40.873186186540643 ], [ -73.900406701067922, 40.872136077641386 ], [ -73.902385078754875, 40.867671551513581 ], [ -73.897966742113184, 40.864257467738291 ], [ -73.891570147510564, 40.865307358122955 ], [ -73.889590857328955, 40.869771550767574 ], [ -73.894009074131205, 40.873186186540643 ] ] ] } },
{ "type": "Feature", "properties": { "index": "882a100e5bfffff" }, "geometry": { "type": "Polygon", "coordinates": [ [ [ -73.780905824020081, 40.767616412116396 ], [ -73.787291007328065, 40.766573695966407 ], [ -73.789275497476467, 40.762117096114956 ], [ -73.784875710107244, 40.75870354727158 ], [ -73.778491556221539, 40.759746047476135 ], [ -73.776506160395883, 40.764202312439991 ], [ -73.780905824020081, 40.767616412116396 ] ] ] } },
{ "type": "Feature", "properties": { "index": "882a106287fffff" }, "geometry": { "type": "Polygon", "coordinates": [ [ [ -74.121594177888824, 40.570974632579059 ], [ -74.127946798316245, 40.569915161704117 ], [ -74.129891305659243, 40.565463052051193 ], [ -74.125484098894546, 40.562070741180861 ], [ -74.119132494109095, 40.563129989862603 ], [ -74.117187080556661, 40.567581771577679 ], [ -74.121594177888824, 40.570974632579059 ] ] ] } },
{ "type": "Feature", "properties": { "index": "882a100eb3fffff" }, "geometry": { "type": "Polygon", "coordinates": [ [ [ -73.816581088360607, 40.687430491766129 ], [ -73.822954774696271, 40.686386634203075 ], [ -73.824932558177352, 40.681933771122743 ], [ -73.820537558882492, 40.678525099420426 ], [ -73.814164897921117, 40.679568740546543 ], [ -73.812186210992692, 40.684021269782399 ], [ -73.816581088360607, 40.687430491766129 ] ] ] } },
{ "type": "Feature", "properties": { "index": "882a1018b3fffff" }, "geometry": { "type": "Polygon", "coordinates": [ [ [ -73.884566224246583, 40.907859731279324 ], [ -73.890968746006934, 40.906809784740496 ], [ -73.89294947072959, 40.902343541144987 ], [ -73.88852858742257, 40.898927577888308 ], [ -73.882127099669177, 40.899977306004423 ], [ -73.880145461329576, 40.904443215770044 ], [ -73.884566224246583, 40.907859731279324 ] ] ] } },
{ "type": "Feature", "properties": { "index": "882a103b39fffff" }, "geometry": { "type": "Polygon", "coordinates": [ [ [ -73.793749555862703, 40.645763404344315 ], [ -73.800117979944673, 40.644721248746755 ], [ -73.802096135854697, 40.640271115665641 ], [ -73.797706769094063, 40.636863472170013 ], [ -73.791339368914322, 40.637905411905137 ], [ -73.789360311705167, 40.642355210968908 ], [ -73.793749555862703, 40.645763404344315 ] ] ] } },
{ "type": "Feature", "properties": { "index": "882a100ed3fffff" }, "geometry": { "type": "Polygon", "coordinates": [ [ [ -73.772384752315176, 40.707044956545595 ], [ -73.778761849079558, 40.706003343990545 ], [ -73.780744576023409, 40.701550236411698 ], [ -73.776351109454467, 40.698139076071115 ], [ -73.769975039589042, 40.699180473020768 ], [ -73.767991409506322, 40.703633245886948 ], [ -73.772384752315176, 40.707044956545595 ] ] ] } },
{ "type": "Feature", "properties": { "index": "882a100c83fffff" }, "geometry": { "type": "Polygon", "coordinates": [ [ [ -73.860742126445928, 40.667803310435211 ], [ -73.867112398193456, 40.666757213193975 ], [ -73.869085243126122, 40.662304600256718 ], [ -73.8646887201743, 40.658898417507345 ], [ -73.858319472275369, 40.659944297482269 ], [ -73.85634572359173, 40.664396577443242 ], [ -73.860742126445928, 40.667803310435211 ] ] ] } },
{ "type": "Feature", "properties": { "index": "882a103b55fffff" }, "geometry": { "type": "Polygon", "coordinates": [ [ [ -73.768698454798653, 40.66223871244749 ], [ -73.775069534875513, 40.661197771710683 ], [ -73.777050715624256, 40.656747203266356 ], [ -73.77266171773789, 40.653337910067002 ], [ -73.766291662658858, 40.654378635397343 ], [ -73.764309580580758, 40.658828869304109 ], [ -73.768698454798653, 40.66223871244749 ] ] ] } },
{ "type": "Feature", "properties": { "index": "882a100c9bfffff" }, "geometry": { "type": "Polygon", "coordinates": [ [ [ -73.836791458120274, 40.655220965247118 ], [ -73.84316043324354, 40.654176327120972 ], [ -73.845134980469609, 40.649724859703596 ], [ -73.840741455378421, 40.646318363706683 ], [ -73.834373503918911, 40.64736278508164 ], [ -73.832398053998901, 40.651813919175112 ], [ -73.836791458120274, 40.655220965247118 ] ] ] } },
{ "type": "Feature", "properties": { "index": "882a100e65fffff" }, "geometry": { "type": "Polygon", "coordinates": [ [ [ -73.848065749614634, 40.789700652200004 ], [ -73.854452793763855, 40.788653974527541 ], [ -73.856431947585349, 40.784194891007296 ], [ -73.852024965519817, 40.780782818970984 ], [ -73.845638950740707, 40.781829279287322 ], [ -73.843658888770037, 40.786288028966382 ], [ -73.848065749614634, 40.789700652200004 ] ] ] } },
{ "type": "Feature", "properties": { "index": "882a100151fffff" }, "geometry": { "type": "Polygon", "coordinates": [ [ [ -73.825604560220327, 40.88025083207387 ], [ -73.832004326793836, 40.879204458360206 ], [ -73.833989403598395, 40.874740839273613 ], [ -73.829575625061054, 40.871323928580523 ], [ -73.823176892181564, 40.872370085135351 ], [ -73.82119090425914, 40.876833369512347 ], [ -73.825604560220327, 40.88025083207387 ] ] ] } },
{ "type": "Feature", "properties": { "index": "882a107759fffff" }, "geometry": { "type": "Polygon", "coordinates": [ [ [ -73.958708617910801, 40.659932475784458 ], [ -73.965076134322317, 40.658881038799265 ], [ -73.967039520173628, 40.654427023714746 ], [ -73.962636295510819, 40.651024776821991 ], [ -73.956269801109755, 40.652075994603479 ], [ -73.954305509472661, 40.656529678451534 ], [ -73.958708617910801, 40.659932475784458 ] ] ] } },
{ "type": "Feature", "properties": { "index": "882a100ae7fffff" }, "geometry": { "type": "Polygon", "coordinates": [ [ [ -73.938315393785331, 40.853486455870929 ], [ -73.94470956664307, 40.852434088973915 ], [ -73.946682967984742, 40.847969807228743 ], [ -73.942263109375844, 40.84455822495898 ], [ -73.935869967303219, 40.845610372507387 ], [ -73.933895653167482, 40.850074321644186 ], [ -73.938315393785331, 40.853486455870929 ] ] ] } },
{ "type": "Feature", "properties": { "index": "882a107443fffff" }, "geometry": { "type": "Polygon", "coordinates": [ [ [ -73.963171417082322, 40.609653308213773 ], [ -73.969532048828455, 40.608602164432931 ], [ -73.971492920933585, 40.604150847072894 ], [ -73.967094065360016, 40.600751004358031 ], [ -73.960734453372226, 40.601801928990533 ], [ -73.95877267731089, 40.606252915456388 ], [ -73.963171417082322, 40.609653308213773 ] ] ] } },
{ "type": "Feature", "properties": { "index": "882a100c33fffff" }, "geometry": { "type": "Polygon", "coordinates": [ [ [ -73.891993066925679, 40.703966910043086 ], [ -73.89836770745795, 40.702918698567579 ], [ -73.900339157028142, 40.69846350344595 ], [ -73.895936872069868, 40.695056852396341 ], [ -73.889563256487065, 40.696104845877279 ], [ -73.887590901025305, 40.700559708372658 ], [ -73.891993066925679, 40.703966910043086 ] ] ] } },
{ "type": "Feature", "properties": { "index": "882a10002bfffff" }, "geometry": { "type": "Polygon", "coordinates": [ [ [ -73.799132508184911, 40.859745897597961 ], [ -73.805529929195458, 40.858701210966309 ], [ -73.807516613762573, 40.854239215411056 ], [ -73.803106787114245, 40.850822241518408 ], [ -73.796710399298092, 40.851866711581245 ], [ -73.794722805049588, 40.856328372075915 ], [ -73.799132508184911, 40.859745897597961 ] ] ] } },
{ "type": "Feature", "properties": { "index": "882a103957fffff" }, "geometry": { "type": "Polygon", "coordinates": [ [ [ -73.824709814919359, 40.615937489435161 ], [ -73.831073674778821, 40.614893934359479 ], [ -73.833047696983343, 40.610444865125999 ], [ -73.828658760337717, 40.607039684262702 ], [ -73.82229592261514, 40.608083022939823 ], [ -73.820320999513172, 40.612531758849322 ], [ -73.824709814919359, 40.615937489435161 ] ] ] } },
{ "type": "Feature", "properties": { "index": "882a106219fffff" }, "geometry": { "type": "Polygon", "coordinates": [ [ [ -74.106533083900572, 40.618902306273121 ], [ -74.112892449825111, 40.617843140304466 ], [ -74.114840344183492, 40.613388649789393 ], [ -74.110429780431716, 40.609993653663075 ], [ -74.104071432455484, 40.611052597597428 ], [ -74.102122630393453, 40.615506759662196 ], [ -74.106533083900572, 40.618902306273121 ] ] ] } },
{ "type": "Feature", "properties": { "index": "882a1062d3fffff" }, "geometry": { "type": "Polygon", "coordinates": [ [ [ -74.081017499122666, 40.569478367012856 ], [ -74.087370636425362, 40.568421151414135 ], [ -74.089318862697198, 40.563969873576141 ], [ -74.084914856974081, 40.560576139943095 ], [ -74.07856273587737, 40.561633134160594 ], [ -74.076613604408251, 40.566084083362313 ], [ -74.081017499122666, 40.569478367012856 ] ] ] } },
{ "type": "Feature", "properties": { "index": "882a1000b9fffff" }, "geometry": { "type": "Polygon", "coordinates": [ [ [ -73.768987194702092, 40.79435997313368 ], [ -73.775376218419026, 40.793317641553088 ], [ -73.777362951362377, 40.78885980013073 ], [ -73.772961567123829, 40.785444625495366 ], [ -73.766573574183184, 40.78648674129559 ], [ -73.764585934818186, 40.790944247481981 ], [ -73.768987194702092, 40.79435997313368 ] ] ] } },
{ "type": "Feature", "properties": { "index": "882a103b27fffff" }, "geometry": { "type": "Polygon", "coordinates": [ [ [ -73.826029215949973, 40.652857936522807 ], [ -73.832398053998901, 40.651813919175112 ], [ -73.834373503918911, 40.64736278508164 ], [ -73.829981018247423, 40.643956001803737 ], [ -73.823613203922278, 40.644999802622436 ], [ -73.821636851656919, 40.649450603218476 ], [ -73.826029215949973, 40.652857936522807 ] ] ] } },
{ "type": "Feature", "properties": { "index": "882a1039cdfffff" }, "geometry": { "type": "Polygon", "coordinates": [ [ [ -73.817470571136951, 40.592376320473335 ], [ -73.823831365500652, 40.59133341438212 ], [ -73.825805072117433, 40.586885785029295 ], [ -73.82141888430418, 40.583481395061781 ], [ -73.815059111162739, 40.584524084965629 ], [ -73.813084504723989, 40.58897138099492 ], [ -73.817470571136951, 40.592376320473335 ] ] ] } },
{ "type": "Feature", "properties": { "index": "882a100c0bfffff" }, "geometry": { "type": "Polygon", "coordinates": [ [ [ -73.869370635915757, 40.728340473132008 ], [ -73.875748973857, 40.727293258186222 ], [ -73.877723556789903, 40.722837146013788 ], [ -73.873320708184025, 40.719428581904701 ], [ -73.866943396601698, 40.720475579240059 ], [ -73.864967907378826, 40.724931358265209 ], [ -73.869370635915757, 40.728340473132008 ] ] ] } },
{ "type": "Feature", "properties": { "index": "882a100f5bfffff" }, "geometry": { "type": "Polygon", "coordinates": [ [ [ -73.856431947585349, 40.784194891007296 ], [ -73.862818099329047, 40.783147806320279 ], [ -73.864796239893252, 40.778688867135251 ], [ -73.860389136964145, 40.775277346274464 ], [ -73.854004014221474, 40.776324213452895 ], [ -73.852024965519817, 40.780782818970984 ], [ -73.856431947585349, 40.784194891007296 ] ] ] } },
{ "type": "Feature", "properties": { "index": "882a10765bfffff" }, "geometry": { "type": "Polygon", "coordinates": [ [ [ -73.880914532168603, 40.63559330585673 ], [ -73.887280094186664, 40.634546433404111 ], [ -73.889249709993109, 40.630095220353461 ], [ -73.884854666888188, 40.626691212182223 ], [ -73.878490127010039, 40.62773786705614 ], [ -73.876519608208653, 40.632188747650325 ], [ -73.880914532168603, 40.63559330585673 ] ] ] } },
{ "type": "Feature", "properties": { "index": "882a106285fffff" }, "geometry": { "type": "Polygon", "coordinates": [ [ [ -74.124056687533638, 40.578820015063776 ], [ -74.130410323903646, 40.577760321923527 ], [ -74.132354925954942, 40.573307731290882 ], [ -74.127946798316245, 40.569915161704117 ], [ -74.121594177888824, 40.570974632579059 ], [ -74.119648669267846, 40.575426895275832 ], [ -74.124056687533638, 40.578820015063776 ] ] ] } },
{ "type": "Feature", "properties": { "index": "882a106267fffff" }, "geometry": { "type": "Polygon", "coordinates": [ [ [ -74.154564750864367, 40.643943095808602 ], [ -74.16092664869764, 40.642881000556834 ], [ -74.162871096695881, 40.638424237257595 ], [ -74.158454556774231, 40.635029896922617 ], [ -74.152093677225523, 40.636091769109626 ], [ -74.150148319424559, 40.640548204666025 ], [ -74.154564750864367, 40.643943095808602 ] ] ] } },
{ "type": "Feature", "properties": { "index": "882a106009fffff" }, "geometry": { "type": "Polygon", "coordinates": [ [ [ -74.180354676345445, 40.59832286917969 ], [ -74.186709942143906, 40.597259853568708 ], [ -74.188650099056886, 40.592805145001343 ], [ -74.184235898925749, 40.58941377907022 ], [ -74.1778816490352, 40.590476571238291 ], [ -74.175940583478095, 40.594930952750019 ], [ -74.180354676345445, 40.59832286917969 ] ] ] } },
{ "type": "Feature", "properties": { "index": "882a100e25fffff" }, "geometry": { "type": "Polygon", "coordinates": [ [ [ -73.862367172722628, 40.770818885173554 ], [ -73.868751403397496, 40.769771611411016 ], [ -73.870728426538562, 40.765313294983443 ], [ -73.866322126880362, 40.761902585781968 ], [ -73.859938924529771, 40.76294964195457 ], [ -73.857960993625937, 40.76740762488884 ], [ -73.862367172722628, 40.770818885173554 ] ] ] } },
{ "type": "Feature", "properties": { "index": "882a100dc1fffff" }, "geometry": { "type": "Polygon", "coordinates": [ [ [ -73.924330133423837, 40.711040274108456 ], [ -73.930705176006811, 40.709990195215056 ], [ -73.932673905809821, 40.705534003262024 ], [ -73.928268500079696, 40.702128222275014 ], [ -73.921894482260299, 40.703178082506184 ], [ -73.919924845519589, 40.707633942356743 ], [ -73.924330133423837, 40.711040274108456 ] ] ] } },
{ "type": "Feature", "properties": { "index": "882a10743bfffff" }, "geometry": { "type": "Polygon", "coordinates": [ [ [ -73.983250424428547, 40.577447353079343 ], [ -73.989606352462076, 40.576395447345668 ], [ -73.991564013697058, 40.571945540529711 ], [ -73.987166650204145, 40.568547869793839 ], [ -73.980811740225903, 40.56959955607131 ], [ -73.978853175796246, 40.574049132511014 ], [ -73.983250424428547, 40.577447353079343 ] ] ] } },
{ "type": "Feature", "properties": { "index": "882a1001e7fffff" }, "geometry": { "type": "Polygon", "coordinates": [ [ [ -73.862643753234366, 40.836944389555484 ], [ -73.869036980081688, 40.835896406256232 ], [ -73.871016763594639, 40.831434456460343 ], [ -73.86660423070434, 40.828020823771581 ], [ -73.860212035078462, 40.829068589288831 ], [ -73.858231341234728, 40.833530205247072 ], [ -73.862643753234366, 40.836944389555484 ] ] ] } },
{ "type": "Feature", "properties": { "index": "882a1000b3fffff" }, "geometry": { "type": "Polygon", "coordinates": [ [ [ -73.774948192190053, 40.780987261829395 ], [ -73.781335295196413, 40.779944737707467 ], [ -73.783320906288779, 40.7754875168186 ], [ -73.778920320537409, 40.772073155083916 ], [ -73.772534247630006, 40.773115463342876 ], [ -73.770547730488261, 40.777572349170008 ], [ -73.774948192190053, 40.780987261829395 ] ] ] } },
{ "type": "Feature", "properties": { "index": "882a10744bfffff" }, "geometry": { "type": "Polygon", "coordinates": [ [ [ -73.954848019760121, 40.615155517745563 ], [ -73.961209540347625, 40.614104774877198 ], [ -73.963171417082322, 40.609653308213773 ], [ -73.95877267731089, 40.606252915456388 ], [ -73.952412176847815, 40.607303439326785 ], [ -73.950449396143028, 40.611754574922699 ], [ -73.954848019760121, 40.615155517745563 ] ] ] } },
{ "type": "Feature", "properties": { "index": "882a10771dfffff" }, "geometry": { "type": "Polygon", "coordinates": [ [ [ -73.983695633544002, 40.643415360227294 ], [ -73.990060477930584, 40.642362718247192 ], [ -73.992020845243886, 40.637909149871021 ], [ -73.987617274025183, 40.634508554160696 ], [ -73.981253450547612, 40.63556097648538 ], [ -73.979292177491118, 40.640014214145893 ], [ -73.983695633544002, 40.643415360227294 ] ] ] } },
{ "type": "Feature", "properties": { "index": "882a100ee1fffff" }, "geometry": { "type": "Polygon", "coordinates": [ [ [ -73.820315222997792, 40.732250302902422 ], [ -73.826694930233586, 40.731205768169509 ], [ -73.828674252808213, 40.726750366237781 ], [ -73.824274773522475, 40.723339833027154 ], [ -73.817896093562709, 40.724384151122386 ], [ -73.815915865725344, 40.728839219036338 ], [ -73.820315222997792, 40.732250302902422 ] ] ] } },
{ "type": "Feature", "properties": { "index": "882a100aebfffff" }, "geometry": { "type": "Polygon", "coordinates": [ [ [ -73.919131348422326, 40.856641488717528 ], [ -73.925526284530847, 40.855590155791177 ], [ -73.927501614062024, 40.851126062021173 ], [ -73.923082920053616, 40.847713634106562 ], [ -73.916689015164721, 40.848764748060546 ], [ -73.914712773177797, 40.853228508871553 ], [ -73.919131348422326, 40.856641488717528 ] ] ] } },
{ "type": "Feature", "properties": { "index": "882a100ce1fffff" }, "geometry": { "type": "Polygon", "coordinates": [ [ [ -73.878788531422913, 40.693745276773598 ], [ -73.885162012007882, 40.69269790534922 ], [ -73.887134263886054, 40.68824352192037 ], [ -73.882733940473031, 40.68483684268729 ], [ -73.876361484593005, 40.68588399641056 ], [ -73.874388327533268, 40.690338047038303 ], [ -73.878788531422913, 40.693745276773598 ] ] ] } },
{ "type": "Feature", "properties": { "index": "882a100069fffff" }, "geometry": { "type": "Polygon", "coordinates": [ [ [ -73.787200671632959, 40.886521815028253 ], [ -73.793601948666662, 40.885477515647949 ], [ -73.795590883205008, 40.881014282845868 ], [ -73.791179451254948, 40.877595684803786 ], [ -73.784779208777607, 40.878639767780847 ], [ -73.782789363807922, 40.88310266517356 ], [ -73.787200671632959, 40.886521815028253 ] ] ] } },
{ "type": "Feature", "properties": { "index": "882a1062e7fffff" }, "geometry": { "type": "Polygon", "coordinates": [ [ [ -74.137284646511077, 40.588999308166414 ], [ -74.143639422679271, 40.58793877284841 ], [ -74.145583212112712, 40.583485373558297 ], [ -74.141173132761423, 40.580092837314396 ], [ -74.134819372769925, 40.581153150073845 ], [ -74.132874676063409, 40.585606221605488 ], [ -74.137284646511077, 40.588999308166414 ] ] ] } },
{ "type": "Feature", "properties": { "index": "882a10676dfffff" }, "geometry": { "type": "Polygon", "coordinates": [ [ [ -74.114211602519831, 40.54744292466787 ], [ -74.120561176922678, 40.54638412015629 ], [ -74.122505399822941, 40.541933453926298 ], [ -74.118100953560457, 40.538541920121261 ], [ -74.111752393898485, 40.539600502655816 ], [ -74.109807265868284, 40.544050840942262 ], [ -74.114211602519831, 40.54744292466787 ] ] ] } },
{ "type": "Feature", "properties": { "index": "882a100899fffff" }, "geometry": { "type": "Polygon", "coordinates": [ [ [ -73.948731824506723, 40.789702812905588 ], [ -73.95511713156273, 40.788650543468499 ], [ -73.957086879984203, 40.784189565394982 ], [ -73.952672232028021, 40.780781188820797 ], [ -73.946287952798755, 40.781833238882271 ], [ -73.944317293811537, 40.786293884863575 ], [ -73.948731824506723, 40.789702812905588 ] ] ] } },
{ "type": "Feature", "properties": { "index": "882a10383dfffff" }, "geometry": { "type": "Polygon", "coordinates": [ [ [ -73.78764038672368, 40.59313848520177 ], [ -73.794001788769862, 40.592097220234095 ], [ -73.795978300128255, 40.587650111330184 ], [ -73.791594308689554, 40.584244601206741 ], [ -73.785233928347822, 40.58528565058181 ], [ -73.783256517852195, 40.589732425643547 ], [ -73.78764038672368, 40.59313848520177 ] ] ] } },
{ "type": "Feature", "properties": { "index": "882a100cb1fffff" }, "geometry": { "type": "Polygon", "coordinates": [ [ [ -73.877426463779855, 40.65680563286471 ], [ -73.88379495920131, 40.655758728292625 ], [ -73.885765788699928, 40.651306408790433 ], [ -73.881369026615985, 40.647901326459873 ], [ -73.875001554310444, 40.648948013462835 ], [ -73.873029821084856, 40.653400000335843 ], [ -73.877426463779855, 40.65680563286471 ] ] ] } },
{ "type": "Feature", "properties": { "index": "882a10768dfffff" }, "geometry": { "type": "Polygon", "coordinates": [ [ [ -73.906959620519501, 40.590043717925617 ], [ -73.91331857120872, 40.588995890779458 ], [ -73.915283857474805, 40.584546709912161 ], [ -73.910891095030109, 40.581145687925847 ], [ -73.90453316410661, 40.5821932971024 ], [ -73.9025669759734, 40.586642146205172 ], [ -73.906959620519501, 40.590043717925617 ] ] ] } },
{ "type": "Feature", "properties": { "index": "882a100d07fffff" }, "geometry": { "type": "Polygon", "coordinates": [ [ [ -73.964007182902535, 40.741696796317399 ], [ -73.970385698954345, 40.740644190719422 ], [ -73.972352008705158, 40.736185566818079 ], [ -73.967940711586891, 40.732779880059141 ], [ -73.961563221027319, 40.73383226611287 ], [ -73.95959600220597, 40.73829055843985 ], [ -73.964007182902535, 40.741696796317399 ] ] ] } },
{ "type": "Feature", "properties": { "index": "882a100197fffff" }, "geometry": { "type": "Polygon", "coordinates": [ [ [ -73.831327635507279, 40.800711384409333 ], [ -73.837716464372647, 40.799665521600467 ], [ -73.839697645686712, 40.795206150178878 ], [ -73.835290906420596, 40.791792975726224 ], [ -73.828903107663578, 40.792838621484165 ], [ -73.826921018177458, 40.797297658716012 ], [ -73.831327635507279, 40.800711384409333 ] ] ] } },
{ "type": "Feature", "properties": { "index": "882a100d21fffff" }, "geometry": { "type": "Polygon", "coordinates": [ [ [ -73.98558983083457, 40.746402560980208 ], [ -73.991968609474668, 40.745348708041114 ], [ -73.993933100038518, 40.740889421517295 ], [ -73.989519721842157, 40.737484319126047 ], [ -73.98314196856704, 40.738537952075355 ], [ -73.981176568235426, 40.742996907375677 ], [ -73.98558983083457, 40.746402560980208 ] ] ] } },
{ "type": "Feature", "properties": { "index": "882a107219fffff" }, "geometry": { "type": "Polygon", "coordinates": [ [ [ -74.007177166146406, 40.751104660594223 ], [ -74.013556205527422, 40.750049559930538 ], [ -74.015518875510452, 40.745589611486508 ], [ -74.01110341668911, 40.742185094548333 ], [ -74.004725402544778, 40.743239974776692 ], [ -74.002761822097142, 40.747699592348489 ], [ -74.007177166146406, 40.751104660594223 ] ] ] } },
{ "type": "Feature", "properties": { "index": "882a100c17fffff" }, "geometry": { "type": "Polygon", "coordinates": [ [ [ -73.872867634950836, 40.707109490884079 ], [ -73.879243030529196, 40.706062306249287 ], [ -73.881216395429419, 40.701607297569126 ], [ -73.876815270418462, 40.698199806468416 ], [ -73.870440900218426, 40.699246773482784 ], [ -73.868466629763333, 40.703701449188571 ], [ -73.872867634950836, 40.707109490884079 ] ] ] } },
{ "type": "Feature", "properties": { "index": "882a10006bfffff" }, "geometry": { "type": "Polygon", "coordinates": [ [ [ -73.784779208777607, 40.878639767780847 ], [ -73.791179451254948, 40.877595684803786 ], [ -73.793168278124611, 40.873132928762374 ], [ -73.788757772697537, 40.869714591077965 ], [ -73.782358564465795, 40.870758457722431 ], [ -73.780368827529415, 40.875220878354263 ], [ -73.784779208777607, 40.878639767780847 ] ] ] } },
{ "type": "Feature", "properties": { "index": "882a10016bfffff" }, "geometry": { "type": "Polygon", "coordinates": [ [ [ -73.860485916760425, 40.895242071655055 ], [ -73.86688713103824, 40.894193598702422 ], [ -73.868869577529097, 40.889728499699189 ], [ -73.864451722399863, 40.886312207801268 ], [ -73.858051541942729, 40.887360462851184 ], [ -73.856068182907848, 40.891825227671923 ], [ -73.860485916760425, 40.895242071655055 ] ] ] } },
{ "type": "Feature", "properties": { "index": "882a100559fffff" }, "geometry": { "type": "Polygon", "coordinates": [ [ [ -73.707839238814955, 40.758863990806674 ], [ -73.714224461271456, 40.75782542391309 ], [ -73.716215393595078, 40.753370693922164 ], [ -73.711822007149053, 40.749954866899031 ], [ -73.705437814832692, 40.750993219340089 ], [ -73.703445978935576, 40.755447613227474 ], [ -73.707839238814955, 40.758863990806674 ] ] ] } },
{ "type": "Feature", "properties": { "index": "882a100dd7fffff" }, "geometry": { "type": "Polygon", "coordinates": [ [ [ -73.917025638990808, 40.687455918148039 ], [ -73.923397608199835, 40.686406495027832 ], [ -73.925366031440319, 40.681951740511217 ], [ -73.920963391436985, 40.678546741189933 ], [ -73.914592446074963, 40.679595945861351 ], [ -73.912623116981251, 40.684050368273063 ], [ -73.917025638990808, 40.687455918148039 ] ] ] } },
{ "type": "Feature", "properties": { "index": "882a107445fffff" }, "geometry": { "type": "Polygon", "coordinates": [ [ [ -73.976371546075328, 40.619854430201023 ], [ -73.982733328645523, 40.618802446972936 ], [ -73.984693396402179, 40.614350318697369 ], [ -73.980292586361855, 40.610950504338909 ], [ -73.973931823790267, 40.612002268125757 ], [ -73.971970851371665, 40.61645406568244 ], [ -73.976371546075328, 40.619854430201023 ] ] ] } },
{ "type": "Feature", "properties": { "index": "882a100e6dfffff" }, "geometry": { "type": "Polygon", "coordinates": [ [ [ -73.839697645686712, 40.795206150178878 ], [ -73.846085582209881, 40.794159879799139 ], [ -73.848065749614634, 40.789700652200004 ], [ -73.843658888770037, 40.786288028966382 ], [ -73.837271981986078, 40.787334082142529 ], [ -73.835290906420596, 40.791792975726224 ], [ -73.839697645686712, 40.795206150178878 ] ] ] } },
{ "type": "Feature", "properties": { "index": "882a103911fffff" }, "geometry": { "type": "Polygon", "coordinates": [ [ [ -73.830632677394092, 40.602591094908767 ], [ -73.836994630321541, 40.601547353237933 ], [ -73.838967541654256, 40.597098910693589 ], [ -73.834579400698985, 40.593694542941229 ], [ -73.828218469238905, 40.594738068132607 ], [ -73.826244657378481, 40.599186177526299 ], [ -73.830632677394092, 40.602591094908767 ] ] ] } },
{ "type": "Feature", "properties": { "index": "882a100e41fffff" }, "geometry": { "type": "Polygon", "coordinates": [ [ [ -73.807317584833967, 40.788100819745488 ], [ -73.813705106674178, 40.787056422936921 ], [ -73.815687997505989, 40.78259819790798 ], [ -73.811284273716268, 40.779184704197021 ], [ -73.804897781796313, 40.780228884472287 ], [ -73.802913983859, 40.784686774962175 ], [ -73.807317584833967, 40.788100819745488 ] ] ] } },
{ "type": "Feature", "properties": { "index": "882a106017fffff" }, "geometry": { "type": "Polygon", "coordinates": [ [ [ -74.181230179813284, 40.569270579651146 ], [ -74.187581505311542, 40.568207837955647 ], [ -74.189520382953575, 40.56375472653513 ], [ -74.185108842750154, 40.560364683669249 ], [ -74.178758531891916, 40.561427201990696 ], [ -74.176818746707099, 40.565879986521772 ], [ -74.181230179813284, 40.569270579651146 ] ] ] } },
{ "type": "Feature", "properties": { "index": "882a100889fffff" }, "geometry": { "type": "Polygon", "coordinates": [ [ [ -73.964426832427932, 40.807800615389873 ], [ -73.970814328398859, 40.806747281645421 ], [ -73.972783368294614, 40.802285015423621 ], [ -73.968365823976171, 40.798876414830239 ], [ -73.961979356382628, 40.799929528832727 ], [ -73.960009404842836, 40.80439146314059 ], [ -73.964426832427932, 40.807800615389873 ] ] ] } },
{ "type": "Feature", "properties": { "index": "882a100d49fffff" }, "geometry": { "type": "Polygon", "coordinates": [ [ [ -73.933049107040233, 40.771607198429983 ], [ -73.939432225693537, 40.770555992024775 ], [ -73.941402680632677, 40.766096302610947 ], [ -73.936990926519826, 40.76268815184234 ], [ -73.930608835142579, 40.76373913923792 ], [ -73.928637470714662, 40.768198496381849 ], [ -73.933049107040233, 40.771607198429983 ] ] ] } },
{ "type": "Feature", "properties": { "index": "882a100ae1fffff" }, "geometry": { "type": "Polygon", "coordinates": [ [ [ -73.929945906799645, 40.859002841997224 ], [ -73.936340977061818, 40.857950882423992 ], [ -73.938315393785331, 40.853486455870929 ], [ -73.933895653167482, 40.850074321644186 ], [ -73.927501614062024, 40.851126062021173 ], [ -73.925526284530847, 40.855590155791177 ], [ -73.929945906799645, 40.859002841997224 ] ] ] } },
{ "type": "Feature", "properties": { "index": "882a100ed9fffff" }, "geometry": { "type": "Polygon", "coordinates": [ [ [ -73.766432420172023, 40.720405333422214 ], [ -73.772811431571583, 40.719363911888706 ], [ -73.774795276953995, 40.714910181784759 ], [ -73.770401014559084, 40.711498208071525 ], [ -73.764023030732616, 40.712539414081832 ], [ -73.762038281840873, 40.716992809299121 ], [ -73.766432420172023, 40.720405333422214 ] ] ] } },
{ "type": "Feature", "properties": { "index": "882a100a8dfffff" }, "geometry": { "type": "Polygon", "coordinates": [ [ [ -73.916689015164721, 40.848764748060546 ], [ -73.923082920053616, 40.847713634106562 ], [ -73.925058146631812, 40.843250017754038 ], [ -73.920640380524986, 40.839837848285626 ], [ -73.91424750654717, 40.840888743338631 ], [ -73.912271367878233, 40.845352026731049 ], [ -73.916689015164721, 40.848764748060546 ] ] ] } },
{ "type": "Feature", "properties": { "index": "882a100c2bfffff" }, "geometry": { "type": "Polygon", "coordinates": [ [ [ -73.899287409312294, 40.727557541448228 ], [ -73.90566512652957, 40.726508675562727 ], [ -73.90763688547041, 40.722052043734159 ], [ -73.90323183428292, 40.718644610385574 ], [ -73.896855142933518, 40.719693258063344 ], [ -73.894882477016083, 40.724149557267673 ], [ -73.899287409312294, 40.727557541448228 ] ] ] } },
{ "type": "Feature", "properties": { "index": "882a1001c7fffff" }, "geometry": { "type": "Polygon", "coordinates": [ [ [ -73.832657468897125, 40.837717566786942 ], [ -73.839051315073036, 40.836671243526268 ], [ -73.841033934390609, 40.832209818344538 ], [ -73.836623617283209, 40.828795050756142 ], [ -73.83023080282112, 40.829841156835293 ], [ -73.828247273865998, 40.834302247654662 ], [ -73.832657468897125, 40.837717566786942 ] ] ] } },
{ "type": "Feature", "properties": { "index": "882a1076bbfffff" }, "geometry": { "type": "Polygon", "coordinates": [ [ [ -73.908003566720424, 40.560999771172838 ], [ -73.914358573586583, 40.559952197060184 ], [ -73.916322549939125, 40.555504606530079 ], [ -73.911932420315338, 40.5521049216756 ], [ -73.905578431940341, 40.55315227788072 ], [ -73.903613554809084, 40.557599536818195 ], [ -73.908003566720424, 40.560999771172838 ] ] ] } },
{ "type": "Feature", "properties": { "index": "882a107463fffff" }, "geometry": { "type": "Polygon", "coordinates": [ [ [ -73.993013352497016, 40.608845956183721 ], [ -73.999373355777294, 40.607793171911744 ], [ -74.001331414655795, 40.603341343189861 ], [ -73.996930374998172, 40.599942629082086 ], [ -73.990571390983675, 40.600995193612405 ], [ -73.98861242747212, 40.605446691962214 ], [ -73.993013352497016, 40.608845956183721 ] ] ] } },
{ "type": "Feature", "properties": { "index": "882a1060ddfffff" }, "geometry": { "type": "Polygon", "coordinates": [ [ [ -74.144014870008874, 40.546596628185533 ], [ -74.150363800157947, 40.545536189827018 ], [ -74.152305211774177, 40.541085022113037 ], [ -74.147898599148093, 40.537694620147533 ], [ -74.141550683240865, 40.538754835938946 ], [ -74.139608365827925, 40.543205676232752 ], [ -74.144014870008874, 40.546596628185533 ] ] ] } },
{ "type": "Feature", "properties": { "index": "882a100e43fffff" }, "geometry": { "type": "Polygon", "coordinates": [ [ [ -73.804897781796313, 40.780228884472287 ], [ -73.811284273716268, 40.779184704197021 ], [ -73.813267058025573, 40.774726957089115 ], [ -73.808864257270997, 40.771313724766145 ], [ -73.80247879496271, 40.772357688578779 ], [ -73.80049510391045, 40.776815101147434 ], [ -73.804897781796313, 40.780228884472287 ] ] ] } },
{ "type": "Feature", "properties": { "index": "882a100e95fffff" }, "geometry": { "type": "Polygon", "coordinates": [ [ [ -73.79987245713572, 40.698423152009902 ], [ -73.806247918623072, 40.697380105349055 ], [ -73.808227721443814, 40.692926952239198 ], [ -73.803832966358442, 40.689517179952496 ], [ -73.797458530978119, 40.690560010480588 ], [ -73.795477824688689, 40.695012829398642 ], [ -73.79987245713572, 40.698423152009902 ] ] ] } },
{ "type": "Feature", "properties": { "index": "882a1060a9fffff" }, "geometry": { "type": "Polygon", "coordinates": [ [ [ -74.192861797539763, 40.5425554345899 ], [ -74.199209308502006, 40.541492348601238 ], [ -74.201146001766517, 40.537040509228014 ], [ -74.19673609096327, 40.53365208236081 ], [ -74.190389593307913, 40.534714944823797 ], [ -74.18845199325871, 40.53916645764933 ], [ -74.192861797539763, 40.5425554345899 ] ] ] } },
{ "type": "Feature", "properties": { "index": "882a106243fffff" }, "geometry": { "type": "Polygon", "coordinates": [ [ [ -74.113923000350923, 40.642455864197267 ], [ -74.120285421931044, 40.64139603169302 ], [ -74.122233602389727, 40.636940100164388 ], [ -74.11782027016703, 40.633544329554077 ], [ -74.111458867440703, 40.634603939807661 ], [ -74.109509778194123, 40.639059542891978 ], [ -74.113923000350923, 40.642455864197267 ] ] ] } },
{ "type": "Feature", "properties": { "index": "882a100ee3fffff" }, "geometry": { "type": "Polygon", "coordinates": [ [ [ -73.817896093562709, 40.724384151122386 ], [ -73.824274773522475, 40.723339833027154 ], [ -73.826253990275987, 40.718884909673591 ], [ -73.821855432083822, 40.715474638403634 ], [ -73.815477779092788, 40.716518739931814 ], [ -73.813497657437836, 40.720973329267444 ], [ -73.817896093562709, 40.724384151122386 ] ] ] } },
{ "type": "Feature", "properties": { "index": "882a1005abfffff" }, "geometry": { "type": "Polygon", "coordinates": [ [ [ -73.748439517046592, 40.69443821994976 ], [ -73.754815305930023, 40.693398066451458 ], [ -73.756799730720402, 40.688946107212402 ], [ -73.752409268817615, 40.685534636501181 ], [ -73.746034506642772, 40.686574574909685 ], [ -73.744049179774862, 40.691026199089855 ], [ -73.748439517046592, 40.69443821994976 ] ] ] } },
{ "type": "Feature", "properties": { "index": "882a107253fffff" }, "geometry": { "type": "Polygon", "coordinates": [ [ [ -73.998833551091181, 40.756619453931883 ], [ -74.005213485939279, 40.755564756894124 ], [ -74.007177166146406, 40.751104660594223 ], [ -74.002761822097142, 40.747699592348489 ], [ -73.99638291285558, 40.748754069101984 ], [ -73.994418322168883, 40.753213834355435 ], [ -73.998833551091181, 40.756619453931883 ] ] ] } },
{ "type": "Feature", "properties": { "index": "882a106e41fffff" }, "geometry": { "type": "Polygon", "coordinates": [ [ [ -74.215233216438378, 40.518171565343849 ], [ -74.221577036687364, 40.517107518944044 ], [ -74.223510642737139, 40.512656627538462 ], [ -74.219101335014997, 40.509270108533045 ], [ -74.212758526674023, 40.510333931035817 ], [ -74.210824014256701, 40.514784496410655 ], [ -74.215233216438378, 40.518171565343849 ] ] ] } },
{ "type": "Feature", "properties": { "index": "882a1008b9fffff" }, "geometry": { "type": "Polygon", "coordinates": [ [ [ -73.978688260470221, 40.788899465628489 ], [ -73.985072935903077, 40.787845541262676 ], [ -73.987039849984924, 40.783384046203885 ], [ -73.982622999997517, 40.779976807047326 ], [ -73.976239351893994, 40.781030511439475 ], [ -73.974271526560983, 40.785491674931805 ], [ -73.978688260470221, 40.788899465628489 ] ] ] } },
{ "type": "Feature", "properties": { "index": "882a103845fffff" }, "geometry": { "type": "Polygon", "coordinates": [ [ [ -73.767423876502647, 40.625314133351864 ], [ -73.773789974588141, 40.62427364919818 ], [ -73.775769718572093, 40.619825143353538 ], [ -73.771384264466406, 40.616417455995709 ], [ -73.765019189788731, 40.617457724871578 ], [ -73.763038545921091, 40.621905896353724 ], [ -73.767423876502647, 40.625314133351864 ] ] ] } },
{ "type": "Feature", "properties": { "index": "882a1076e3fffff" }, "geometry": { "type": "Polygon", "coordinates": [ [ [ -73.917712251202957, 40.592397175006809 ], [ -73.924071335065477, 40.591348728555232 ], [ -73.926035719118389, 40.58689921609713 ], [ -73.921641921633238, 40.583498481651702 ], [ -73.915283857474805, 40.584546709912161 ], [ -73.91331857120872, 40.588995890779458 ], [ -73.917712251202957, 40.592397175006809 ] ] ] } },
{ "type": "Feature", "properties": { "index": "882a10774bfffff" }, "geometry": { "type": "Polygon", "coordinates": [ [ [ -73.971921861285594, 40.670140808216068 ], [ -73.978290531249641, 40.669088530366182 ], [ -73.980253111288874, 40.664633704590557 ], [ -73.975847927969525, 40.661231487695652 ], [ -73.969480280257144, 40.662283546048435 ], [ -73.967516793724059, 40.666738040763313 ], [ -73.971921861285594, 40.670140808216068 ] ] ] } },
{ "type": "Feature", "properties": { "index": "882a103803fffff" }, "geometry": { "type": "Polygon", "coordinates": [ [ [ -73.768554692393067, 40.596260235105902 ], [ -73.774916838392912, 40.595219992684974 ], [ -73.776895254665007, 40.590773071679315 ], [ -73.772512423848454, 40.58736672725307 ], [ -73.766151299975377, 40.588406754454716 ], [ -73.764171984904038, 40.592853341272544 ], [ -73.768554692393067, 40.596260235105902 ] ] ] } },
{ "type": "Feature", "properties": { "index": "882a100525fffff" }, "geometry": { "type": "Polygon", "coordinates": [ [ [ -73.786860092913088, 40.754247425506115 ], [ -73.79324335753418, 40.753204517840928 ], [ -73.79522672764476, 40.748748539530148 ], [ -73.790827738552494, 40.745335803568544 ], [ -73.784445502677542, 40.746378495205995 ], [ -73.782461227261734, 40.750834138803242 ], [ -73.786860092913088, 40.754247425506115 ] ] ] } },
{ "type": "Feature", "properties": { "index": "882a107555fffff" }, "geometry": { "type": "Polygon", "coordinates": [ [ [ -74.036068185423574, 40.618225255970131 ], [ -74.042428704016061, 40.617169990846875 ], [ -74.044383140910085, 40.61271684238308 ], [ -74.039977965336377, 40.609319288685782 ], [ -74.033618465753634, 40.610374333181269 ], [ -74.031663122845842, 40.614827151971774 ], [ -74.036068185423574, 40.618225255970131 ] ] ] } },
{ "type": "Feature", "properties": { "index": "882a100c67fffff" }, "geometry": { "type": "Polygon", "coordinates": [ [ [ -73.904154400845187, 40.743288325792243 ], [ -73.910534170717597, 40.742239023277968 ], [ -73.912506135657949, 40.737781434054696 ], [ -73.908099238539279, 40.734373479938625 ], [ -73.901720495147686, 40.735422564102954 ], [ -73.899747622506396, 40.739879820703493 ], [ -73.904154400845187, 40.743288325792243 ] ] ] } },
{ "type": "Feature", "properties": { "index": "882a100dc9fffff" }, "geometry": { "type": "Polygon", "coordinates": [ [ [ -73.915984460075848, 40.716546287776673 ], [ -73.922360394233493, 40.715496612941728 ], [ -73.924330133423837, 40.711040274108456 ], [ -73.919924845519589, 40.707633942356743 ], [ -73.913549936493581, 40.708683398680861 ], [ -73.911579290352392, 40.713139405237698 ], [ -73.915984460075848, 40.716546287776673 ] ] ] } },
{ "type": "Feature", "properties": { "index": "882a1076b5fffff" }, "geometry": { "type": "Polygon", "coordinates": [ [ [ -73.929496839576643, 40.565703612245173 ], [ -73.935852111914201, 40.564654801004849 ], [ -73.937814285673142, 40.560206547809898 ], [ -73.93342208867503, 40.556807437071221 ], [ -73.927067834705355, 40.557856029961556 ], [ -73.925104759476952, 40.562303951910856 ], [ -73.929496839576643, 40.565703612245173 ] ] ] } },
{ "type": "Feature", "properties": { "index": "882a10766bfffff" }, "geometry": { "type": "Polygon", "coordinates": [ [ [ -73.926400648693658, 40.65287379832521 ], [ -73.932767768449096, 40.651824224867369 ], [ -73.934733870616597, 40.647371204015805 ], [ -73.930333757884839, 40.64396808835204 ], [ -73.923967660327477, 40.645017443272252 ], [ -73.922000653415523, 40.649470132364044 ], [ -73.926400648693658, 40.65287379832521 ] ] ] } },
{ "type": "Feature", "properties": { "index": "882a100d17fffff" }, "geometry": { "type": "Polygon", "coordinates": [ [ [ -73.948334416436083, 40.723614298525391 ], [ -73.954710749696289, 40.7225627550254 ], [ -73.956677765941933, 40.718105420411973 ], [ -73.952269357036343, 40.714699961020393 ], [ -73.945894048720078, 40.715751285341689 ], [ -73.943926124477599, 40.720208288203331 ], [ -73.948334416436083, 40.723614298525391 ] ] ] } },
{ "type": "Feature", "properties": { "index": "882a100d4dfffff" }, "geometry": { "type": "Polygon", "coordinates": [ [ [ -73.943844904976629, 40.773964402038509 ], [ -73.950228156685995, 40.772912571281196 ], [ -73.952197701786645, 40.768452549772817 ], [ -73.947784905128927, 40.765044691086374 ], [ -73.941402680632677, 40.766096302610947 ], [ -73.939432225693537, 40.770555992024775 ], [ -73.943844904976629, 40.773964402038509 ] ] ] } },
{ "type": "Feature", "properties": { "index": "882a103b07fffff" }, "geometry": { "type": "Polygon", "coordinates": [ [ [ -73.796160553756465, 40.653622139707693 ], [ -73.802530002046765, 40.652579768177304 ], [ -73.804508264255531, 40.648129155702797 ], [ -73.800117979944673, 40.644721248746755 ], [ -73.793749555862703, 40.645763404344315 ], [ -73.79177039199547, 40.650213682801301 ], [ -73.796160553756465, 40.653622139707693 ] ] ] } },
{ "type": "Feature", "properties": { "index": "882a100eedfffff" }, "geometry": { "type": "Polygon", "coordinates": [ [ [ -73.822735167801412, 40.740117195037406 ], [ -73.829115902620714, 40.739072443596179 ], [ -73.831095330968296, 40.734616563168217 ], [ -73.826694930233586, 40.731205768169509 ], [ -73.820315222997792, 40.732250302902422 ], [ -73.81833488902592, 40.736705849312756 ], [ -73.822735167801412, 40.740117195037406 ] ] ] } },
{ "type": "Feature", "properties": { "index": "882a100ca5fffff" }, "geometry": { "type": "Polygon", "coordinates": [ [ [ -73.903820033763381, 40.677239239909525 ], [ -73.910190845320074, 40.676190656917569 ], [ -73.912160071765598, 40.671736713815449 ], [ -73.907759391910531, 40.668331685955472 ], [ -73.901389603957497, 40.669380050792036 ], [ -73.899419472367867, 40.673833661614211 ], [ -73.903820033763381, 40.677239239909525 ] ] ] } },
{ "type": "Feature", "properties": { "index": "882a1005e5fffff" }, "geometry": { "type": "Polygon", "coordinates": [ [ [ -73.7556594109857, 40.718033608487758 ], [ -73.762038281840873, 40.716992809299121 ], [ -73.764023030732616, 40.712539414081832 ], [ -73.759629812040401, 40.70912715308387 ], [ -73.75325196881694, 40.71016773697221 ], [ -73.751266316766845, 40.714620797129363 ], [ -73.7556594109857, 40.718033608487758 ] ] ] } },
{ "type": "Feature", "properties": { "index": "882a1070b3fffff" }, "geometry": { "type": "Polygon", "coordinates": [ [ [ -74.084059054525468, 40.643294346990395 ], [ -74.090422119498697, 40.642236156257205 ], [ -74.092373121633173, 40.637780730407265 ], [ -74.087961967020902, 40.634383824229587 ], [ -74.081599921401818, 40.635441793304928 ], [ -74.079648011151818, 40.639896890185646 ], [ -74.084059054525468, 40.643294346990395 ] ] ] } },
{ "type": "Feature", "properties": { "index": "882a1076e7fffff" }, "geometry": { "type": "Polygon", "coordinates": [ [ [ -73.928466050397461, 40.594749725019703 ], [ -73.934825266976688, 40.593700659166679 ], [ -73.936788748470448, 40.589250815291521 ], [ -73.932393916055389, 40.585850368656693 ], [ -73.926035719118389, 40.58689921609713 ], [ -73.924071335065477, 40.591348728555232 ], [ -73.928466050397461, 40.594749725019703 ] ] ] } }
]
}
