{
"type": "FeatureCollection",
"name": "square_8",
"crs": { "type": "name", "properties": { "name": "urn:ogc:def:crs:OGC:1.3:CRS84" } },
"features": [
{ "type": "Feature", "properties": { "id": 168, "left": 564520.4178000001, "top": 4486367.4247000003, "right": 565379.4178000001, "bottom": 4485508.4247000003, "row_index": 51, "col_index": 2, "sq_id": 168 }, "geometry": { "type": "Polygon", "coordinates": [ [ [ -74.238266774793402, 40.525531475351912 ], [ -74.228126220118099, 40.525464179533543 ], [ -74.228214976, 40.51772616227791 ], [ -74.238354364914272, 40.51779343981778 ], [ -74.238266774793402, 40.525531475351912 ] ] ] } },
{ "type": "Feature", "properties": { "id": 169, "left": 564520.4178000001, "top": 4485508.4247000003, "right": 565379.4178000001, "bottom": 4484649.4247000003, "row_index": 52, "col_index": 2, "sq_id": 169 }, "geometry": { "type": "Polygon", "coordinates": [ [ [ -74.238354364914272, 40.51779343981778 ], [ -74.228214976, 40.51772616227791 ], [ -74.228303697453811, 40.509988134466056 ], [ -74.23844192105912, 40.510055393731577 ], [ -74.238354364914272, 40.51779343981778 ] ] ] } },
{ "type": "Feature", "properties": { "id": 170, "left": 564520.4178000001, "top": 4484649.4247000003, "right": 565379.4178000001, "bottom": 4483790.4247000003, "row_index": 53, "col_index": 2, "sq_id": 170 }, "geometry": { "type": "Polygon", "coordinates": [ [ [ -74.23844192105912, 40.510055393731577 ], [ -74.228303697453811, 40.509988134466056 ], [ -74.228392384494569, 40.5022500960985 ], [ -74.238529443242868, 40.502317337093807 ], [ -74.23844192105912, 40.510055393731577 ] ] ] } },
{ "type": "Feature", "properties": { "id": 2221, "left": 595444.4178000001, "top": 4516432.4247000003, "right": 596303.4178000001, "bottom": 4515573.4247000003, "row_index": 16, "col_index": 38, "sq_id": 2221 }, "geometry": { "type": "Polygon", "coordinates": [ [ [ -73.868665777208307, 40.793344438288187 ], [ -73.858485682978824, 40.793244168013764 ], [ -73.858618183134368, 40.785507346035033 ], [ -73.86879709633638, 40.785607589118172 ], [ -73.868665777208307, 40.793344438288187 ] ] ] } },
{ "type": "Feature", "properties": { "id": 171, "left": 564520.4178000001, "top": 4483790.4247000003, "right": 565379.4178000001, "bottom": 4482931.4247000003, "row_index": 54, "col_index": 2, "sq_id": 171 }, "geometry": { "type": "Polygon", "coordinates": [ [ [ -74.238529443242868, 40.502317337093807 ], [ -74.228392384494569, 40.5022500960985 ], [ -74.228481037137371, 40.494512047175725 ], [ -74.238616931480323, 40.494579269904975 ], [ -74.238529443242868, 40.502317337093807 ] ] ] } },
{ "type": "Feature", "properties": { "id": 2222, "left": 595444.4178000001, "top": 4515573.4247000003, "right": 596303.4178000001, "bottom": 4514714.4247000003, "row_index": 17, "col_index": 38, "sq_id": 2222 }, "geometry": { "type": "Polygon", "coordinates": [ [ [ -73.86879709633638, 40.785607589118172 ], [ -73.858618183134368, 40.785507346035033 ], [ -73.858750631808192, 40.777770513293547 ], [ -73.868928364441402, 40.777870729191669 ], [ -73.86879709633638, 40.785607589118172 ] ] ] } },
{ "type": "Feature", "properties": { "id": 164, "left": 564520.4178000001, "top": 4489803.4247000003, "right": 565379.4178000001, "bottom": 4488944.4247000003, "row_index": 47, "col_index": 2, "sq_id": 164 }, "geometry": { "type": "Polygon", "coordinates": [ [ [ -74.237916074252183, 40.556483511957808 ], [ -74.227770852007751, 40.556416142983863 ], [ -74.227859745752951, 40.548678167958123 ], [ -74.238003800425957, 40.548745518636942 ], [ -74.237916074252183, 40.556483511957808 ] ] ] } },
{ "type": "Feature", "properties": { "id": 2223, "left": 595444.4178000001, "top": 4514714.4247000003, "right": 596303.4178000001, "bottom": 4513855.4247000003, "row_index": 18, "col_index": 38, "sq_id": 2223 }, "geometry": { "type": "Polygon", "coordinates": [ [ [ -73.868928364441402, 40.777870729191669 ], [ -73.858750631808192, 40.777770513293547 ], [ -73.858883029022977, 40.770033669789925 ], [ -73.869059581545841, 40.770133858509247 ], [ -73.868928364441402, 40.777870729191669 ] ] ] } },
{ "type": "Feature", "properties": { "id": 165, "left": 564520.4178000001, "top": 4488944.4247000003, "right": 565379.4178000001, "bottom": 4488085.4247000003, "row_index": 48, "col_index": 2, "sq_id": 165 }, "geometry": { "type": "Polygon", "coordinates": [ [ [ -74.238003800425957, 40.548745518636942 ], [ -74.227859745752951, 40.548678167958123 ], [ -74.227948605009658, 40.540940182374158 ], [ -74.238091492564138, 40.541007514762008 ], [ -74.238003800425957, 40.548745518636942 ] ] ] } },
{ "type": "Feature", "properties": { "id": 2216, "left": 595444.4178000001, "top": 4520727.4247000003, "right": 596303.4178000001, "bottom": 4519868.4247000003, "row_index": 11, "col_index": 38, "sq_id": 2216 }, "geometry": { "type": "Polygon", "coordinates": [ [ [ -73.868008415433977, 40.832028522770855 ], [ -73.857822409180116, 40.831928116446541 ], [ -73.857955167085123, 40.824191348290015 ], [ -73.868139990015152, 40.824291727391874 ], [ -73.868008415433977, 40.832028522770855 ] ] ] } },
{ "type": "Feature", "properties": { "id": 166, "left": 564520.4178000001, "top": 4488085.4247000003, "right": 565379.4178000001, "bottom": 4487226.4247000003, "row_index": 49, "col_index": 2, "sq_id": 166 }, "geometry": { "type": "Polygon", "coordinates": [ [ [ -74.238091492564138, 40.541007514762008 ], [ -74.227948605009658, 40.540940182374158 ], [ -74.228037429793005, 40.533202186232465 ], [ -74.23817915068166, 40.533269500333489 ], [ -74.238091492564138, 40.541007514762008 ] ] ] } },
{ "type": "Feature", "properties": { "id": 2217, "left": 595444.4178000001, "top": 4519868.4247000003, "right": 596303.4178000001, "bottom": 4519009.4247000003, "row_index": 12, "col_index": 38, "sq_id": 2217 }, "geometry": { "type": "Polygon", "coordinates": [ [ [ -73.868139990015152, 40.824291727391874 ], [ -73.857955167085123, 40.824191348290015 ], [ -73.858087873394751, 40.816454569367913 ], [ -73.868271513460641, 40.816554921253534 ], [ -73.868139990015152, 40.824291727391874 ] ] ] } },
{ "type": "Feature", "properties": { "id": 167, "left": 564520.4178000001, "top": 4487226.4247000003, "right": 565379.4178000001, "bottom": 4486367.4247000003, "row_index": 50, "col_index": 2, "sq_id": 167 }, "geometry": { "type": "Polygon", "coordinates": [ [ [ -74.23817915068166, 40.533269500333489 ], [ -74.228037429793005, 40.533202186232465 ], [ -74.228126220118099, 40.525464179533543 ], [ -74.238266774793402, 40.525531475351912 ], [ -74.23817915068166, 40.533269500333489 ] ] ] } },
{ "type": "Feature", "properties": { "id": 2218, "left": 595444.4178000001, "top": 4519009.4247000003, "right": 596303.4178000001, "bottom": 4518150.4247000003, "row_index": 13, "col_index": 38, "sq_id": 2218 }, "geometry": { "type": "Polygon", "coordinates": [ [ [ -73.868271513460641, 40.816554921253534 ], [ -73.858087873394751, 40.816454569367913 ], [ -73.858220528131739, 40.808717779680798 ], [ -73.868402985792969, 40.80881810435644 ], [ -73.868271513460641, 40.816554921253534 ] ] ] } },
{ "type": "Feature", "properties": { "id": 2219, "left": 595444.4178000001, "top": 4518150.4247000003, "right": 596303.4178000001, "bottom": 4517291.4247000003, "row_index": 14, "col_index": 38, "sq_id": 2219 }, "geometry": { "type": "Polygon", "coordinates": [ [ [ -73.868402985792969, 40.80881810435644 ], [ -73.858220528131739, 40.808717779680798 ], [ -73.85835313131885, 40.80098097922923 ], [ -73.868534407034673, 40.801081276701133 ], [ -73.868402985792969, 40.80881810435644 ] ] ] } },
{ "type": "Feature", "properties": { "id": 2212, "left": 595444.4178000001, "top": 4524163.4247000003, "right": 596303.4178000001, "bottom": 4523304.4247000003, "row_index": 7, "col_index": 38, "sq_id": 2212 }, "geometry": { "type": "Polygon", "coordinates": [ [ [ -73.867481605300384, 40.86297559668192 ], [ -73.857290861150474, 40.862875081405129 ], [ -73.857423825664938, 40.855138356316729 ], [ -73.867613384650298, 40.855238844346012 ], [ -73.867481605300384, 40.86297559668192 ] ] ] } },
{ "type": "Feature", "properties": { "id": 2213, "left": 595444.4178000001, "top": 4523304.4247000003, "right": 596303.4178000001, "bottom": 4522445.4247000003, "row_index": 8, "col_index": 38, "sq_id": 2213 }, "geometry": { "type": "Polygon", "coordinates": [ [ [ -73.867613384650298, 40.855238844346012 ], [ -73.857423825664938, 40.855138356316729 ], [ -73.857556738492832, 40.84740162046046 ], [ -73.867745112774131, 40.847502081248493 ], [ -73.867613384650298, 40.855238844346012 ] ] ] } },
{ "type": "Feature", "properties": { "id": 2214, "left": 595444.4178000001, "top": 4522445.4247000003, "right": 596303.4178000001, "bottom": 4521586.4247000003, "row_index": 9, "col_index": 38, "sq_id": 2214 }, "geometry": { "type": "Polygon", "coordinates": [ [ [ -73.867745112774131, 40.847502081248493 ], [ -73.857556738492832, 40.84740162046046 ], [ -73.85768959965695, 40.839664873836867 ], [ -73.867876789694492, 40.839765307389911 ], [ -73.867745112774131, 40.847502081248493 ] ] ] } },
{ "type": "Feature", "properties": { "id": 2215, "left": 595444.4178000001, "top": 4521586.4247000003, "right": 596303.4178000001, "bottom": 4520727.4247000003, "row_index": 10, "col_index": 38, "sq_id": 2215 }, "geometry": { "type": "Polygon", "coordinates": [ [ [ -73.867876789694492, 40.839765307389911 ], [ -73.85768959965695, 40.839664873836867 ], [ -73.857822409180116, 40.831928116446541 ], [ -73.868008415433977, 40.832028522770855 ], [ -73.867876789694492, 40.839765307389911 ] ] ] } },
{ "type": "Feature", "properties": { "id": 2208, "left": 595444.4178000001, "top": 4527599.4247000003, "right": 596303.4178000001, "bottom": 4526740.4247000003, "row_index": 3, "col_index": 38, "sq_id": 2208 }, "geometry": { "type": "Polygon", "coordinates": [ [ [ -73.866953975186817, 40.893922498397998 ], [ -73.856758485769802, 40.8938218740685 ], [ -73.856891657259112, 40.88608519205733 ], [ -73.867085959667605, 40.886185789114244 ], [ -73.866953975186817, 40.893922498397998 ] ] ] } },
{ "type": "Feature", "properties": { "id": 2209, "left": 595444.4178000001, "top": 4526740.4247000003, "right": 596303.4178000001, "bottom": 4525881.4247000003, "row_index": 4, "col_index": 38, "sq_id": 2209 }, "geometry": { "type": "Polygon", "coordinates": [ [ [ -73.867085959667605, 40.886185789114244 ], [ -73.856891657259112, 40.88608519205733 ], [ -73.85702477697042, 40.878348499276008 ], [ -73.86721789283169, 40.878449069066605 ], [ -73.867085959667605, 40.886185789114244 ] ] ] } },
{ "type": "Feature", "properties": { "id": 2210, "left": 595444.4178000001, "top": 4525881.4247000003, "right": 596303.4178000001, "bottom": 4525022.4247000003, "row_index": 5, "col_index": 38, "sq_id": 2210 }, "geometry": { "type": "Polygon", "coordinates": [ [ [ -73.86721789283169, 40.878449069066605 ], [ -73.85702477697042, 40.878348499276008 ], [ -73.857157844926562, 40.87061179572509 ], [ -73.867349774701722, 40.87071233825565 ], [ -73.86721789283169, 40.878449069066605 ] ] ] } },
{ "type": "Feature", "properties": { "id": 2211, "left": 595444.4178000001, "top": 4525022.4247000003, "right": 596303.4178000001, "bottom": 4524163.4247000003, "row_index": 6, "col_index": 38, "sq_id": 2211 }, "geometry": { "type": "Polygon", "coordinates": [ [ [ -73.867349774701722, 40.87071233825565 ], [ -73.857157844926562, 40.87061179572509 ], [ -73.857290861150474, 40.862875081405129 ], [ -73.867481605300384, 40.86297559668192 ], [ -73.867349774701722, 40.87071233825565 ] ] ] } },
{ "type": "Feature", "properties": { "id": 2236, "left": 595444.4178000001, "top": 4503547.4247000003, "right": 596303.4178000001, "bottom": 4502688.4247000003, "row_index": 31, "col_index": 38, "sq_id": 2236 }, "geometry": { "type": "Polygon", "coordinates": [ [ [ -73.870630216919835, 40.677290571568342 ], [ -73.860467790034519, 40.677190708509748 ], [ -73.860599520339903, 40.66945372515098 ], [ -73.870760773056546, 40.669553561111485 ], [ -73.870630216919835, 40.677290571568342 ] ] ] } },
{ "type": "Feature", "properties": { "id": 2237, "left": 595444.4178000001, "top": 4502688.4247000003, "right": 596303.4178000001, "bottom": 4501829.4247000003, "row_index": 32, "col_index": 38, "sq_id": 2237 }, "geometry": { "type": "Polygon", "coordinates": [ [ [ -73.870760773056546, 40.669553561111485 ], [ -73.860599520339903, 40.66945372515098 ], [ -73.860731199502368, 40.661716731038204 ], [ -73.870891278505979, 40.661816539906802 ], [ -73.870760773056546, 40.669553561111485 ] ] ] } },
{ "type": "Feature", "properties": { "id": 2238, "left": 595444.4178000001, "top": 4501829.4247000003, "right": 596303.4178000001, "bottom": 4500970.4247000003, "row_index": 33, "col_index": 38, "sq_id": 2238 }, "geometry": { "type": "Polygon", "coordinates": [ [ [ -73.870891278505979, 40.661816539906802 ], [ -73.860731199502368, 40.661716731038204 ], [ -73.860862827544381, 40.65397972617199 ], [ -73.871021733290419, 40.654079507954883 ], [ -73.870891278505979, 40.661816539906802 ] ] ] } },
{ "type": "Feature", "properties": { "id": 2239, "left": 595444.4178000001, "top": 4500970.4247000003, "right": 596303.4178000001, "bottom": 4500111.4247000003, "row_index": 34, "col_index": 38, "sq_id": 2239 }, "geometry": { "type": "Polygon", "coordinates": [ [ [ -73.871021733290419, 40.654079507954883 ], [ -73.860862827544381, 40.65397972617199 ], [ -73.860994404488395, 40.646242710552968 ], [ -73.871152137432091, 40.646342465256311 ], [ -73.871021733290419, 40.654079507954883 ] ] ] } },
{ "type": "Feature", "properties": { "id": 2232, "left": 595444.4178000001, "top": 4506983.4247000003, "right": 596303.4178000001, "bottom": 4506124.4247000003, "row_index": 27, "col_index": 38, "sq_id": 2232 }, "geometry": { "type": "Polygon", "coordinates": [ [ [ -73.870107485054348, 40.708238505905939 ], [ -73.859940356933862, 40.708138534393065 ], [ -73.860072292035909, 40.700401594056167 ], [ -73.870238244163147, 40.700501538446183 ], [ -73.870107485054348, 40.708238505905939 ] ] ] } },
{ "type": "Feature", "properties": { "id": 2233, "left": 595444.4178000001, "top": 4506124.4247000003, "right": 596303.4178000001, "bottom": 4505265.4247000003, "row_index": 28, "col_index": 38, "sq_id": 2233 }, "geometry": { "type": "Polygon", "coordinates": [ [ [ -73.870238244163147, 40.700501538446183 ], [ -73.860072292035909, 40.700401594056167 ], [ -73.860204175905039, 40.692664642962924 ], [ -73.87036895249544, 40.69276456023627 ], [ -73.870238244163147, 40.700501538446183 ] ] ] } },
{ "type": "Feature", "properties": { "id": 2234, "left": 595444.4178000001, "top": 4505265.4247000003, "right": 596303.4178000001, "bottom": 4504406.4247000003, "row_index": 29, "col_index": 38, "sq_id": 2234 }, "geometry": { "type": "Polygon", "coordinates": [ [ [ -73.87036895249544, 40.69276456023627 ], [ -73.860204175905039, 40.692664642962924 ], [ -73.860336008563735, 40.684927681113926 ], [ -73.87049961007358, 40.685027571276805 ], [ -73.87036895249544, 40.69276456023627 ] ] ] } },
{ "type": "Feature", "properties": { "id": 2235, "left": 595444.4178000001, "top": 4504406.4247000003, "right": 596303.4178000001, "bottom": 4503547.4247000003, "row_index": 30, "col_index": 38, "sq_id": 2235 }, "geometry": { "type": "Polygon", "coordinates": [ [ [ -73.87049961007358, 40.685027571276805 ], [ -73.860336008563735, 40.684927681113926 ], [ -73.860467790034519, 40.677190708509748 ], [ -73.870630216919835, 40.677290571568342 ], [ -73.87049961007358, 40.685027571276805 ] ] ] } },
{ "type": "Feature", "properties": { "id": 2228, "left": 595444.4178000001, "top": 4510419.4247000003, "right": 596303.4178000001, "bottom": 4509560.4247000003, "row_index": 23, "col_index": 38, "sq_id": 2228 }, "geometry": { "type": "Polygon", "coordinates": [ [ [ -73.869583940407082, 40.739186268231911 ], [ -73.859412103745044, 40.73908618816553 ], [ -73.859544244004468, 40.731349290859839 ], [ -73.869714902845459, 40.731449343778529 ], [ -73.869583940407082, 40.739186268231911 ] ] ] } },
{ "type": "Feature", "properties": { "id": 2229, "left": 595444.4178000001, "top": 4509560.4247000003, "right": 596303.4178000001, "bottom": 4508701.4247000003, "row_index": 24, "col_index": 38, "sq_id": 2229 }, "geometry": { "type": "Polygon", "coordinates": [ [ [ -73.869714902845459, 40.731449343778529 ], [ -73.859544244004468, 40.731349290859839 ], [ -73.859676332940694, 40.72361238279548 ], [ -73.869845814417872, 40.723712408572688 ], [ -73.869714902845459, 40.731449343778529 ] ] ] } },
{ "type": "Feature", "properties": { "id": 2230, "left": 595444.4178000001, "top": 4508701.4247000003, "right": 596303.4178000001, "bottom": 4507842.4247000003, "row_index": 25, "col_index": 38, "sq_id": 2230 }, "geometry": { "type": "Polygon", "coordinates": [ [ [ -73.869845814417872, 40.723712408572688 ], [ -73.859676332940694, 40.72361238279548 ], [ -73.859808370576303, 40.715875463973028 ], [ -73.869976675146717, 40.715975462614963 ], [ -73.869845814417872, 40.723712408572688 ] ] ] } },
{ "type": "Feature", "properties": { "id": 2231, "left": 595444.4178000001, "top": 4507842.4247000003, "right": 596303.4178000001, "bottom": 4506983.4247000003, "row_index": 26, "col_index": 38, "sq_id": 2231 }, "geometry": { "type": "Polygon", "coordinates": [ [ [ -73.869976675146717, 40.715975462614963 ], [ -73.859808370576303, 40.715875463973028 ], [ -73.859940356933862, 40.708138534393065 ], [ -73.870107485054348, 40.708238505905939 ], [ -73.869976675146717, 40.715975462614963 ] ] ] } },
{ "type": "Feature", "properties": { "id": 2224, "left": 595444.4178000001, "top": 4513855.4247000003, "right": 596303.4178000001, "bottom": 4512996.4247000003, "row_index": 19, "col_index": 38, "sq_id": 2224 }, "geometry": { "type": "Polygon", "coordinates": [ [ [ -73.869059581545841, 40.770133858509247 ], [ -73.858883029022977, 40.770033669789925 ], [ -73.859015374801402, 40.762296815524735 ], [ -73.869190747672178, 40.762396977071482 ], [ -73.869059581545841, 40.770133858509247 ] ] ] } },
{ "type": "Feature", "properties": { "id": 2225, "left": 595444.4178000001, "top": 4512996.4247000003, "right": 596303.4178000001, "bottom": 4512137.4247000003, "row_index": 20, "col_index": 38, "sq_id": 2225 }, "geometry": { "type": "Polygon", "coordinates": [ [ [ -73.869190747672178, 40.762396977071482 ], [ -73.859015374801402, 40.762296815524735 ], [ -73.85914766916612, 40.754559950498553 ], [ -73.869321862842867, 40.754660084878971 ], [ -73.869190747672178, 40.762396977071482 ] ] ] } },
{ "type": "Feature", "properties": { "id": 2226, "left": 595444.4178000001, "top": 4512137.4247000003, "right": 596303.4178000001, "bottom": 4511278.4247000003, "row_index": 21, "col_index": 38, "sq_id": 2226 }, "geometry": { "type": "Polygon", "coordinates": [ [ [ -73.869321862842867, 40.754660084878971 ], [ -73.85914766916612, 40.754559950498553 ], [ -73.859279912139783, 40.746823074711969 ], [ -73.86945292708036, 40.746923181932246 ], [ -73.869321862842867, 40.754660084878971 ] ] ] } },
{ "type": "Feature", "properties": { "id": 2227, "left": 595444.4178000001, "top": 4511278.4247000003, "right": 596303.4178000001, "bottom": 4510419.4247000003, "row_index": 22, "col_index": 38, "sq_id": 2227 }, "geometry": { "type": "Polygon", "coordinates": [ [ [ -73.86945292708036, 40.746923181932246 ], [ -73.859279912139783, 40.746823074711969 ], [ -73.859412103745044, 40.73908618816553 ], [ -73.869583940407082, 40.739186268231911 ], [ -73.86945292708036, 40.746923181932246 ] ] ] } },
{ "type": "Feature", "properties": { "id": 2188, "left": 594585.4178000001, "top": 4494957.4247000003, "right": 595444.4178000001, "bottom": 4494098.4247000003, "row_index": 41, "col_index": 37, "sq_id": 2188 }, "geometry": { "type": "Polygon", "coordinates": [ [ [ -73.882084256195128, 40.600018683932845 ], [ -73.871933500029073, 40.599919983417948 ], [ -73.87206355029349, 40.592182865509209 ], [ -73.882213136816205, 40.592281539229759 ], [ -73.882084256195128, 40.600018683932845 ] ] ] } },
{ "type": "Feature", "properties": { "id": 2189, "left": 594585.4178000001, "top": 4494098.4247000003, "right": 595444.4178000001, "bottom": 4493239.4247000003, "row_index": 42, "col_index": 37, "sq_id": 2189 }, "geometry": { "type": "Polygon", "coordinates": [ [ [ -73.882213136816205, 40.592281539229759 ], [ -73.87206355029349, 40.592182865509209 ], [ -73.872193550092717, 40.584445736858505 ], [ -73.882341967425759, 40.584544383790828 ], [ -73.882213136816205, 40.592281539229759 ] ] ] } },
{ "type": "Feature", "properties": { "id": 2190, "left": 594585.4178000001, "top": 4493239.4247000003, "right": 595444.4178000001, "bottom": 4492380.4247000003, "row_index": 43, "col_index": 37, "sq_id": 2190 }, "geometry": { "type": "Polygon", "coordinates": [ [ [ -73.882341967425759, 40.584544383790828 ], [ -73.872193550092717, 40.584445736858505 ], [ -73.872323499448839, 40.576708597466421 ], [ -73.882470748045691, 40.576807217616604 ], [ -73.882341967425759, 40.584544383790828 ] ] ] } },
{ "type": "Feature", "properties": { "id": 2191, "left": 594585.4178000001, "top": 4492380.4247000003, "right": 595444.4178000001, "bottom": 4491521.4247000003, "row_index": 44, "col_index": 37, "sq_id": 2191 }, "geometry": { "type": "Polygon", "coordinates": [ [ [ -73.882470748045691, 40.576807217616604 ], [ -73.872323499448839, 40.576708597466421 ], [ -73.87245339838401, 40.568971447333574 ], [ -73.882599478697927, 40.569070040707707 ], [ -73.882470748045691, 40.576807217616604 ] ] ] } },
{ "type": "Feature", "properties": { "id": 2180, "left": 594585.4178000001, "top": 4501829.4247000003, "right": 595444.4178000001, "bottom": 4500970.4247000003, "row_index": 33, "col_index": 37, "sq_id": 2180 }, "geometry": { "type": "Polygon", "coordinates": [ [ [ -73.881051408174613, 40.661915454996375 ], [ -73.870891278505979, 40.661816539906802 ], [ -73.871021733290419, 40.654079507954883 ], [ -73.881180689679198, 40.654178396201196 ], [ -73.881051408174613, 40.661915454996375 ] ] ] } },
{ "type": "Feature", "properties": { "id": 2181, "left": 594585.4178000001, "top": 4500970.4247000003, "right": 595444.4178000001, "bottom": 4500111.4247000003, "row_index": 34, "col_index": 37, "sq_id": 2181 }, "geometry": { "type": "Polygon", "coordinates": [ [ [ -73.881180689679198, 40.654178396201196 ], [ -73.871021733290419, 40.654079507954883 ], [ -73.871152137432091, 40.646342465256311 ], [ -73.881309920996301, 40.646441326665496 ], [ -73.881180689679198, 40.654178396201196 ] ] ] } },
{ "type": "Feature", "properties": { "id": 2182, "left": 594585.4178000001, "top": 4500111.4247000003, "right": 595444.4178000001, "bottom": 4499252.4247000003, "row_index": 35, "col_index": 37, "sq_id": 2182 }, "geometry": { "type": "Polygon", "coordinates": [ [ [ -73.881309920996301, 40.646441326665496 ], [ -73.871152137432091, 40.646342465256311 ], [ -73.871282490953277, 40.638605411811682 ], [ -73.881439102147965, 40.638704246389864 ], [ -73.881309920996301, 40.646441326665496 ] ] ] } },
{ "type": "Feature", "properties": { "id": 2183, "left": 594585.4178000001, "top": 4499252.4247000003, "right": 595444.4178000001, "bottom": 4498393.4247000003, "row_index": 36, "col_index": 37, "sq_id": 2183 }, "geometry": { "type": "Polygon", "coordinates": [ [ [ -73.881439102147965, 40.638704246389864 ], [ -73.871282490953277, 40.638605411811682 ], [ -73.871412793876175, 40.630868347621551 ], [ -73.881568233156216, 40.630967155374854 ], [ -73.881439102147965, 40.638704246389864 ] ] ] } },
{ "type": "Feature", "properties": { "id": 2176, "left": 594585.4178000001, "top": 4505265.4247000003, "right": 595444.4178000001, "bottom": 4504406.4247000003, "row_index": 29, "col_index": 37, "sq_id": 2176 }, "geometry": { "type": "Polygon", "coordinates": [ [ [ -73.880533779840036, 40.692863582760125 ], [ -73.87036895249544, 40.69276456023627 ], [ -73.87049961007358, 40.685027571276805 ], [ -73.880663262315281, 40.68512656693288 ], [ -73.880533779840036, 40.692863582760125 ] ] ] } },
{ "type": "Feature", "properties": { "id": 2177, "left": 594585.4178000001, "top": 4504406.4247000003, "right": 595444.4178000001, "bottom": 4503547.4247000003, "row_index": 30, "col_index": 37, "sq_id": 2177 }, "geometry": { "type": "Polygon", "coordinates": [ [ [ -73.880663262315281, 40.68512656693288 ], [ -73.87049961007358, 40.685027571276805 ], [ -73.870630216919835, 40.677290571568342 ], [ -73.880792694514724, 40.677389540362796 ], [ -73.880663262315281, 40.68512656693288 ] ] ] } },
{ "type": "Feature", "properties": { "id": 2178, "left": 594585.4178000001, "top": 4503547.4247000003, "right": 595444.4178000001, "bottom": 4502688.4247000003, "row_index": 31, "col_index": 37, "sq_id": 2178 }, "geometry": { "type": "Polygon", "coordinates": [ [ [ -73.880792694514724, 40.677389540362796 ], [ -73.870630216919835, 40.677290571568342 ], [ -73.870760773056546, 40.669553561111485 ], [ -73.880922076460465, 40.669652503050422 ], [ -73.880792694514724, 40.677389540362796 ] ] ] } },
{ "type": "Feature", "properties": { "id": 2179, "left": 594585.4178000001, "top": 4502688.4247000003, "right": 595444.4178000001, "bottom": 4501829.4247000003, "row_index": 32, "col_index": 37, "sq_id": 2179 }, "geometry": { "type": "Polygon", "coordinates": [ [ [ -73.880922076460465, 40.669652503050422 ], [ -73.870760773056546, 40.669553561111485 ], [ -73.870891278505979, 40.661816539906802 ], [ -73.881051408174613, 40.661915454996375 ], [ -73.880922076460465, 40.669652503050422 ] ] ] } },
{ "type": "Feature", "properties": { "id": 2206, "left": 595444.4178000001, "top": 4529317.4247000003, "right": 596303.4178000001, "bottom": 4528458.4247000003, "row_index": 1, "col_index": 38, "sq_id": 2206 }, "geometry": { "type": "Polygon", "coordinates": [ [ [ -73.866689852184308, 40.909395884671603 ], [ -73.85649198736553, 40.909295205778093 ], [ -73.856625262479568, 40.901558545308944 ], [ -73.866821939366616, 40.901659196917315 ], [ -73.866689852184308, 40.909395884671603 ] ] ] } },
{ "type": "Feature", "properties": { "id": 2207, "left": 595444.4178000001, "top": 4528458.4247000003, "right": 596303.4178000001, "bottom": 4527599.4247000003, "row_index": 2, "col_index": 38, "sq_id": 2207 }, "geometry": { "type": "Polygon", "coordinates": [ [ [ -73.866821939366616, 40.901659196917315 ], [ -73.856625262479568, 40.901558545308944 ], [ -73.856758485769802, 40.8938218740685 ], [ -73.866953975186817, 40.893922498397998 ], [ -73.866821939366616, 40.901659196917315 ] ] ] } },
{ "type": "Feature", "properties": { "id": 2192, "left": 594585.4178000001, "top": 4491521.4247000003, "right": 595444.4178000001, "bottom": 4490662.4247000003, "row_index": 45, "col_index": 37, "sq_id": 2192 }, "geometry": { "type": "Polygon", "coordinates": [ [ [ -73.882599478697927, 40.569070040707707 ], [ -73.87245339838401, 40.568971447333574 ], [ -73.8725832469203, 40.561234286460532 ], [ -73.882728159404365, 40.561332853064719 ], [ -73.882599478697927, 40.569070040707707 ] ] ] } },
{ "type": "Feature", "properties": { "id": 2193, "left": 594585.4178000001, "top": 4490662.4247000003, "right": 595444.4178000001, "bottom": 4489803.4247000003, "row_index": 46, "col_index": 37, "sq_id": 2193 }, "geometry": { "type": "Polygon", "coordinates": [ [ [ -73.882728159404365, 40.561332853064719 ], [ -73.8725832469203, 40.561234286460532 ], [ -73.872713045079806, 40.553497114847907 ], [ -73.882856790186878, 40.553595654688216 ], [ -73.882728159404365, 40.561332853064719 ] ] ] } },
{ "type": "Feature", "properties": { "id": 2284, "left": 596303.4178000001, "top": 4512137.4247000003, "right": 597162.4178000001, "bottom": 4511278.4247000003, "row_index": 21, "col_index": 39, "sq_id": 2284 }, "geometry": { "type": "Polygon", "coordinates": [ [ [ -73.85914766916612, 40.754559950498553 ], [ -73.848973526880428, 40.754458919438171 ], [ -73.849106948567638, 40.74672207105484 ], [ -73.859279912139783, 40.746823074711969 ], [ -73.85914766916612, 40.754559950498553 ] ] ] } },
{ "type": "Feature", "properties": { "id": 2285, "left": 596303.4178000001, "top": 4511278.4247000003, "right": 597162.4178000001, "bottom": 4510419.4247000003, "row_index": 22, "col_index": 39, "sq_id": 2285 }, "geometry": { "type": "Polygon", "coordinates": [ [ [ -73.859279912139783, 40.746823074711969 ], [ -73.849106948567638, 40.74672207105484 ], [ -73.849240318428784, 40.73898521190538 ], [ -73.859412103745044, 40.73908618816553 ], [ -73.859279912139783, 40.746823074711969 ] ] ] } },
{ "type": "Feature", "properties": { "id": 2286, "left": 596303.4178000001, "top": 4510419.4247000003, "right": 597162.4178000001, "bottom": 4509560.4247000003, "row_index": 23, "col_index": 39, "sq_id": 2286 }, "geometry": { "type": "Polygon", "coordinates": [ [ [ -73.859412103745044, 40.73908618816553 ], [ -73.849240318428784, 40.73898521190538 ], [ -73.849373636486689, 40.731248341990408 ], [ -73.859544244004468, 40.731349290859839 ], [ -73.859412103745044, 40.73908618816553 ] ] ] } },
{ "type": "Feature", "properties": { "id": 228, "left": 565379.4178000001, "top": 4484649.4247000003, "right": 566238.4178000001, "bottom": 4483790.4247000003, "row_index": 53, "col_index": 3, "sq_id": 228 }, "geometry": { "type": "Polygon", "coordinates": [ [ [ -74.228303697453811, 40.509988134466056 ], [ -74.218165508261507, 40.509919985882426 ], [ -74.218255360144269, 40.502181966026605 ], [ -74.228392384494569, 40.5022500960985 ], [ -74.228303697453811, 40.509988134466056 ] ] ] } },
{ "type": "Feature", "properties": { "id": 2287, "left": 596303.4178000001, "top": 4509560.4247000003, "right": 597162.4178000001, "bottom": 4508701.4247000003, "row_index": 24, "col_index": 39, "sq_id": 2287 }, "geometry": { "type": "Polygon", "coordinates": [ [ [ -73.859544244004468, 40.731349290859839 ], [ -73.849373636486689, 40.731248341990408 ], [ -73.849506902764148, 40.723511461310494 ], [ -73.859676332940694, 40.72361238279548 ], [ -73.859544244004468, 40.731349290859839 ] ] ] } },
{ "type": "Feature", "properties": { "id": 229, "left": 565379.4178000001, "top": 4483790.4247000003, "right": 566238.4178000001, "bottom": 4482931.4247000003, "row_index": 54, "col_index": 3, "sq_id": 229 }, "geometry": { "type": "Polygon", "coordinates": [ [ [ -74.228392384494569, 40.5022500960985 ], [ -74.218255360144269, 40.502181966026605 ], [ -74.218345177177355, 40.494443935611365 ], [ -74.228481037137371, 40.494512047175725 ], [ -74.228392384494569, 40.5022500960985 ] ] ] } },
{ "type": "Feature", "properties": { "id": 2280, "left": 596303.4178000001, "top": 4515573.4247000003, "right": 597162.4178000001, "bottom": 4514714.4247000003, "row_index": 17, "col_index": 39, "sq_id": 2280 }, "geometry": { "type": "Polygon", "coordinates": [ [ [ -73.858618183134368, 40.785507346035033 ], [ -73.848439321414062, 40.785406205298834 ], [ -73.848572950634008, 40.77766939998574 ], [ -73.858750631808192, 40.777770513293547 ], [ -73.858618183134368, 40.785507346035033 ] ] ] } },
{ "type": "Feature", "properties": { "id": 2281, "left": 596303.4178000001, "top": 4514714.4247000003, "right": 597162.4178000001, "bottom": 4513855.4247000003, "row_index": 18, "col_index": 39, "sq_id": 2281 }, "geometry": { "type": "Polygon", "coordinates": [ [ [ -73.858750631808192, 40.777770513293547 ], [ -73.848572950634008, 40.77766939998574 ], [ -73.848706527936471, 40.769932583904215 ], [ -73.858883029022977, 40.770033669789925 ], [ -73.858750631808192, 40.777770513293547 ] ] ] } },
{ "type": "Feature", "properties": { "id": 2282, "left": 596303.4178000001, "top": 4513855.4247000003, "right": 597162.4178000001, "bottom": 4512996.4247000003, "row_index": 19, "col_index": 39, "sq_id": 2282 }, "geometry": { "type": "Polygon", "coordinates": [ [ [ -73.858883029022977, 40.770033669789925 ], [ -73.848706527936471, 40.769932583904215 ], [ -73.848840053344318, 40.762195757054826 ], [ -73.859015374801402, 40.762296815524735 ], [ -73.858883029022977, 40.770033669789925 ] ] ] } },
{ "type": "Feature", "properties": { "id": 224, "left": 565379.4178000001, "top": 4488085.4247000003, "right": 566238.4178000001, "bottom": 4487226.4247000003, "row_index": 49, "col_index": 3, "sq_id": 224 }, "geometry": { "type": "Polygon", "coordinates": [ [ [ -74.227948605009658, 40.540940182374158 ], [ -74.217805751928537, 40.540871959701498 ], [ -74.217895743362632, 40.533133982088366 ], [ -74.228037429793005, 40.533202186232465 ], [ -74.227948605009658, 40.540940182374158 ] ] ] } },
{ "type": "Feature", "properties": { "id": 2283, "left": 596303.4178000001, "top": 4512996.4247000003, "right": 597162.4178000001, "bottom": 4512137.4247000003, "row_index": 20, "col_index": 39, "sq_id": 2283 }, "geometry": { "type": "Polygon", "coordinates": [ [ [ -73.859015374801402, 40.762296815524735 ], [ -73.848840053344318, 40.762195757054826 ], [ -73.848973526880428, 40.754458919438171 ], [ -73.85914766916612, 40.754559950498553 ], [ -73.859015374801402, 40.762296815524735 ] ] ] } },
{ "type": "Feature", "properties": { "id": 225, "left": 565379.4178000001, "top": 4487226.4247000003, "right": 566238.4178000001, "bottom": 4486367.4247000003, "row_index": 50, "col_index": 3, "sq_id": 225 }, "geometry": { "type": "Polygon", "coordinates": [ [ [ -74.228037429793005, 40.533202186232465 ], [ -74.217895743362632, 40.533133982088366 ], [ -74.217985699885972, 40.525395993913818 ], [ -74.228126220118099, 40.525464179533543 ], [ -74.228037429793005, 40.533202186232465 ] ] ] } },
{ "type": "Feature", "properties": { "id": 2276, "left": 596303.4178000001, "top": 4519009.4247000003, "right": 597162.4178000001, "bottom": 4518150.4247000003, "row_index": 13, "col_index": 39, "sq_id": 2276 }, "geometry": { "type": "Polygon", "coordinates": [ [ [ -73.858087873394751, 40.816454569367913 ], [ -73.847904284901475, 40.816353318855285 ], [ -73.848038122020398, 40.808616556621715 ], [ -73.858220528131739, 40.808717779680798 ], [ -73.858087873394751, 40.816454569367913 ] ] ] } },
{ "type": "Feature", "properties": { "id": 226, "left": 565379.4178000001, "top": 4486367.4247000003, "right": 566238.4178000001, "bottom": 4485508.4247000003, "row_index": 51, "col_index": 3, "sq_id": 226 }, "geometry": { "type": "Polygon", "coordinates": [ [ [ -74.228126220118099, 40.525464179533543 ], [ -74.217985699885972, 40.525395993913818 ], [ -74.218075621513833, 40.517657995178332 ], [ -74.228214976, 40.51772616227791 ], [ -74.228126220118099, 40.525464179533543 ] ] ] } },
{ "type": "Feature", "properties": { "id": 2277, "left": 596303.4178000001, "top": 4518150.4247000003, "right": 597162.4178000001, "bottom": 4517291.4247000003, "row_index": 14, "col_index": 39, "sq_id": 2277 }, "geometry": { "type": "Polygon", "coordinates": [ [ [ -73.858220528131739, 40.808717779680798 ], [ -73.848038122020398, 40.808616556621715 ], [ -73.84817190713018, 40.800879783617404 ], [ -73.85835313131885, 40.80098097922923 ], [ -73.858220528131739, 40.808717779680798 ] ] ] } },
{ "type": "Feature", "properties": { "id": 227, "left": 565379.4178000001, "top": 4485508.4247000003, "right": 566238.4178000001, "bottom": 4484649.4247000003, "row_index": 52, "col_index": 3, "sq_id": 227 }, "geometry": { "type": "Polygon", "coordinates": [ [ [ -74.228214976, 40.51772616227791 ], [ -74.218075621513833, 40.517657995178332 ], [ -74.218165508261507, 40.509919985882426 ], [ -74.228303697453811, 40.509988134466056 ], [ -74.228214976, 40.51772616227791 ] ] ] } },
{ "type": "Feature", "properties": { "id": 2278, "left": 596303.4178000001, "top": 4517291.4247000003, "right": 597162.4178000001, "bottom": 4516432.4247000003, "row_index": 15, "col_index": 39, "sq_id": 2278 }, "geometry": { "type": "Polygon", "coordinates": [ [ [ -73.85835313131885, 40.80098097922923 ], [ -73.84817190713018, 40.800879783617404 ], [ -73.84830564025377, 40.793142999842921 ], [ -73.858485682978824, 40.793244168013764 ], [ -73.85835313131885, 40.80098097922923 ] ] ] } },
{ "type": "Feature", "properties": { "id": 2279, "left": 596303.4178000001, "top": 4516432.4247000003, "right": 597162.4178000001, "bottom": 4515573.4247000003, "row_index": 16, "col_index": 39, "sq_id": 2279 }, "geometry": { "type": "Polygon", "coordinates": [ [ [ -73.858485682978824, 40.793244168013764 ], [ -73.84830564025377, 40.793142999842921 ], [ -73.848439321414062, 40.785406205298834 ], [ -73.858618183134368, 40.785507346035033 ], [ -73.858485682978824, 40.793244168013764 ] ] ] } },
{ "type": "Feature", "properties": { "id": 2272, "left": 596303.4178000001, "top": 4522445.4247000003, "right": 597162.4178000001, "bottom": 4521586.4247000003, "row_index": 9, "col_index": 39, "sq_id": 2272 }, "geometry": { "type": "Polygon", "coordinates": [ [ [ -73.857556738492832, 40.84740162046046 ], [ -73.847368415875266, 40.847300260070547 ], [ -73.847502461260362, 40.839563540925731 ], [ -73.85768959965695, 40.839664873836867 ], [ -73.857556738492832, 40.84740162046046 ] ] ] } },
{ "type": "Feature", "properties": { "id": 2273, "left": 596303.4178000001, "top": 4521586.4247000003, "right": 597162.4178000001, "bottom": 4520727.4247000003, "row_index": 10, "col_index": 39, "sq_id": 2273 }, "geometry": { "type": "Polygon", "coordinates": [ [ [ -73.85768959965695, 40.839664873836867 ], [ -73.847502461260362, 40.839563540925731 ], [ -73.847636454544428, 40.831826811007872 ], [ -73.857822409180116, 40.831928116446541 ], [ -73.85768959965695, 40.839664873836867 ] ] ] } },
{ "type": "Feature", "properties": { "id": 2274, "left": 596303.4178000001, "top": 4520727.4247000003, "right": 597162.4178000001, "bottom": 4519868.4247000003, "row_index": 11, "col_index": 39, "sq_id": 2274 }, "geometry": { "type": "Polygon", "coordinates": [ [ [ -73.857822409180116, 40.831928116446541 ], [ -73.847636454544428, 40.831826811007872 ], [ -73.847770395750473, 40.824090070317524 ], [ -73.857955167085123, 40.824191348290015 ], [ -73.857822409180116, 40.831928116446541 ] ] ] } },
{ "type": "Feature", "properties": { "id": 2275, "left": 596303.4178000001, "top": 4519868.4247000003, "right": 597162.4178000001, "bottom": 4519009.4247000003, "row_index": 12, "col_index": 39, "sq_id": 2275 }, "geometry": { "type": "Polygon", "coordinates": [ [ [ -73.857955167085123, 40.824191348290015 ], [ -73.847770395750473, 40.824090070317524 ], [ -73.847904284901475, 40.816353318855285 ], [ -73.858087873394751, 40.816454569367913 ], [ -73.857955167085123, 40.824191348290015 ] ] ] } },
{ "type": "Feature", "properties": { "id": 2296, "left": 596303.4178000001, "top": 4501829.4247000003, "right": 597162.4178000001, "bottom": 4500970.4247000003, "row_index": 33, "col_index": 39, "sq_id": 2296 }, "geometry": { "type": "Polygon", "coordinates": [ [ [ -73.860731199502368, 40.661716731038204 ], [ -73.850571171619194, 40.661616028403536 ], [ -73.850703972896341, 40.653879050865505 ], [ -73.860862827544381, 40.65397972617199 ], [ -73.860731199502368, 40.661716731038204 ] ] ] } },
{ "type": "Feature", "properties": { "id": 2297, "left": 596303.4178000001, "top": 4500970.4247000003, "right": 597162.4178000001, "bottom": 4500111.4247000003, "row_index": 34, "col_index": 39, "sq_id": 2297 }, "geometry": { "type": "Polygon", "coordinates": [ [ [ -73.860862827544381, 40.65397972617199 ], [ -73.850703972896341, 40.653879050865505 ], [ -73.850836722620258, 40.64614206256843 ], [ -73.860994404488395, 40.646242710552968 ], [ -73.860862827544381, 40.65397972617199 ] ] ] } },
{ "type": "Feature", "properties": { "id": 2298, "left": 596303.4178000001, "top": 4500111.4247000003, "right": 597162.4178000001, "bottom": 4499252.4247000003, "row_index": 35, "col_index": 39, "sq_id": 2298 }, "geometry": { "type": "Polygon", "coordinates": [ [ [ -73.860994404488395, 40.646242710552968 ], [ -73.850836722620258, 40.64614206256843 ], [ -73.85096942081357, 40.638405063512863 ], [ -73.861125930356863, 40.638505684181688 ], [ -73.860994404488395, 40.646242710552968 ] ] ] } },
{ "type": "Feature", "properties": { "id": 2292, "left": 596303.4178000001, "top": 4505265.4247000003, "right": 597162.4178000001, "bottom": 4504406.4247000003, "row_index": 29, "col_index": 39, "sq_id": 2292 }, "geometry": { "type": "Polygon", "coordinates": [ [ [ -73.860204175905039, 40.692664642962924 ], [ -73.850039450525031, 40.692563830953105 ], [ -73.850172458241786, 40.68482689645726 ], [ -73.860336008563735, 40.684927681113926 ], [ -73.860204175905039, 40.692664642962924 ] ] ] } },
{ "type": "Feature", "properties": { "id": 2293, "left": 596303.4178000001, "top": 4504406.4247000003, "right": 597162.4178000001, "bottom": 4503547.4247000003, "row_index": 30, "col_index": 39, "sq_id": 2293 }, "geometry": { "type": "Polygon", "coordinates": [ [ [ -73.860336008563735, 40.684927681113926 ], [ -73.850172458241786, 40.68482689645726 ], [ -73.850305414314604, 40.677089951199996 ], [ -73.860467790034519, 40.677190708509748 ], [ -73.860336008563735, 40.684927681113926 ] ] ] } },
{ "type": "Feature", "properties": { "id": 2294, "left": 596303.4178000001, "top": 4503547.4247000003, "right": 597162.4178000001, "bottom": 4502688.4247000003, "row_index": 31, "col_index": 39, "sq_id": 2294 }, "geometry": { "type": "Polygon", "coordinates": [ [ [ -73.860467790034519, 40.677190708509748 ], [ -73.850305414314604, 40.677089951199996 ], [ -73.85043831876618, 40.669352995181889 ], [ -73.860599520339903, 40.66945372515098 ], [ -73.860467790034519, 40.677190708509748 ] ] ] } },
{ "type": "Feature", "properties": { "id": 2295, "left": 596303.4178000001, "top": 4502688.4247000003, "right": 597162.4178000001, "bottom": 4501829.4247000003, "row_index": 32, "col_index": 39, "sq_id": 2295 }, "geometry": { "type": "Polygon", "coordinates": [ [ [ -73.860599520339903, 40.66945372515098 ], [ -73.85043831876618, 40.669352995181889 ], [ -73.850571171619194, 40.661616028403536 ], [ -73.860731199502368, 40.661716731038204 ], [ -73.860599520339903, 40.66945372515098 ] ] ] } },
{ "type": "Feature", "properties": { "id": 2288, "left": 596303.4178000001, "top": 4508701.4247000003, "right": 597162.4178000001, "bottom": 4507842.4247000003, "row_index": 25, "col_index": 39, "sq_id": 2288 }, "geometry": { "type": "Polygon", "coordinates": [ [ [ -73.859676332940694, 40.72361238279548 ], [ -73.849506902764148, 40.723511461310494 ], [ -73.84964011728394, 40.71577456986622 ], [ -73.859808370576303, 40.715875463973028 ], [ -73.859676332940694, 40.72361238279548 ] ] ] } },
{ "type": "Feature", "properties": { "id": 2289, "left": 596303.4178000001, "top": 4507842.4247000003, "right": 597162.4178000001, "bottom": 4506983.4247000003, "row_index": 26, "col_index": 39, "sq_id": 2289 }, "geometry": { "type": "Polygon", "coordinates": [ [ [ -73.859808370576303, 40.715875463973028 ], [ -73.84964011728394, 40.71577456986622 ], [ -73.849773280068845, 40.708037667658168 ], [ -73.859940356933862, 40.708138534393065 ], [ -73.859808370576303, 40.715875463973028 ] ] ] } },
{ "type": "Feature", "properties": { "id": 2290, "left": 596303.4178000001, "top": 4506983.4247000003, "right": 597162.4178000001, "bottom": 4506124.4247000003, "row_index": 27, "col_index": 39, "sq_id": 2290 }, "geometry": { "type": "Polygon", "coordinates": [ [ [ -73.859940356933862, 40.708138534393065 ], [ -73.849773280068845, 40.708037667658168 ], [ -73.84990639114163, 40.700300754686943 ], [ -73.860072292035909, 40.700401594056167 ], [ -73.859940356933862, 40.708138534393065 ] ] ] } },
{ "type": "Feature", "properties": { "id": 2291, "left": 596303.4178000001, "top": 4506124.4247000003, "right": 597162.4178000001, "bottom": 4505265.4247000003, "row_index": 28, "col_index": 39, "sq_id": 2291 }, "geometry": { "type": "Polygon", "coordinates": [ [ [ -73.860072292035909, 40.700401594056167 ], [ -73.84990639114163, 40.700300754686943 ], [ -73.850039450525031, 40.692563830953105 ], [ -73.860204175905039, 40.692664642962924 ], [ -73.860072292035909, 40.700401594056167 ] ] ] } },
{ "type": "Feature", "properties": { "id": 2249, "left": 595444.4178000001, "top": 4492380.4247000003, "right": 596303.4178000001, "bottom": 4491521.4247000003, "row_index": 44, "col_index": 38, "sq_id": 2249 }, "geometry": { "type": "Polygon", "coordinates": [ [ [ -73.872323499448839, 40.576708597466421 ], [ -73.862176301272953, 40.576609086201351 ], [ -73.862307368468947, 40.568871963086394 ], [ -73.87245339838401, 40.568971447333574 ], [ -73.872323499448839, 40.576708597466421 ] ] ] } },
{ "type": "Feature", "properties": { "id": 2250, "left": 595444.4178000001, "top": 4491521.4247000003, "right": 596303.4178000001, "bottom": 4490662.4247000003, "row_index": 45, "col_index": 38, "sq_id": 2250 }, "geometry": { "type": "Polygon", "coordinates": [ [ [ -73.87245339838401, 40.568971447333574 ], [ -73.862307368468947, 40.568871963086394 ], [ -73.862438384813018, 40.561134829225125 ], [ -73.8725832469203, 40.561234286460532 ], [ -73.87245339838401, 40.568971447333574 ] ] ] } },
{ "type": "Feature", "properties": { "id": 2240, "left": 595444.4178000001, "top": 4500111.4247000003, "right": 596303.4178000001, "bottom": 4499252.4247000003, "row_index": 35, "col_index": 38, "sq_id": 2240 }, "geometry": { "type": "Polygon", "coordinates": [ [ [ -73.871152137432091, 40.646342465256311 ], [ -73.860994404488395, 40.646242710552968 ], [ -73.861125930356863, 40.638505684181688 ], [ -73.871282490953277, 40.638605411811682 ], [ -73.871152137432091, 40.646342465256311 ] ] ] } },
{ "type": "Feature", "properties": { "id": 222, "left": 565379.4178000001, "top": 4489803.4247000003, "right": 566238.4178000001, "bottom": 4488944.4247000003, "row_index": 47, "col_index": 3, "sq_id": 222 }, "geometry": { "type": "Polygon", "coordinates": [ [ [ -74.227770852007751, 40.556416142983863 ], [ -74.217625664266919, 40.556347883241429 ], [ -74.217715725568411, 40.54860992675269 ], [ -74.227859745752951, 40.548678167958123 ], [ -74.227770852007751, 40.556416142983863 ] ] ] } },
{ "type": "Feature", "properties": { "id": 2241, "left": 595444.4178000001, "top": 4499252.4247000003, "right": 596303.4178000001, "bottom": 4498393.4247000003, "row_index": 36, "col_index": 38, "sq_id": 2241 }, "geometry": { "type": "Polygon", "coordinates": [ [ [ -73.871282490953277, 40.638605411811682 ], [ -73.861125930356863, 40.638505684181688 ], [ -73.861257405172211, 40.630768647058751 ], [ -73.871412793876175, 40.630868347621551 ], [ -73.871282490953277, 40.638605411811682 ] ] ] } },
{ "type": "Feature", "properties": { "id": 223, "left": 565379.4178000001, "top": 4488944.4247000003, "right": 566238.4178000001, "bottom": 4488085.4247000003, "row_index": 48, "col_index": 3, "sq_id": 223 }, "geometry": { "type": "Polygon", "coordinates": [ [ [ -74.227859745752951, 40.548678167958123 ], [ -74.217715725568411, 40.54860992675269 ], [ -74.217805751928537, 40.540871959701498 ], [ -74.227948605009658, 40.540940182374158 ], [ -74.227859745752951, 40.548678167958123 ] ] ] } },
{ "type": "Feature", "properties": { "id": 2268, "left": 596303.4178000001, "top": 4525881.4247000003, "right": 597162.4178000001, "bottom": 4525022.4247000003, "row_index": 5, "col_index": 39, "sq_id": 2268 }, "geometry": { "type": "Polygon", "coordinates": [ [ [ -73.85702477697042, 40.878348499276008 ], [ -73.846831712864272, 40.878247028907772 ], [ -73.846965966883701, 40.870510352860919 ], [ -73.857157844926562, 40.87061179572509 ], [ -73.85702477697042, 40.878348499276008 ] ] ] } },
{ "type": "Feature", "properties": { "id": 2269, "left": 596303.4178000001, "top": 4525022.4247000003, "right": 597162.4178000001, "bottom": 4524163.4247000003, "row_index": 6, "col_index": 39, "sq_id": 2269 }, "geometry": { "type": "Polygon", "coordinates": [ [ [ -73.857157844926562, 40.87061179572509 ], [ -73.846965966883701, 40.870510352860919 ], [ -73.847100168709957, 40.862773666038713 ], [ -73.857290861150474, 40.862875081405129 ], [ -73.857157844926562, 40.87061179572509 ] ] ] } },
{ "type": "Feature", "properties": { "id": 2270, "left": 596303.4178000001, "top": 4524163.4247000003, "right": 597162.4178000001, "bottom": 4523304.4247000003, "row_index": 7, "col_index": 39, "sq_id": 2270 }, "geometry": { "type": "Polygon", "coordinates": [ [ [ -73.857290861150474, 40.862875081405129 ], [ -73.847100168709957, 40.862773666038713 ], [ -73.847234318366148, 40.855036968441716 ], [ -73.857423825664938, 40.855138356316729 ], [ -73.857290861150474, 40.862875081405129 ] ] ] } },
{ "type": "Feature", "properties": { "id": 2271, "left": 596303.4178000001, "top": 4523304.4247000003, "right": 597162.4178000001, "bottom": 4522445.4247000003, "row_index": 8, "col_index": 39, "sq_id": 2271 }, "geometry": { "type": "Polygon", "coordinates": [ [ [ -73.857423825664938, 40.855138356316729 ], [ -73.847234318366148, 40.855036968441716 ], [ -73.847368415875266, 40.847300260070547 ], [ -73.857556738492832, 40.84740162046046 ], [ -73.857423825664938, 40.855138356316729 ] ] ] } },
{ "type": "Feature", "properties": { "id": 2264, "left": 596303.4178000001, "top": 4529317.4247000003, "right": 597162.4178000001, "bottom": 4528458.4247000003, "row_index": 1, "col_index": 39, "sq_id": 2264 }, "geometry": { "type": "Polygon", "coordinates": [ [ [ -73.85649198736553, 40.909295205778093 ], [ -73.846294174393506, 40.909193625330289 ], [ -73.846428637416352, 40.901456992390543 ], [ -73.856625262479568, 40.901558545308944 ], [ -73.85649198736553, 40.909295205778093 ] ] ] } },
{ "type": "Feature", "properties": { "id": 2265, "left": 596303.4178000001, "top": 4528458.4247000003, "right": 597162.4178000001, "bottom": 4527599.4247000003, "row_index": 2, "col_index": 39, "sq_id": 2265 }, "geometry": { "type": "Polygon", "coordinates": [ [ [ -73.856625262479568, 40.901558545308944 ], [ -73.846428637416352, 40.901456992390543 ], [ -73.846563048153698, 40.893720348673142 ], [ -73.856758485769802, 40.8938218740685 ], [ -73.856625262479568, 40.901558545308944 ] ] ] } },
{ "type": "Feature", "properties": { "id": 2266, "left": 596303.4178000001, "top": 4527599.4247000003, "right": 597162.4178000001, "bottom": 4526740.4247000003, "row_index": 3, "col_index": 39, "sq_id": 2266 }, "geometry": { "type": "Polygon", "coordinates": [ [ [ -73.856758485769802, 40.8938218740685 ], [ -73.846563048153698, 40.893720348673142 ], [ -73.846697406628621, 40.885983694178712 ], [ -73.856891657259112, 40.88608519205733 ], [ -73.856758485769802, 40.8938218740685 ] ] ] } },
{ "type": "Feature", "properties": { "id": 2267, "left": 596303.4178000001, "top": 4526740.4247000003, "right": 597162.4178000001, "bottom": 4525881.4247000003, "row_index": 4, "col_index": 39, "sq_id": 2267 }, "geometry": { "type": "Polygon", "coordinates": [ [ [ -73.856891657259112, 40.88608519205733 ], [ -73.846697406628621, 40.885983694178712 ], [ -73.846831712864272, 40.878247028907772 ], [ -73.85702477697042, 40.878348499276008 ], [ -73.856891657259112, 40.88608519205733 ] ] ] } },
{ "type": "Feature", "properties": { "id": 2263, "left": 596303.4178000001, "top": 4530176.4247000003, "right": 597162.4178000001, "bottom": 4529317.4247000003, "row_index": 0, "col_index": 39, "sq_id": 2263 }, "geometry": { "type": "Polygon", "coordinates": [ [ [ -73.856358660404752, 40.9170318554754 ], [ -73.84615965906201, 40.916930247491855 ], [ -73.846294174393506, 40.909193625330289 ], [ -73.85649198736553, 40.909295205778093 ], [ -73.856358660404752, 40.9170318554754 ] ] ] } },
{ "type": "Feature", "properties": { "id": 2092, "left": 593726.4178000001, "top": 4527599.4247000003, "right": 594585.4178000001, "bottom": 4526740.4247000003, "row_index": 3, "col_index": 36, "sq_id": 2092 }, "geometry": { "type": "Polygon", "coordinates": [ [ [ -73.887345107577531, 40.894121043806912 ], [ -73.877149515943245, 40.894022221648477 ], [ -73.877280313392816, 40.88628548533628 ], [ -73.887474717973419, 40.886384280710416 ], [ -73.887345107577531, 40.894121043806912 ] ] ] } },
{ "type": "Feature", "properties": { "id": 2093, "left": 593726.4178000001, "top": 4526740.4247000003, "right": 594585.4178000001, "bottom": 4525881.4247000003, "row_index": 4, "col_index": 36, "sq_id": 2093 }, "geometry": { "type": "Polygon", "coordinates": [ [ [ -73.887474717973419, 40.886384280710416 ], [ -73.877280313392816, 40.88628548533628 ], [ -73.877411059986997, 40.87854873826641 ], [ -73.887604277975228, 40.878647506862414 ], [ -73.887474717973419, 40.886384280710416 ] ] ] } },
{ "type": "Feature", "properties": { "id": 2094, "left": 593726.4178000001, "top": 4525881.4247000003, "right": 594585.4178000001, "bottom": 4525022.4247000003, "row_index": 5, "col_index": 36, "sq_id": 2094 }, "geometry": { "type": "Polygon", "coordinates": [ [ [ -73.887604277975228, 40.878647506862414 ], [ -73.877411059986997, 40.87854873826641 ], [ -73.87754175574824, 40.870811980439449 ], [ -73.887733787605228, 40.870910722263467 ], [ -73.887604277975228, 40.878647506862414 ] ] ] } },
{ "type": "Feature", "properties": { "id": 2095, "left": 593726.4178000001, "top": 4525022.4247000003, "right": 594585.4178000001, "bottom": 4524163.4247000003, "row_index": 6, "col_index": 36, "sq_id": 2095 }, "geometry": { "type": "Polygon", "coordinates": [ [ [ -73.887733787605228, 40.870910722263467 ], [ -73.87754175574824, 40.870811980439449 ], [ -73.877672400699012, 40.863075211855922 ], [ -73.887863246885672, 40.863173926914129 ], [ -73.887733787605228, 40.870910722263467 ] ] ] } },
{ "type": "Feature", "properties": { "id": 2090, "left": 593726.4178000001, "top": 4529317.4247000003, "right": 594585.4178000001, "bottom": 4528458.4247000003, "row_index": 1, "col_index": 36, "sq_id": 2090 }, "geometry": { "type": "Polygon", "coordinates": [ [ [ -73.887085735514418, 40.909594537743168 ], [ -73.876887768387917, 40.909495661997653 ], [ -73.877018667615772, 40.901758947202467 ], [ -73.88721544676531, 40.901857796151354 ], [ -73.887085735514418, 40.909594537743168 ] ] ] } },
{ "type": "Feature", "properties": { "id": 2091, "left": 593726.4178000001, "top": 4528458.4247000003, "right": 594585.4178000001, "bottom": 4527599.4247000003, "row_index": 2, "col_index": 36, "sq_id": 2091 }, "geometry": { "type": "Polygon", "coordinates": [ [ [ -73.88721544676531, 40.901857796151354 ], [ -73.877018667615772, 40.901758947202467 ], [ -73.877149515943245, 40.894022221648477 ], [ -73.887345107577531, 40.894121043806912 ], [ -73.88721544676531, 40.901857796151354 ] ] ] } },
{ "type": "Feature", "properties": { "id": 2108, "left": 593726.4178000001, "top": 4513855.4247000003, "right": 594585.4178000001, "bottom": 4512996.4247000003, "row_index": 19, "col_index": 36, "sq_id": 2108 }, "geometry": { "type": "Polygon", "coordinates": [ [ [ -73.889412839067589, 40.770331544396576 ], [ -73.879236185046807, 40.770233150049108 ], [ -73.879366171498603, 40.762496241682037 ], [ -73.88954164582259, 40.762594609343424 ], [ -73.889412839067589, 40.770331544396576 ] ] ] } },
{ "type": "Feature", "properties": { "id": 2109, "left": 593726.4178000001, "top": 4512996.4247000003, "right": 594585.4178000001, "bottom": 4512137.4247000003, "row_index": 20, "col_index": 36, "sq_id": 2109 }, "geometry": { "type": "Polygon", "coordinates": [ [ [ -73.88954164582259, 40.762594609343424 ], [ -73.879366171498603, 40.762496241682037 ], [ -73.879496107452809, 40.754759322566365 ], [ -73.889670402538087, 40.754857663547789 ], [ -73.88954164582259, 40.762594609343424 ] ] ] } },
{ "type": "Feature", "properties": { "id": 2110, "left": 593726.4178000001, "top": 4512137.4247000003, "right": 594585.4178000001, "bottom": 4511278.4247000003, "row_index": 21, "col_index": 36, "sq_id": 2110 }, "geometry": { "type": "Polygon", "coordinates": [ [ [ -73.889670402538087, 40.754857663547789 ], [ -73.879496107452809, 40.754759322566365 ], [ -73.879625992931707, 40.747022392702654 ], [ -73.889799109236151, 40.747120707010239 ], [ -73.889670402538087, 40.754857663547789 ] ] ] } },
{ "type": "Feature", "properties": { "id": 2111, "left": 593726.4178000001, "top": 4511278.4247000003, "right": 594585.4178000001, "bottom": 4510419.4247000003, "row_index": 22, "col_index": 36, "sq_id": 2111 }, "geometry": { "type": "Polygon", "coordinates": [ [ [ -73.889799109236151, 40.747120707010239 ], [ -73.879625992931707, 40.747022392702654 ], [ -73.879755827957496, 40.739285452091494 ], [ -73.889927765938793, 40.739383739731338 ], [ -73.889799109236151, 40.747120707010239 ] ] ] } },
{ "type": "Feature", "properties": { "id": 53, "left": 562802.4178000001, "top": 4485508.4247000003, "right": 563661.4178000001, "bottom": 4484649.4247000003, "row_index": 52, "col_index": 0, "sq_id": 53 }, "geometry": { "type": "Polygon", "coordinates": [ [ [ -74.258633244218686, 40.517925326183587 ], [ -74.248493787804534, 40.517859827789209 ], [ -74.248580178625588, 40.510121763670249 ], [ -74.25871846970125, 40.510187244273467 ], [ -74.258633244218686, 40.517925326183587 ] ] ] } },
{ "type": "Feature", "properties": { "id": 2104, "left": 593726.4178000001, "top": 4517291.4247000003, "right": 594585.4178000001, "bottom": 4516432.4247000003, "row_index": 15, "col_index": 36, "sq_id": 2104 }, "geometry": { "type": "Polygon", "coordinates": [ [ [ -73.888897111211449, 40.801279177172944 ], [ -73.878715733818581, 40.801180676020024 ], [ -73.878845922483364, 40.793443810653052 ], [ -73.889026118345086, 40.79354228509542 ], [ -73.888897111211449, 40.801279177172944 ] ] ] } },
{ "type": "Feature", "properties": { "id": 54, "left": 562802.4178000001, "top": 4484649.4247000003, "right": 563661.4178000001, "bottom": 4483790.4247000003, "row_index": 53, "col_index": 0, "sq_id": 54 }, "geometry": { "type": "Polygon", "coordinates": [ [ [ -74.25871846970125, 40.510187244273467 ], [ -74.248580178625588, 40.510121763670249 ], [ -74.248666535937417, 40.502383689003814 ], [ -74.258803662126525, 40.50244915181991 ], [ -74.25871846970125, 40.510187244273467 ] ] ] } },
{ "type": "Feature", "properties": { "id": 2105, "left": 593726.4178000001, "top": 4516432.4247000003, "right": 594585.4178000001, "bottom": 4515573.4247000003, "row_index": 16, "col_index": 36, "sq_id": 2105 }, "geometry": { "type": "Polygon", "coordinates": [ [ [ -73.889026118345086, 40.79354228509542 ], [ -73.878845922483364, 40.793443810653052 ], [ -73.878976060561456, 40.785706934535199 ], [ -73.889155075350914, 40.785805382273139 ], [ -73.889026118345086, 40.79354228509542 ] ] ] } },
{ "type": "Feature", "properties": { "id": 55, "left": 562802.4178000001, "top": 4483790.4247000003, "right": 563661.4178000001, "bottom": 4482931.4247000003, "row_index": 54, "col_index": 0, "sq_id": 55 }, "geometry": { "type": "Polygon", "coordinates": [ [ [ -74.258803662126525, 40.50244915181991 ], [ -74.248666535937417, 40.502383689003814 ], [ -74.248752859754674, 40.49464560379041 ], [ -74.258888821508947, 40.494711048823419 ], [ -74.258803662126525, 40.50244915181991 ] ] ] } },
{ "type": "Feature", "properties": { "id": 2106, "left": 593726.4178000001, "top": 4515573.4247000003, "right": 594585.4178000001, "bottom": 4514714.4247000003, "row_index": 17, "col_index": 36, "sq_id": 2106 }, "geometry": { "type": "Polygon", "coordinates": [ [ [ -73.889155075350914, 40.785805382273139 ], [ -73.878976060561456, 40.785706934535199 ], [ -73.879106148075181, 40.777970047667033 ], [ -73.889283982251058, 40.778068468706664 ], [ -73.889155075350914, 40.785805382273139 ] ] ] } },
{ "type": "Feature", "properties": { "id": 2107, "left": 593726.4178000001, "top": 4514714.4247000003, "right": 594585.4178000001, "bottom": 4513855.4247000003, "row_index": 18, "col_index": 36, "sq_id": 2107 }, "geometry": { "type": "Polygon", "coordinates": [ [ [ -73.889283982251058, 40.778068468706664 ], [ -73.879106148075181, 40.777970047667033 ], [ -73.879236185046807, 40.770233150049108 ], [ -73.889412839067589, 40.770331544396576 ], [ -73.889283982251058, 40.778068468706664 ] ] ] } },
{ "type": "Feature", "properties": { "id": 2100, "left": 593726.4178000001, "top": 4520727.4247000003, "right": 594585.4178000001, "bottom": 4519868.4247000003, "row_index": 11, "col_index": 36, "sq_id": 2100 }, "geometry": { "type": "Polygon", "coordinates": [ [ [ -73.888380580956621, 40.832226638024167 ], [ -73.878194472846104, 40.832128029967734 ], [ -73.878324864080909, 40.824391207609956 ], [ -73.88850978882266, 40.824489788931317 ], [ -73.888380580956621, 40.832226638024167 ] ] ] } },
{ "type": "Feature", "properties": { "id": 2101, "left": 593726.4178000001, "top": 4519868.4247000003, "right": 594585.4178000001, "bottom": 4519009.4247000003, "row_index": 12, "col_index": 36, "sq_id": 2101 }, "geometry": { "type": "Polygon", "coordinates": [ [ [ -73.88850978882266, 40.824489788931317 ], [ -73.878324864080909, 40.824391207609956 ], [ -73.878455204639678, 40.816654374499045 ], [ -73.888638946472383, 40.81675292909145 ], [ -73.88850978882266, 40.824489788931317 ] ] ] } },
{ "type": "Feature", "properties": { "id": 2102, "left": 593726.4178000001, "top": 4519009.4247000003, "right": 594585.4178000001, "bottom": 4518150.4247000003, "row_index": 13, "col_index": 36, "sq_id": 2102 }, "geometry": { "type": "Polygon", "coordinates": [ [ [ -73.888638946472383, 40.81675292909145 ], [ -73.878455204639678, 40.816654374499045 ], [ -73.878585494544794, 40.80891753063554 ], [ -73.888768053927933, 40.809016058505144 ], [ -73.888638946472383, 40.81675292909145 ] ] ] } },
{ "type": "Feature", "properties": { "id": 2103, "left": 593726.4178000001, "top": 4518150.4247000003, "right": 594585.4178000001, "bottom": 4517291.4247000003, "row_index": 14, "col_index": 36, "sq_id": 2103 }, "geometry": { "type": "Polygon", "coordinates": [ [ [ -73.888768053927933, 40.809016058505144 ], [ -73.878585494544794, 40.80891753063554 ], [ -73.878715733818581, 40.801180676020024 ], [ -73.888897111211449, 40.801279177172944 ], [ -73.888768053927933, 40.809016058505144 ] ] ] } },
{ "type": "Feature", "properties": { "id": 2096, "left": 593726.4178000001, "top": 4524163.4247000003, "right": 594585.4178000001, "bottom": 4523304.4247000003, "row_index": 7, "col_index": 36, "sq_id": 2096 }, "geometry": { "type": "Polygon", "coordinates": [ [ [ -73.887863246885672, 40.863173926914129 ], [ -73.877672400699012, 40.863075211855922 ], [ -73.877802994861781, 40.855338432516433 ], [ -73.887992655838829, 40.855437120814976 ], [ -73.887863246885672, 40.863173926914129 ] ] ] } },
{ "type": "Feature", "properties": { "id": 2097, "left": 593726.4178000001, "top": 4523304.4247000003, "right": 594585.4178000001, "bottom": 4522445.4247000003, "row_index": 8, "col_index": 36, "sq_id": 2097 }, "geometry": { "type": "Polygon", "coordinates": [ [ [ -73.887992655838829, 40.855437120814976 ], [ -73.877802994861781, 40.855338432516433 ], [ -73.877933538258944, 40.84760164242153 ], [ -73.88812201448691, 40.847700303966555 ], [ -73.887992655838829, 40.855437120814976 ] ] ] } },
{ "type": "Feature", "properties": { "id": 2098, "left": 593726.4178000001, "top": 4522445.4247000003, "right": 594585.4178000001, "bottom": 4521586.4247000003, "row_index": 9, "col_index": 36, "sq_id": 2098 }, "geometry": { "type": "Polygon", "coordinates": [ [ [ -73.88812201448691, 40.847700303966555 ], [ -73.877933538258944, 40.84760164242153 ], [ -73.87806403091291, 40.839864841571782 ], [ -73.888251322852099, 40.839963476369427 ], [ -73.88812201448691, 40.847700303966555 ] ] ] } },
{ "type": "Feature", "properties": { "id": 2099, "left": 593726.4178000001, "top": 4521586.4247000003, "right": 594585.4178000001, "bottom": 4520727.4247000003, "row_index": 10, "col_index": 36, "sq_id": 2099 }, "geometry": { "type": "Polygon", "coordinates": [ [ [ -73.888251322852099, 40.839963476369427 ], [ -73.87806403091291, 40.839864841571782 ], [ -73.878194472846104, 40.832128029967734 ], [ -73.888380580956621, 40.832226638024167 ], [ -73.888251322852099, 40.839963476369427 ] ] ] } },
{ "type": "Feature", "properties": { "id": 2060, "left": 592867.4178000001, "top": 4505265.4247000003, "right": 593726.4178000001, "bottom": 4504406.4247000003, "row_index": 29, "col_index": 35, "sq_id": 2060 }, "geometry": { "type": "Polygon", "coordinates": [ [ [ -73.900863584966629, 40.693058943507921 ], [ -73.890698657482517, 40.692961710521608 ], [ -73.890826964832769, 40.685224668069274 ], [ -73.900990717169975, 40.685321874673214 ], [ -73.900863584966629, 40.693058943507921 ] ] ] } },
{ "type": "Feature", "properties": { "id": 2061, "left": 592867.4178000001, "top": 4504406.4247000003, "right": 593726.4178000001, "bottom": 4503547.4247000003, "row_index": 30, "col_index": 35, "sq_id": 2061 }, "geometry": { "type": "Polygon", "coordinates": [ [ [ -73.900990717169975, 40.685321874673214 ], [ -73.890826964832769, 40.685224668069274 ], [ -73.890955222363303, 40.677487614880192 ], [ -73.901117800009686, 40.677584795107776 ], [ -73.900990717169975, 40.685321874673214 ] ] ] } },
{ "type": "Feature", "properties": { "id": 2062, "left": 592867.4178000001, "top": 4503547.4247000003, "right": 593726.4178000001, "bottom": 4502688.4247000003, "row_index": 31, "col_index": 35, "sq_id": 2062 }, "geometry": { "type": "Polygon", "coordinates": [ [ [ -73.901117800009686, 40.677584795107776 ], [ -73.890955222363303, 40.677487614880192 ], [ -73.891083430095989, 40.669750550954902 ], [ -73.901244833507462, 40.669847704812163 ], [ -73.901117800009686, 40.677584795107776 ] ] ] } },
{ "type": "Feature", "properties": { "id": 2063, "left": 592867.4178000001, "top": 4502688.4247000003, "right": 593726.4178000001, "bottom": 4501829.4247000003, "row_index": 32, "col_index": 35, "sq_id": 2063 }, "geometry": { "type": "Polygon", "coordinates": [ [ [ -73.901244833507462, 40.669847704812163 ], [ -73.891083430095989, 40.669750550954902 ], [ -73.891211588052755, 40.662013476294007 ], [ -73.901371817684989, 40.662110603786964 ], [ -73.901244833507462, 40.669847704812163 ] ] ] } },
{ "type": "Feature", "properties": { "id": 2056, "left": 592867.4178000001, "top": 4508701.4247000003, "right": 593726.4178000001, "bottom": 4507842.4247000003, "row_index": 25, "col_index": 35, "sq_id": 2056 }, "geometry": { "type": "Polygon", "coordinates": [ [ [ -73.900354562082526, 40.724007111527925 ], [ -73.890184929445866, 40.723909772951771 ], [ -73.89031343629425, 40.71617277345225 ], [ -73.900481891957639, 40.716270085621886 ], [ -73.900354562082526, 40.724007111527925 ] ] ] } },
{ "type": "Feature", "properties": { "id": 2057, "left": 592867.4178000001, "top": 4507842.4247000003, "right": 593726.4178000001, "bottom": 4506983.4247000003, "row_index": 26, "col_index": 35, "sq_id": 2057 }, "geometry": { "type": "Polygon", "coordinates": [ [ [ -73.900481891957639, 40.716270085621886 ], [ -73.89031343629425, 40.71617277345225 ], [ -73.890441893235192, 40.708435763213672 ], [ -73.900609172382204, 40.708533048982837 ], [ -73.900481891957639, 40.716270085621886 ] ] ] } },
{ "type": "Feature", "properties": { "id": 2058, "left": 592867.4178000001, "top": 4506983.4247000003, "right": 593726.4178000001, "bottom": 4506124.4247000003, "row_index": 27, "col_index": 35, "sq_id": 2058 }, "geometry": { "type": "Polygon", "coordinates": [ [ [ -73.900609172382204, 40.708533048982837 ], [ -73.890441893235192, 40.708435763213672 ], [ -73.890570300290648, 40.70069874223659 ], [ -73.900736403377962, 40.700796001611316 ], [ -73.900609172382204, 40.708533048982837 ] ] ] } },
{ "type": "Feature", "properties": { "id": 2059, "left": 592867.4178000001, "top": 4506124.4247000003, "right": 593726.4178000001, "bottom": 4505265.4247000003, "row_index": 28, "col_index": 35, "sq_id": 2059 }, "geometry": { "type": "Polygon", "coordinates": [ [ [ -73.900736403377962, 40.700796001611316 ], [ -73.890570300290648, 40.70069874223659 ], [ -73.890698657482517, 40.692961710521608 ], [ -73.900863584966629, 40.693058943507921 ], [ -73.900736403377962, 40.700796001611316 ] ] ] } },
{ "type": "Feature", "properties": { "id": 2052, "left": 592867.4178000001, "top": 4512137.4247000003, "right": 593726.4178000001, "bottom": 4511278.4247000003, "row_index": 21, "col_index": 35, "sq_id": 2052 }, "geometry": { "type": "Polygon", "coordinates": [ [ [ -73.899844747640799, 40.754955107810439 ], [ -73.889670402538087, 40.754857663547789 ], [ -73.889799109236151, 40.747120707010239 ], [ -73.899972275536015, 40.747218124842199 ], [ -73.899844747640799, 40.754955107810439 ] ] ] } },
{ "type": "Feature", "properties": { "id": 2053, "left": 592867.4178000001, "top": 4511278.4247000003, "right": 593726.4178000001, "bottom": 4510419.4247000003, "row_index": 22, "col_index": 35, "sq_id": 2053 }, "geometry": { "type": "Polygon", "coordinates": [ [ [ -73.899972275536015, 40.747218124842199 ], [ -73.889799109236151, 40.747120707010239 ], [ -73.889927765938793, 40.739383739731338 ], [ -73.9000997538935, 40.739481131138632 ], [ -73.899972275536015, 40.747218124842199 ] ] ] } },
{ "type": "Feature", "properties": { "id": 2054, "left": 592867.4178000001, "top": 4510419.4247000003, "right": 593726.4178000001, "bottom": 4509560.4247000003, "row_index": 23, "col_index": 35, "sq_id": 2054 }, "geometry": { "type": "Polygon", "coordinates": [ [ [ -73.9000997538935, 40.739481131138632 ], [ -73.889927765938793, 40.739383739731338 ], [ -73.890056372668042, 40.731646761711644 ], [ -73.900227182735065, 40.731744126700349 ], [ -73.9000997538935, 40.739481131138632 ] ] ] } },
{ "type": "Feature", "properties": { "id": 2055, "left": 592867.4178000001, "top": 4509560.4247000003, "right": 593726.4178000001, "bottom": 4508701.4247000003, "row_index": 24, "col_index": 35, "sq_id": 2055 }, "geometry": { "type": "Polygon", "coordinates": [ [ [ -73.900227182735065, 40.731744126700349 ], [ -73.890056372668042, 40.731646761711644 ], [ -73.890184929445866, 40.723909772951771 ], [ -73.900354562082526, 40.724007111527925 ], [ -73.900227182735065, 40.731744126700349 ] ] ] } },
{ "type": "Feature", "properties": { "id": 2048, "left": 592867.4178000001, "top": 4515573.4247000003, "right": 593726.4178000001, "bottom": 4514714.4247000003, "row_index": 17, "col_index": 35, "sq_id": 2048 }, "geometry": { "type": "Polygon", "coordinates": [ [ [ -73.899334140246054, 40.785902932319154 ], [ -73.889155075350914, 40.785805382273139 ], [ -73.889283982251058, 40.778068468706664 ], [ -73.899461866510535, 40.778165992297751 ], [ -73.899334140246054, 40.785902932319154 ] ] ] } },
{ "type": "Feature", "properties": { "id": 2049, "left": 592867.4178000001, "top": 4514714.4247000003, "right": 593726.4178000001, "bottom": 4513855.4247000003, "row_index": 18, "col_index": 35, "sq_id": 2049 }, "geometry": { "type": "Polygon", "coordinates": [ [ [ -73.899461866510535, 40.778165992297751 ], [ -73.889283982251058, 40.778068468706664 ], [ -73.889412839067589, 40.770331544396576 ], [ -73.899589543149915, 40.770429041538783 ], [ -73.899461866510535, 40.778165992297751 ] ] ] } },
{ "type": "Feature", "properties": { "id": 2050, "left": 592867.4178000001, "top": 4513855.4247000003, "right": 593726.4178000001, "bottom": 4512996.4247000003, "row_index": 19, "col_index": 35, "sq_id": 2050 }, "geometry": { "type": "Polygon", "coordinates": [ [ [ -73.899589543149915, 40.770429041538783 ], [ -73.889412839067589, 40.770331544396576 ], [ -73.88954164582259, 40.762594609343424 ], [ -73.899717170186051, 40.762692080042818 ], [ -73.899589543149915, 40.770429041538783 ] ] ] } },
{ "type": "Feature", "properties": { "id": 2051, "left": 592867.4178000001, "top": 4512996.4247000003, "right": 593726.4178000001, "bottom": 4512137.4247000003, "row_index": 20, "col_index": 35, "sq_id": 2051 }, "geometry": { "type": "Polygon", "coordinates": [ [ [ -73.899717170186051, 40.762692080042818 ], [ -73.88954164582259, 40.762594609343424 ], [ -73.889670402538087, 40.754857663547789 ], [ -73.899844747640799, 40.754955107810439 ], [ -73.899717170186051, 40.762692080042818 ] ] ] } },
{ "type": "Feature", "properties": { "id": 2076, "left": 592867.4178000001, "top": 4491521.4247000003, "right": 593726.4178000001, "bottom": 4490662.4247000003, "row_index": 45, "col_index": 35, "sq_id": 2076 }, "geometry": { "type": "Polygon", "coordinates": [ [ [ -73.902891788710093, 40.569264554785761 ], [ -73.892745608957668, 40.569167743195997 ], [ -73.892873121812343, 40.561430529024868 ], [ -73.903018133691347, 40.561527314328302 ], [ -73.902891788710093, 40.569264554785761 ] ] ] } },
{ "type": "Feature", "properties": { "id": 2077, "left": 592867.4178000001, "top": 4490662.4247000003, "right": 593726.4178000001, "bottom": 4489803.4247000003, "row_index": 46, "col_index": 35, "sq_id": 2077 }, "geometry": { "type": "Polygon", "coordinates": [ [ [ -73.903018133691347, 40.561527314328302 ], [ -73.892873121812343, 40.561430529024868 ], [ -73.893000585196006, 40.553693304126256 ], [ -73.903144429654475, 40.553790063149357 ], [ -73.903018133691347, 40.561527314328302 ] ] ] } },
{ "type": "Feature", "properties": { "id": 2072, "left": 592867.4178000001, "top": 4494957.4247000003, "right": 593726.4178000001, "bottom": 4494098.4247000003, "row_index": 41, "col_index": 35, "sq_id": 2072 }, "geometry": { "type": "Polygon", "coordinates": [ [ [ -73.902385918173806, 40.600213409388957 ], [ -73.892235062394661, 40.600116492594076 ], [ -73.892362773350484, 40.592379321338697 ], [ -73.902512459442605, 40.59247621182331 ], [ -73.902385918173806, 40.600213409388957 ] ] ] } },
{ "type": "Feature", "properties": { "id": 2073, "left": 592867.4178000001, "top": 4494098.4247000003, "right": 593726.4178000001, "bottom": 4493239.4247000003, "row_index": 42, "col_index": 35, "sq_id": 2073 }, "geometry": { "type": "Polygon", "coordinates": [ [ [ -73.902512459442605, 40.59247621182331 ], [ -73.892362773350484, 40.592379321338697 ], [ -73.892490434748439, 40.584642139353505 ], [ -73.90263895160723, 40.584739003533848 ], [ -73.902512459442605, 40.59247621182331 ] ] ] } },
{ "type": "Feature", "properties": { "id": 2074, "left": 592867.4178000001, "top": 4493239.4247000003, "right": 593726.4178000001, "bottom": 4492380.4247000003, "row_index": 43, "col_index": 35, "sq_id": 2074 }, "geometry": { "type": "Polygon", "coordinates": [ [ [ -73.90263895160723, 40.584739003533848 ], [ -73.892490434748439, 40.584642139353505 ], [ -73.892618046610252, 40.576904946639083 ], [ -73.902765394689226, 40.577001784521137 ], [ -73.90263895160723, 40.584739003533848 ] ] ] } },
{ "type": "Feature", "properties": { "id": 2075, "left": 592867.4178000001, "top": 4492380.4247000003, "right": 593726.4178000001, "bottom": 4491521.4247000003, "row_index": 44, "col_index": 35, "sq_id": 2075 }, "geometry": { "type": "Polygon", "coordinates": [ [ [ -73.902765394689226, 40.577001784521137 ], [ -73.892618046610252, 40.576904946639083 ], [ -73.892745608957668, 40.569167743195997 ], [ -73.902891788710093, 40.569264554785761 ], [ -73.902765394689226, 40.577001784521137 ] ] ] } },
{ "type": "Feature", "properties": { "id": 2068, "left": 592867.4178000001, "top": 4498393.4247000003, "right": 593726.4178000001, "bottom": 4497534.4247000003, "row_index": 37, "col_index": 35, "sq_id": 2068 }, "geometry": { "type": "Polygon", "coordinates": [ [ [ -73.901879261625808, 40.631162092401688 ], [ -73.891723722557657, 40.631065070305816 ], [ -73.89185163196251, 40.623327941975518 ], [ -73.902005999526878, 40.623424937737141 ], [ -73.901879261625808, 40.631162092401688 ] ] ] } },
{ "type": "Feature", "properties": { "id": 2069, "left": 592867.4178000001, "top": 4497534.4247000003, "right": 593726.4178000001, "bottom": 4496675.4247000003, "row_index": 38, "col_index": 35, "sq_id": 2069 }, "geometry": { "type": "Polygon", "coordinates": [ [ [ -73.902005999526878, 40.623424937737141 ], [ -73.89185163196251, 40.623327941975518 ], [ -73.891979491722438, 40.615590802913061 ], [ -73.902132688237515, 40.615687772346433 ], [ -73.902005999526878, 40.623424937737141 ] ] ] } },
{ "type": "Feature", "properties": { "id": 2070, "left": 592867.4178000001, "top": 4496675.4247000003, "right": 593726.4178000001, "bottom": 4495816.4247000003, "row_index": 39, "col_index": 35, "sq_id": 2070 }, "geometry": { "type": "Polygon", "coordinates": [ [ [ -73.902132688237515, 40.615687772346433 ], [ -73.891979491722438, 40.615590802913061 ], [ -73.892107301859241, 40.607853653119065 ], [ -73.902259327779305, 40.607950596230197 ], [ -73.902132688237515, 40.615687772346433 ] ] ] } },
{ "type": "Feature", "properties": { "id": 108, "left": 563661.4178000001, "top": 4488085.4247000003, "right": 564520.4178000001, "bottom": 4487226.4247000003, "row_index": 49, "col_index": 1, "sq_id": 108 }, "geometry": { "type": "Polygon", "coordinates": [ [ [ -74.24823441413929, 40.541073956856295 ], [ -74.238091492564138, 40.541007514762008 ], [ -74.23817915068166, 40.533269500333489 ], [ -74.24832090557608, 40.533335924382726 ], [ -74.24823441413929, 40.541073956856295 ] ] ] } },
{ "type": "Feature", "properties": { "id": 2071, "left": 592867.4178000001, "top": 4495816.4247000003, "right": 593726.4178000001, "bottom": 4494957.4247000003, "row_index": 40, "col_index": 35, "sq_id": 2071 }, "geometry": { "type": "Polygon", "coordinates": [ [ [ -73.902259327779305, 40.607950596230197 ], [ -73.892107301859241, 40.607853653119065 ], [ -73.892235062394661, 40.600116492594076 ], [ -73.902385918173806, 40.600213409388957 ], [ -73.902259327779305, 40.607950596230197 ] ] ] } },
{ "type": "Feature", "properties": { "id": 109, "left": 563661.4178000001, "top": 4487226.4247000003, "right": 564520.4178000001, "bottom": 4486367.4247000003, "row_index": 50, "col_index": 1, "sq_id": 109 }, "geometry": { "type": "Polygon", "coordinates": [ [ [ -74.24832090557608, 40.533335924382726 ], [ -74.23817915068166, 40.533269500333489 ], [ -74.238266774793402, 40.525531475351912 ], [ -74.248407363459592, 40.525597881360198 ], [ -74.24832090557608, 40.533335924382726 ] ] ] } },
{ "type": "Feature", "properties": { "id": 2064, "left": 592867.4178000001, "top": 4501829.4247000003, "right": 593726.4178000001, "bottom": 4500970.4247000003, "row_index": 33, "col_index": 35, "sq_id": 2064 }, "geometry": { "type": "Polygon", "coordinates": [ [ [ -73.901371817684989, 40.662110603786964 ], [ -73.891211588052755, 40.662013476294007 ], [ -73.891339696255471, 40.654276390898062 ], [ -73.901498752563938, 40.654373492032732 ], [ -73.901371817684989, 40.662110603786964 ] ] ] } },
{ "type": "Feature", "properties": { "id": 110, "left": 563661.4178000001, "top": 4486367.4247000003, "right": 564520.4178000001, "bottom": 4485508.4247000003, "row_index": 51, "col_index": 1, "sq_id": 110 }, "geometry": { "type": "Polygon", "coordinates": [ [ [ -74.248407363459592, 40.525597881360198 ], [ -74.238266774793402, 40.525531475351912 ], [ -74.238354364914272, 40.51779343981778 ], [ -74.248493787804534, 40.517859827789209 ], [ -74.248407363459592, 40.525597881360198 ] ] ] } },
{ "type": "Feature", "properties": { "id": 2065, "left": 592867.4178000001, "top": 4500970.4247000003, "right": 593726.4178000001, "bottom": 4500111.4247000003, "row_index": 34, "col_index": 35, "sq_id": 2065 }, "geometry": { "type": "Polygon", "coordinates": [ [ [ -73.901498752563938, 40.654373492032732 ], [ -73.891339696255471, 40.654276390898062 ], [ -73.891467754725952, 40.646539294767663 ], [ -73.901625638165967, 40.646636369550059 ], [ -73.901498752563938, 40.654373492032732 ] ] ] } },
{ "type": "Feature", "properties": { "id": 111, "left": 563661.4178000001, "top": 4485508.4247000003, "right": 564520.4178000001, "bottom": 4484649.4247000003, "row_index": 52, "col_index": 1, "sq_id": 111 }, "geometry": { "type": "Polygon", "coordinates": [ [ [ -74.248493787804534, 40.517859827789209 ], [ -74.238354364914272, 40.51779343981778 ], [ -74.23844192105912, 40.510055393731577 ], [ -74.248580178625588, 40.510121763670249 ], [ -74.248493787804534, 40.517859827789209 ] ] ] } },
{ "type": "Feature", "properties": { "id": 2066, "left": 592867.4178000001, "top": 4500111.4247000003, "right": 593726.4178000001, "bottom": 4499252.4247000003, "row_index": 35, "col_index": 35, "sq_id": 2066 }, "geometry": { "type": "Polygon", "coordinates": [ [ [ -73.901625638165967, 40.646636369550059 ], [ -73.891467754725952, 40.646539294767663 ], [ -73.89159576348608, 40.638802187903394 ], [ -73.901752474512705, 40.638899236339526 ], [ -73.901625638165967, 40.646636369550059 ] ] ] } },
{ "type": "Feature", "properties": { "id": 2067, "left": 592867.4178000001, "top": 4499252.4247000003, "right": 593726.4178000001, "bottom": 4498393.4247000003, "row_index": 36, "col_index": 35, "sq_id": 2067 }, "geometry": { "type": "Polygon", "coordinates": [ [ [ -73.901752474512705, 40.638899236339526 ], [ -73.89159576348608, 40.638802187903394 ], [ -73.891723722557657, 40.631065070305816 ], [ -73.901879261625808, 40.631162092401688 ], [ -73.901752474512705, 40.638899236339526 ] ] ] } },
{ "type": "Feature", "properties": { "id": 2156, "left": 594585.4178000001, "top": 4522445.4247000003, "right": 595444.4178000001, "bottom": 4521586.4247000003, "row_index": 9, "col_index": 37, "sq_id": 2156 }, "geometry": { "type": "Polygon", "coordinates": [ [ [ -73.877933538258944, 40.84760164242153 ], [ -73.867745112774131, 40.847502081248493 ], [ -73.867876789694492, 40.839765307389911 ], [ -73.87806403091291, 40.839864841571782 ], [ -73.877933538258944, 40.84760164242153 ] ] ] } },
{ "type": "Feature", "properties": { "id": 106, "left": 563661.4178000001, "top": 4489803.4247000003, "right": 564520.4178000001, "bottom": 4488944.4247000003, "row_index": 47, "col_index": 1, "sq_id": 106 }, "geometry": { "type": "Polygon", "coordinates": [ [ [ -74.248061330547102, 40.556549990154515 ], [ -74.237916074252183, 40.556483511957808 ], [ -74.238003800425957, 40.548745518636942 ], [ -74.248147889134529, 40.548811978780392 ], [ -74.248061330547102, 40.556549990154515 ] ] ] } },
{ "type": "Feature", "properties": { "id": 2157, "left": 594585.4178000001, "top": 4521586.4247000003, "right": 595444.4178000001, "bottom": 4520727.4247000003, "row_index": 10, "col_index": 37, "sq_id": 2157 }, "geometry": { "type": "Polygon", "coordinates": [ [ [ -73.87806403091291, 40.839864841571782 ], [ -73.867876789694492, 40.839765307389911 ], [ -73.868008415433977, 40.832028522770855 ], [ -73.878194472846104, 40.832128029967734 ], [ -73.87806403091291, 40.839864841571782 ] ] ] } },
{ "type": "Feature", "properties": { "id": 107, "left": 563661.4178000001, "top": 4488944.4247000003, "right": 564520.4178000001, "bottom": 4488085.4247000003, "row_index": 48, "col_index": 1, "sq_id": 107 }, "geometry": { "type": "Polygon", "coordinates": [ [ [ -74.248147889134529, 40.548811978780392 ], [ -74.238003800425957, 40.548745518636942 ], [ -74.238091492564138, 40.541007514762008 ], [ -74.24823441413929, 40.541073956856295 ], [ -74.248147889134529, 40.548811978780392 ] ] ] } },
{ "type": "Feature", "properties": { "id": 2158, "left": 594585.4178000001, "top": 4520727.4247000003, "right": 595444.4178000001, "bottom": 4519868.4247000003, "row_index": 11, "col_index": 37, "sq_id": 2158 }, "geometry": { "type": "Polygon", "coordinates": [ [ [ -73.878194472846104, 40.832128029967734 ], [ -73.868008415433977, 40.832028522770855 ], [ -73.868139990015152, 40.824291727391874 ], [ -73.878324864080909, 40.824391207609956 ], [ -73.878194472846104, 40.832128029967734 ] ] ] } },
{ "type": "Feature", "properties": { "id": 2159, "left": 594585.4178000001, "top": 4519868.4247000003, "right": 595444.4178000001, "bottom": 4519009.4247000003, "row_index": 12, "col_index": 37, "sq_id": 2159 }, "geometry": { "type": "Polygon", "coordinates": [ [ [ -73.878324864080909, 40.824391207609956 ], [ -73.868139990015152, 40.824291727391874 ], [ -73.868271513460641, 40.816554921253534 ], [ -73.878455204639678, 40.816654374499045 ], [ -73.878324864080909, 40.824391207609956 ] ] ] } },
{ "type": "Feature", "properties": { "id": 2152, "left": 594585.4178000001, "top": 4525881.4247000003, "right": 595444.4178000001, "bottom": 4525022.4247000003, "row_index": 5, "col_index": 37, "sq_id": 2152 }, "geometry": { "type": "Polygon", "coordinates": [ [ [ -73.877411059986997, 40.87854873826641 ], [ -73.86721789283169, 40.878449069066605 ], [ -73.867349774701722, 40.87071233825565 ], [ -73.87754175574824, 40.870811980439449 ], [ -73.877411059986997, 40.87854873826641 ] ] ] } },
{ "type": "Feature", "properties": { "id": 2153, "left": 594585.4178000001, "top": 4525022.4247000003, "right": 595444.4178000001, "bottom": 4524163.4247000003, "row_index": 6, "col_index": 37, "sq_id": 2153 }, "geometry": { "type": "Polygon", "coordinates": [ [ [ -73.87754175574824, 40.870811980439449 ], [ -73.867349774701722, 40.87071233825565 ], [ -73.867481605300384, 40.86297559668192 ], [ -73.877672400699012, 40.863075211855922 ], [ -73.87754175574824, 40.870811980439449 ] ] ] } },
{ "type": "Feature", "properties": { "id": 2154, "left": 594585.4178000001, "top": 4524163.4247000003, "right": 595444.4178000001, "bottom": 4523304.4247000003, "row_index": 7, "col_index": 37, "sq_id": 2154 }, "geometry": { "type": "Polygon", "coordinates": [ [ [ -73.877672400699012, 40.863075211855922 ], [ -73.867481605300384, 40.86297559668192 ], [ -73.867613384650298, 40.855238844346012 ], [ -73.877802994861781, 40.855338432516433 ], [ -73.877672400699012, 40.863075211855922 ] ] ] } },
{ "type": "Feature", "properties": { "id": 2155, "left": 594585.4178000001, "top": 4523304.4247000003, "right": 595444.4178000001, "bottom": 4522445.4247000003, "row_index": 8, "col_index": 37, "sq_id": 2155 }, "geometry": { "type": "Polygon", "coordinates": [ [ [ -73.877802994861781, 40.855338432516433 ], [ -73.867613384650298, 40.855238844346012 ], [ -73.867745112774131, 40.847502081248493 ], [ -73.877933538258944, 40.84760164242153 ], [ -73.877802994861781, 40.855338432516433 ] ] ] } },
{ "type": "Feature", "properties": { "id": 2148, "left": 594585.4178000001, "top": 4529317.4247000003, "right": 595444.4178000001, "bottom": 4528458.4247000003, "row_index": 1, "col_index": 37, "sq_id": 2148 }, "geometry": { "type": "Polygon", "coordinates": [ [ [ -73.876887768387917, 40.909495661997653 ], [ -73.866689852184308, 40.909395884671603 ], [ -73.866821939366616, 40.901659196917315 ], [ -73.877018667615772, 40.901758947202467 ], [ -73.876887768387917, 40.909495661997653 ] ] ] } },
{ "type": "Feature", "properties": { "id": 2149, "left": 594585.4178000001, "top": 4528458.4247000003, "right": 595444.4178000001, "bottom": 4527599.4247000003, "row_index": 2, "col_index": 37, "sq_id": 2149 }, "geometry": { "type": "Polygon", "coordinates": [ [ [ -73.877018667615772, 40.901758947202467 ], [ -73.866821939366616, 40.901659196917315 ], [ -73.866953975186817, 40.893922498397998 ], [ -73.877149515943245, 40.894022221648477 ], [ -73.877018667615772, 40.901758947202467 ] ] ] } },
{ "type": "Feature", "properties": { "id": 2150, "left": 594585.4178000001, "top": 4527599.4247000003, "right": 595444.4178000001, "bottom": 4526740.4247000003, "row_index": 3, "col_index": 37, "sq_id": 2150 }, "geometry": { "type": "Polygon", "coordinates": [ [ [ -73.877149515943245, 40.894022221648477 ], [ -73.866953975186817, 40.893922498397998 ], [ -73.867085959667605, 40.886185789114244 ], [ -73.877280313392816, 40.88628548533628 ], [ -73.877149515943245, 40.894022221648477 ] ] ] } },
{ "type": "Feature", "properties": { "id": 2151, "left": 594585.4178000001, "top": 4526740.4247000003, "right": 595444.4178000001, "bottom": 4525881.4247000003, "row_index": 4, "col_index": 37, "sq_id": 2151 }, "geometry": { "type": "Polygon", "coordinates": [ [ [ -73.877280313392816, 40.88628548533628 ], [ -73.867085959667605, 40.886185789114244 ], [ -73.86721789283169, 40.878449069066605 ], [ -73.877411059986997, 40.87854873826641 ], [ -73.877280313392816, 40.88628548533628 ] ] ] } },
{ "type": "Feature", "properties": { "id": 2172, "left": 594585.4178000001, "top": 4508701.4247000003, "right": 595444.4178000001, "bottom": 4507842.4247000003, "row_index": 25, "col_index": 37, "sq_id": 2172 }, "geometry": { "type": "Polygon", "coordinates": [ [ [ -73.880015346738602, 40.723811538629093 ], [ -73.869845814417872, 40.723712408572688 ], [ -73.869976675146717, 40.715975462614963 ], [ -73.880145030538316, 40.716074565779024 ], [ -73.880015346738602, 40.723811538629093 ] ] ] } },
{ "type": "Feature", "properties": { "id": 2173, "left": 594585.4178000001, "top": 4507842.4247000003, "right": 595444.4178000001, "bottom": 4506983.4247000003, "row_index": 26, "col_index": 37, "sq_id": 2173 }, "geometry": { "type": "Polygon", "coordinates": [ [ [ -73.880145030538316, 40.716074565779024 ], [ -73.869976675146717, 40.715975462614963 ], [ -73.870107485054348, 40.708238505905939 ], [ -73.880274663973694, 40.708337582183773 ], [ -73.880145030538316, 40.716074565779024 ] ] ] } },
{ "type": "Feature", "properties": { "id": 2174, "left": 594585.4178000001, "top": 4506983.4247000003, "right": 595444.4178000001, "bottom": 4506124.4247000003, "row_index": 27, "col_index": 37, "sq_id": 2174 }, "geometry": { "type": "Polygon", "coordinates": [ [ [ -73.880274663973694, 40.708337582183773 ], [ -73.870107485054348, 40.708238505905939 ], [ -73.870238244163147, 40.700501538446183 ], [ -73.880404247066878, 40.700600587843951 ], [ -73.880274663973694, 40.708337582183773 ] ] ] } },
{ "type": "Feature", "properties": { "id": 2175, "left": 594585.4178000001, "top": 4506124.4247000003, "right": 595444.4178000001, "bottom": 4505265.4247000003, "row_index": 28, "col_index": 37, "sq_id": 2175 }, "geometry": { "type": "Polygon", "coordinates": [ [ [ -73.880404247066878, 40.700600587843951 ], [ -73.870238244163147, 40.700501538446183 ], [ -73.87036895249544, 40.69276456023627 ], [ -73.880533779840036, 40.692863582760125 ], [ -73.880404247066878, 40.700600587843951 ] ] ] } },
{ "type": "Feature", "properties": { "id": 2168, "left": 594585.4178000001, "top": 4512137.4247000003, "right": 595444.4178000001, "bottom": 4511278.4247000003, "row_index": 21, "col_index": 37, "sq_id": 2168 }, "geometry": { "type": "Polygon", "coordinates": [ [ [ -73.879496107452809, 40.754759322566365 ], [ -73.869321862842867, 40.754660084878971 ], [ -73.86945292708036, 40.746923181932246 ], [ -73.879625992931707, 40.747022392702654 ], [ -73.879496107452809, 40.754759322566365 ] ] ] } },
{ "type": "Feature", "properties": { "id": 2169, "left": 594585.4178000001, "top": 4511278.4247000003, "right": 595444.4178000001, "bottom": 4510419.4247000003, "row_index": 22, "col_index": 37, "sq_id": 2169 }, "geometry": { "type": "Polygon", "coordinates": [ [ [ -73.879625992931707, 40.747022392702654 ], [ -73.86945292708036, 40.746923181932246 ], [ -73.869583940407082, 40.739186268231911 ], [ -73.879755827957496, 40.739285452091494 ], [ -73.879625992931707, 40.747022392702654 ] ] ] } },
{ "type": "Feature", "properties": { "id": 2170, "left": 594585.4178000001, "top": 4510419.4247000003, "right": 595444.4178000001, "bottom": 4509560.4247000003, "row_index": 23, "col_index": 37, "sq_id": 2170 }, "geometry": { "type": "Polygon", "coordinates": [ [ [ -73.879755827957496, 40.739285452091494 ], [ -73.869583940407082, 40.739186268231911 ], [ -73.869714902845459, 40.731449343778529 ], [ -73.8798856125524, 40.731548500733439 ], [ -73.879755827957496, 40.739285452091494 ] ] ] } },
{ "type": "Feature", "properties": { "id": 112, "left": 563661.4178000001, "top": 4484649.4247000003, "right": 564520.4178000001, "bottom": 4483790.4247000003, "row_index": 53, "col_index": 1, "sq_id": 112 }, "geometry": { "type": "Polygon", "coordinates": [ [ [ -74.248580178625588, 40.510121763670249 ], [ -74.23844192105912, 40.510055393731577 ], [ -74.238529443242868, 40.502317337093807 ], [ -74.248666535937417, 40.502383689003814 ], [ -74.248580178625588, 40.510121763670249 ] ] ] } },
{ "type": "Feature", "properties": { "id": 2171, "left": 594585.4178000001, "top": 4509560.4247000003, "right": 595444.4178000001, "bottom": 4508701.4247000003, "row_index": 24, "col_index": 37, "sq_id": 2171 }, "geometry": { "type": "Polygon", "coordinates": [ [ [ -73.8798856125524, 40.731548500733439 ], [ -73.869714902845459, 40.731449343778529 ], [ -73.869845814417872, 40.723712408572688 ], [ -73.880015346738602, 40.723811538629093 ], [ -73.8798856125524, 40.731548500733439 ] ] ] } },
{ "type": "Feature", "properties": { "id": 113, "left": 563661.4178000001, "top": 4483790.4247000003, "right": 564520.4178000001, "bottom": 4482931.4247000003, "row_index": 54, "col_index": 1, "sq_id": 113 }, "geometry": { "type": "Polygon", "coordinates": [ [ [ -74.248666535937417, 40.502383689003814 ], [ -74.238529443242868, 40.502317337093807 ], [ -74.238616931480323, 40.494579269904975 ], [ -74.248752859754674, 40.49464560379041 ], [ -74.248666535937417, 40.502383689003814 ] ] ] } },
{ "type": "Feature", "properties": { "id": 2164, "left": 594585.4178000001, "top": 4515573.4247000003, "right": 595444.4178000001, "bottom": 4514714.4247000003, "row_index": 17, "col_index": 37, "sq_id": 2164 }, "geometry": { "type": "Polygon", "coordinates": [ [ [ -73.878976060561456, 40.785706934535199 ], [ -73.86879709633638, 40.785607589118172 ], [ -73.868928364441402, 40.777870729191669 ], [ -73.879106148075181, 40.777970047667033 ], [ -73.878976060561456, 40.785706934535199 ] ] ] } },
{ "type": "Feature", "properties": { "id": 2165, "left": 594585.4178000001, "top": 4514714.4247000003, "right": 595444.4178000001, "bottom": 4513855.4247000003, "row_index": 18, "col_index": 37, "sq_id": 2165 }, "geometry": { "type": "Polygon", "coordinates": [ [ [ -73.879106148075181, 40.777970047667033 ], [ -73.868928364441402, 40.777870729191669 ], [ -73.869059581545841, 40.770133858509247 ], [ -73.879236185046807, 40.770233150049108 ], [ -73.879106148075181, 40.777970047667033 ] ] ] } },
{ "type": "Feature", "properties": { "id": 2166, "left": 594585.4178000001, "top": 4513855.4247000003, "right": 595444.4178000001, "bottom": 4512996.4247000003, "row_index": 19, "col_index": 37, "sq_id": 2166 }, "geometry": { "type": "Polygon", "coordinates": [ [ [ -73.879236185046807, 40.770233150049108 ], [ -73.869059581545841, 40.770133858509247 ], [ -73.869190747672178, 40.762396977071482 ], [ -73.879366171498603, 40.762496241682037 ], [ -73.879236185046807, 40.770233150049108 ] ] ] } },
{ "type": "Feature", "properties": { "id": 2167, "left": 594585.4178000001, "top": 4512996.4247000003, "right": 595444.4178000001, "bottom": 4512137.4247000003, "row_index": 20, "col_index": 37, "sq_id": 2167 }, "geometry": { "type": "Polygon", "coordinates": [ [ [ -73.879366171498603, 40.762496241682037 ], [ -73.869190747672178, 40.762396977071482 ], [ -73.869321862842867, 40.754660084878971 ], [ -73.879496107452809, 40.754759322566365 ], [ -73.879366171498603, 40.762496241682037 ] ] ] } },
{ "type": "Feature", "properties": { "id": 2160, "left": 594585.4178000001, "top": 4519009.4247000003, "right": 595444.4178000001, "bottom": 4518150.4247000003, "row_index": 13, "col_index": 37, "sq_id": 2160 }, "geometry": { "type": "Polygon", "coordinates": [ [ [ -73.878455204639678, 40.816654374499045 ], [ -73.868271513460641, 40.816554921253534 ], [ -73.868402985792969, 40.80881810435644 ], [ -73.878585494544794, 40.80891753063554 ], [ -73.878455204639678, 40.816654374499045 ] ] ] } },
{ "type": "Feature", "properties": { "id": 2161, "left": 594585.4178000001, "top": 4518150.4247000003, "right": 595444.4178000001, "bottom": 4517291.4247000003, "row_index": 14, "col_index": 37, "sq_id": 2161 }, "geometry": { "type": "Polygon", "coordinates": [ [ [ -73.878585494544794, 40.80891753063554 ], [ -73.868402985792969, 40.80881810435644 ], [ -73.868534407034673, 40.801081276701133 ], [ -73.878715733818581, 40.801180676020024 ], [ -73.878585494544794, 40.80891753063554 ] ] ] } },
{ "type": "Feature", "properties": { "id": 2162, "left": 594585.4178000001, "top": 4517291.4247000003, "right": 595444.4178000001, "bottom": 4516432.4247000003, "row_index": 15, "col_index": 37, "sq_id": 2162 }, "geometry": { "type": "Polygon", "coordinates": [ [ [ -73.878715733818581, 40.801180676020024 ], [ -73.868534407034673, 40.801081276701133 ], [ -73.868665777208307, 40.793344438288187 ], [ -73.878845922483364, 40.793443810653052 ], [ -73.878715733818581, 40.801180676020024 ] ] ] } },
{ "type": "Feature", "properties": { "id": 2163, "left": 594585.4178000001, "top": 4516432.4247000003, "right": 595444.4178000001, "bottom": 4515573.4247000003, "row_index": 16, "col_index": 37, "sq_id": 2163 }, "geometry": { "type": "Polygon", "coordinates": [ [ [ -73.878845922483364, 40.793443810653052 ], [ -73.868665777208307, 40.793344438288187 ], [ -73.86879709633638, 40.785607589118172 ], [ -73.878976060561456, 40.785706934535199 ], [ -73.878845922483364, 40.793443810653052 ] ] ] } },
{ "type": "Feature", "properties": { "id": 2124, "left": 593726.4178000001, "top": 4500111.4247000003, "right": 594585.4178000001, "bottom": 4499252.4247000003, "row_index": 35, "col_index": 36, "sq_id": 2124 }, "geometry": { "type": "Polygon", "coordinates": [ [ [ -73.891467754725952, 40.646539294767663 ], [ -73.881309920996301, 40.646441326665496 ], [ -73.881439102147965, 40.638704246389864 ], [ -73.89159576348608, 40.638802187903394 ], [ -73.891467754725952, 40.646539294767663 ] ] ] } },
{ "type": "Feature", "properties": { "id": 2125, "left": 593726.4178000001, "top": 4499252.4247000003, "right": 594585.4178000001, "bottom": 4498393.4247000003, "row_index": 36, "col_index": 36, "sq_id": 2125 }, "geometry": { "type": "Polygon", "coordinates": [ [ [ -73.89159576348608, 40.638802187903394 ], [ -73.881439102147965, 40.638704246389864 ], [ -73.881568233156216, 40.630967155374854 ], [ -73.891723722557657, 40.631065070305816 ], [ -73.89159576348608, 40.638802187903394 ] ] ] } },
{ "type": "Feature", "properties": { "id": 2126, "left": 593726.4178000001, "top": 4498393.4247000003, "right": 594585.4178000001, "bottom": 4497534.4247000003, "row_index": 37, "col_index": 36, "sq_id": 2126 }, "geometry": { "type": "Polygon", "coordinates": [ [ [ -73.891723722557657, 40.631065070305816 ], [ -73.881568233156216, 40.630967155374854 ], [ -73.881697314043066, 40.623230053621072 ], [ -73.89185163196251, 40.623327941975518 ], [ -73.891723722557657, 40.631065070305816 ] ] ] } },
{ "type": "Feature", "properties": { "id": 2120, "left": 593726.4178000001, "top": 4503547.4247000003, "right": 594585.4178000001, "bottom": 4502688.4247000003, "row_index": 31, "col_index": 36, "sq_id": 2120 }, "geometry": { "type": "Polygon", "coordinates": [ [ [ -73.890955222363303, 40.677487614880192 ], [ -73.880792694514724, 40.677389540362796 ], [ -73.880922076460465, 40.669652503050422 ], [ -73.891083430095989, 40.669750550954902 ], [ -73.890955222363303, 40.677487614880192 ] ] ] } },
{ "type": "Feature", "properties": { "id": 2121, "left": 593726.4178000001, "top": 4502688.4247000003, "right": 594585.4178000001, "bottom": 4501829.4247000003, "row_index": 32, "col_index": 36, "sq_id": 2121 }, "geometry": { "type": "Polygon", "coordinates": [ [ [ -73.891083430095989, 40.669750550954902 ], [ -73.880922076460465, 40.669652503050422 ], [ -73.881051408174613, 40.661915454996375 ], [ -73.891211588052755, 40.662013476294007 ], [ -73.891083430095989, 40.669750550954902 ] ] ] } },
{ "type": "Feature", "properties": { "id": 2122, "left": 593726.4178000001, "top": 4501829.4247000003, "right": 594585.4178000001, "bottom": 4500970.4247000003, "row_index": 33, "col_index": 36, "sq_id": 2122 }, "geometry": { "type": "Polygon", "coordinates": [ [ [ -73.891211588052755, 40.662013476294007 ], [ -73.881051408174613, 40.661915454996375 ], [ -73.881180689679198, 40.654178396201196 ], [ -73.891339696255471, 40.654276390898062 ], [ -73.891211588052755, 40.662013476294007 ] ] ] } },
{ "type": "Feature", "properties": { "id": 2123, "left": 593726.4178000001, "top": 4500970.4247000003, "right": 594585.4178000001, "bottom": 4500111.4247000003, "row_index": 34, "col_index": 36, "sq_id": 2123 }, "geometry": { "type": "Polygon", "coordinates": [ [ [ -73.891339696255471, 40.654276390898062 ], [ -73.881180689679198, 40.654178396201196 ], [ -73.881309920996301, 40.646441326665496 ], [ -73.891467754725952, 40.646539294767663 ], [ -73.891339696255471, 40.654276390898062 ] ] ] } },
{ "type": "Feature", "properties": { "id": 2116, "left": 593726.4178000001, "top": 4506983.4247000003, "right": 594585.4178000001, "bottom": 4506124.4247000003, "row_index": 27, "col_index": 36, "sq_id": 2116 }, "geometry": { "type": "Polygon", "coordinates": [ [ [ -73.890441893235192, 40.708435763213672 ], [ -73.880274663973694, 40.708337582183773 ], [ -73.880404247066878, 40.700600587843951 ], [ -73.890570300290648, 40.70069874223659 ], [ -73.890441893235192, 40.708435763213672 ] ] ] } },
{ "type": "Feature", "properties": { "id": 2117, "left": 593726.4178000001, "top": 4506124.4247000003, "right": 594585.4178000001, "bottom": 4505265.4247000003, "row_index": 28, "col_index": 36, "sq_id": 2117 }, "geometry": { "type": "Polygon", "coordinates": [ [ [ -73.890570300290648, 40.70069874223659 ], [ -73.880404247066878, 40.700600587843951 ], [ -73.880533779840036, 40.692863582760125 ], [ -73.890698657482517, 40.692961710521608 ], [ -73.890570300290648, 40.70069874223659 ] ] ] } },
{ "type": "Feature", "properties": { "id": 2118, "left": 593726.4178000001, "top": 4505265.4247000003, "right": 594585.4178000001, "bottom": 4504406.4247000003, "row_index": 29, "col_index": 36, "sq_id": 2118 }, "geometry": { "type": "Polygon", "coordinates": [ [ [ -73.890698657482517, 40.692961710521608 ], [ -73.880533779840036, 40.692863582760125 ], [ -73.880663262315281, 40.68512656693288 ], [ -73.890826964832769, 40.685224668069274 ], [ -73.890698657482517, 40.692961710521608 ] ] ] } },
{ "type": "Feature", "properties": { "id": 2119, "left": 593726.4178000001, "top": 4504406.4247000003, "right": 594585.4178000001, "bottom": 4503547.4247000003, "row_index": 30, "col_index": 36, "sq_id": 2119 }, "geometry": { "type": "Polygon", "coordinates": [ [ [ -73.890826964832769, 40.685224668069274 ], [ -73.880663262315281, 40.68512656693288 ], [ -73.880792694514724, 40.677389540362796 ], [ -73.890955222363303, 40.677487614880192 ], [ -73.890826964832769, 40.685224668069274 ] ] ] } },
{ "type": "Feature", "properties": { "id": 2112, "left": 593726.4178000001, "top": 4510419.4247000003, "right": 594585.4178000001, "bottom": 4509560.4247000003, "row_index": 23, "col_index": 36, "sq_id": 2112 }, "geometry": { "type": "Polygon", "coordinates": [ [ [ -73.889927765938793, 40.739383739731338 ], [ -73.879755827957496, 40.739285452091494 ], [ -73.8798856125524, 40.731548500733439 ], [ -73.890056372668042, 40.731646761711644 ], [ -73.889927765938793, 40.739383739731338 ] ] ] } },
{ "type": "Feature", "properties": { "id": 2113, "left": 593726.4178000001, "top": 4509560.4247000003, "right": 594585.4178000001, "bottom": 4508701.4247000003, "row_index": 24, "col_index": 36, "sq_id": 2113 }, "geometry": { "type": "Polygon", "coordinates": [ [ [ -73.890056372668042, 40.731646761711644 ], [ -73.8798856125524, 40.731548500733439 ], [ -73.880015346738602, 40.723811538629093 ], [ -73.890184929445866, 40.723909772951771 ], [ -73.890056372668042, 40.731646761711644 ] ] ] } },
{ "type": "Feature", "properties": { "id": 2114, "left": 593726.4178000001, "top": 4508701.4247000003, "right": 594585.4178000001, "bottom": 4507842.4247000003, "row_index": 25, "col_index": 36, "sq_id": 2114 }, "geometry": { "type": "Polygon", "coordinates": [ [ [ -73.890184929445866, 40.723909772951771 ], [ -73.880015346738602, 40.723811538629093 ], [ -73.880145030538316, 40.716074565779024 ], [ -73.89031343629425, 40.71617277345225 ], [ -73.890184929445866, 40.723909772951771 ] ] ] } },
{ "type": "Feature", "properties": { "id": 2115, "left": 593726.4178000001, "top": 4507842.4247000003, "right": 594585.4178000001, "bottom": 4506983.4247000003, "row_index": 26, "col_index": 36, "sq_id": 2115 }, "geometry": { "type": "Polygon", "coordinates": [ [ [ -73.89031343629425, 40.71617277345225 ], [ -73.880145030538316, 40.716074565779024 ], [ -73.880274663973694, 40.708337582183773 ], [ -73.890441893235192, 40.708435763213672 ], [ -73.89031343629425, 40.71617277345225 ] ] ] } },
{ "type": "Feature", "properties": { "id": 2132, "left": 593726.4178000001, "top": 4493239.4247000003, "right": 594585.4178000001, "bottom": 4492380.4247000003, "row_index": 43, "col_index": 36, "sq_id": 2132 }, "geometry": { "type": "Polygon", "coordinates": [ [ [ -73.892490434748439, 40.584642139353505 ], [ -73.882341967425759, 40.584544383790828 ], [ -73.882470748045691, 40.576807217616604 ], [ -73.892618046610252, 40.576904946639083 ], [ -73.892490434748439, 40.584642139353505 ] ] ] } },
{ "type": "Feature", "properties": { "id": 2134, "left": 593726.4178000001, "top": 4491521.4247000003, "right": 594585.4178000001, "bottom": 4490662.4247000003, "row_index": 45, "col_index": 36, "sq_id": 2134 }, "geometry": { "type": "Polygon", "coordinates": [ [ [ -73.892745608957668, 40.569167743195997 ], [ -73.882599478697927, 40.569070040707707 ], [ -73.882728159404365, 40.561332853064719 ], [ -73.892873121812343, 40.561430529024868 ], [ -73.892745608957668, 40.569167743195997 ] ] ] } },
{ "type": "Feature", "properties": { "id": 2135, "left": 593726.4178000001, "top": 4490662.4247000003, "right": 594585.4178000001, "bottom": 4489803.4247000003, "row_index": 46, "col_index": 36, "sq_id": 2135 }, "geometry": { "type": "Polygon", "coordinates": [ [ [ -73.892873121812343, 40.561430529024868 ], [ -73.882728159404365, 40.561332853064719 ], [ -73.882856790186878, 40.553595654688216 ], [ -73.893000585196006, 40.553693304126256 ], [ -73.892873121812343, 40.561430529024868 ] ] ] } },
{ "type": "Feature", "properties": { "id": 2128, "left": 593726.4178000001, "top": 4496675.4247000003, "right": 594585.4178000001, "bottom": 4495816.4247000003, "row_index": 39, "col_index": 36, "sq_id": 2128 }, "geometry": { "type": "Polygon", "coordinates": [ [ [ -73.891979491722438, 40.615590802913061 ], [ -73.881826344830515, 40.615492941129069 ], [ -73.881955325540545, 40.607755817899466 ], [ -73.892107301859241, 40.607853653119065 ], [ -73.891979491722438, 40.615590802913061 ] ] ] } },
{ "type": "Feature", "properties": { "id": 2129, "left": 593726.4178000001, "top": 4495816.4247000003, "right": 594585.4178000001, "bottom": 4494957.4247000003, "row_index": 40, "col_index": 36, "sq_id": 2129 }, "geometry": { "type": "Polygon", "coordinates": [ [ [ -73.892107301859241, 40.607853653119065 ], [ -73.881955325540545, 40.607755817899466 ], [ -73.882084256195128, 40.600018683932845 ], [ -73.892235062394661, 40.600116492594076 ], [ -73.892107301859241, 40.607853653119065 ] ] ] } },
{ "type": "Feature", "properties": { "id": 2130, "left": 593726.4178000001, "top": 4494957.4247000003, "right": 594585.4178000001, "bottom": 4494098.4247000003, "row_index": 41, "col_index": 36, "sq_id": 2130 }, "geometry": { "type": "Polygon", "coordinates": [ [ [ -73.892235062394661, 40.600116492594076 ], [ -73.882084256195128, 40.600018683932845 ], [ -73.882213136816205, 40.592281539229759 ], [ -73.892362773350484, 40.592379321338697 ], [ -73.892235062394661, 40.600116492594076 ] ] ] } },
{ "type": "Feature", "properties": { "id": 2131, "left": 593726.4178000001, "top": 4494098.4247000003, "right": 594585.4178000001, "bottom": 4493239.4247000003, "row_index": 42, "col_index": 36, "sq_id": 2131 }, "geometry": { "type": "Polygon", "coordinates": [ [ [ -73.892362773350484, 40.592379321338697 ], [ -73.882213136816205, 40.592281539229759 ], [ -73.882341967425759, 40.584544383790828 ], [ -73.892490434748439, 40.584642139353505 ], [ -73.892362773350484, 40.592379321338697 ] ] ] } },
{ "type": "Feature", "properties": { "id": 2476, "left": 598880.4178000001, "top": 4496675.4247000003, "right": 599739.4178000001, "bottom": 4495816.4247000003, "row_index": 39, "col_index": 42, "sq_id": 2476 }, "geometry": { "type": "Polygon", "coordinates": [ [ [ -73.831061370617107, 40.614990247399263 ], [ -73.82090853100334, 40.614887031782807 ], [ -73.821044534684404, 40.607150073024471 ], [ -73.831196203859761, 40.607253260623729 ], [ -73.831061370617107, 40.614990247399263 ] ] ] } },
{ "type": "Feature", "properties": { "id": 2477, "left": 598880.4178000001, "top": 4495816.4247000003, "right": 599739.4178000001, "bottom": 4494957.4247000003, "row_index": 40, "col_index": 42, "sq_id": 2477 }, "geometry": { "type": "Polygon", "coordinates": [ [ [ -73.831196203859761, 40.607253260623729 ], [ -73.821044534684404, 40.607150073024471 ], [ -73.821180485585856, 40.599413103491628 ], [ -73.831330984776798, 40.599516263080091 ], [ -73.831196203859761, 40.607253260623729 ] ] ] } },
{ "type": "Feature", "properties": { "id": 2478, "left": 598880.4178000001, "top": 4494957.4247000003, "right": 599739.4178000001, "bottom": 4494098.4247000003, "row_index": 41, "col_index": 42, "sq_id": 2478 }, "geometry": { "type": "Polygon", "coordinates": [ [ [ -73.831330984776798, 40.599516263080091 ], [ -73.821180485585856, 40.599413103491628 ], [ -73.821316383730846, 40.591676123184904 ], [ -73.83146571339114, 40.591779254768937 ], [ -73.831330984776798, 40.599516263080091 ] ] ] } },
{ "type": "Feature", "properties": { "id": 2479, "left": 598880.4178000001, "top": 4494098.4247000003, "right": 599739.4178000001, "bottom": 4493239.4247000003, "row_index": 42, "col_index": 42, "sq_id": 2479 }, "geometry": { "type": "Polygon", "coordinates": [ [ [ -73.83146571339114, 40.591779254768937 ], [ -73.821316383730846, 40.591676123184904 ], [ -73.821452229142508, 40.583939132104895 ], [ -73.831600389725764, 40.584042235690866 ], [ -73.83146571339114, 40.591779254768937 ] ] ] } },
{ "type": "Feature", "properties": { "id": 2472, "left": 598880.4178000001, "top": 4500111.4247000003, "right": 599739.4178000001, "bottom": 4499252.4247000003, "row_index": 35, "col_index": 42, "sq_id": 2472 }, "geometry": { "type": "Polygon", "coordinates": [ [ [ -73.830521513930719, 40.645938086808279 ], [ -73.820363988019352, 40.645834759059206 ], [ -73.820500203050685, 40.638097843404871 ], [ -73.830656556705677, 40.638201143111189 ], [ -73.830521513930719, 40.645938086808279 ] ] ] } },
{ "type": "Feature", "properties": { "id": 2473, "left": 598880.4178000001, "top": 4499252.4247000003, "right": 599739.4178000001, "bottom": 4498393.4247000003, "row_index": 36, "col_index": 42, "sq_id": 2473 }, "geometry": { "type": "Polygon", "coordinates": [ [ [ -73.830656556705677, 40.638201143111189 ], [ -73.820500203050685, 40.638097843404871 ], [ -73.820636365209666, 40.630360916973615 ], [ -73.830791547063058, 40.6304641886436 ], [ -73.830656556705677, 40.638201143111189 ] ] ] } },
{ "type": "Feature", "properties": { "id": 2474, "left": 598880.4178000001, "top": 4498393.4247000003, "right": 599739.4178000001, "bottom": 4497534.4247000003, "row_index": 37, "col_index": 42, "sq_id": 2474 }, "geometry": { "type": "Polygon", "coordinates": [ [ [ -73.830791547063058, 40.6304641886436 ], [ -73.820636365209666, 40.630360916973615 ], [ -73.820772474519487, 40.622623979766075 ], [ -73.83092648502587, 40.622727223406095 ], [ -73.830791547063058, 40.6304641886436 ] ] ] } },
{ "type": "Feature", "properties": { "id": 2475, "left": 598880.4178000001, "top": 4497534.4247000003, "right": 599739.4178000001, "bottom": 4496675.4247000003, "row_index": 38, "col_index": 42, "sq_id": 2475 }, "geometry": { "type": "Polygon", "coordinates": [ [ [ -73.83092648502587, 40.622727223406095 ], [ -73.820772474519487, 40.622623979766075 ], [ -73.82090853100334, 40.614887031782807 ], [ -73.831061370617107, 40.614990247399263 ], [ -73.83092648502587, 40.622727223406095 ] ] ] } },
{ "type": "Feature", "properties": { "id": 2468, "left": 598880.4178000001, "top": 4503547.4247000003, "right": 599739.4178000001, "bottom": 4502688.4247000003, "row_index": 31, "col_index": 42, "sq_id": 2468 }, "geometry": { "type": "Polygon", "coordinates": [ [ [ -73.829980818194286, 40.676885753879596 ], [ -73.819818598705538, 40.676782313895515 ], [ -73.819955025458768, 40.669045441354797 ], [ -73.830116070870005, 40.669148853270514 ], [ -73.829980818194286, 40.676885753879596 ] ] ] } },
{ "type": "Feature", "properties": { "id": 2469, "left": 598880.4178000001, "top": 4502688.4247000003, "right": 599739.4178000001, "bottom": 4501829.4247000003, "row_index": 32, "col_index": 42, "sq_id": 2469 }, "geometry": { "type": "Polygon", "coordinates": [ [ [ -73.830116070870005, 40.669148853270514 ], [ -73.819955025458768, 40.669045441354797 ], [ -73.820091399246621, 40.661308558034769 ], [ -73.83025127103592, 40.661411941888545 ], [ -73.830116070870005, 40.669148853270514 ] ] ] } },
{ "type": "Feature", "properties": { "id": 2470, "left": 598880.4178000001, "top": 4501829.4247000003, "right": 599739.4178000001, "bottom": 4500970.4247000003, "row_index": 33, "col_index": 42, "sq_id": 2470 }, "geometry": { "type": "Polygon", "coordinates": [ [ [ -73.83025127103592, 40.661411941888545 ], [ -73.820091399246621, 40.661308558034769 ], [ -73.820227720092404, 40.653571663936042 ], [ -73.830386418715136, 40.653675019734251 ], [ -73.83025127103592, 40.661411941888545 ] ] ] } },
{ "type": "Feature", "properties": { "id": 444, "left": 568815.4178000001, "top": 4498393.4247000003, "right": 569674.4178000001, "bottom": 4497534.4247000003, "row_index": 37, "col_index": 7, "sq_id": 444 }, "geometry": { "type": "Polygon", "coordinates": [ [ [ -74.186252673817435, 40.633516171998693 ], [ -74.176095928733147, 40.633444153983575 ], [ -74.17619102852025, 40.625706379887951 ], [ -74.18634660157133, 40.625778378354191 ], [ -74.186252673817435, 40.633516171998693 ] ] ] } },
{ "type": "Feature", "properties": { "id": 2471, "left": 598880.4178000001, "top": 4500970.4247000003, "right": 599739.4178000001, "bottom": 4500111.4247000003, "row_index": 34, "col_index": 42, "sq_id": 2471 }, "geometry": { "type": "Polygon", "coordinates": [ [ [ -73.830386418715136, 40.653675019734251 ], [ -73.820227720092404, 40.653571663936042 ], [ -73.820363988019352, 40.645834759059206 ], [ -73.830521513930719, 40.645938086808279 ], [ -73.830386418715136, 40.653675019734251 ] ] ] } },
{ "type": "Feature", "properties": { "id": 445, "left": 568815.4178000001, "top": 4497534.4247000003, "right": 569674.4178000001, "bottom": 4496675.4247000003, "row_index": 38, "col_index": 7, "sq_id": 445 }, "geometry": { "type": "Polygon", "coordinates": [ [ [ -74.18634660157133, 40.625778378354191 ], [ -74.17619102852025, 40.625706379887951 ], [ -74.17628609139301, 40.617968595207394 ], [ -74.186440492865728, 40.618040574129196 ], [ -74.18634660157133, 40.625778378354191 ] ] ] } },
{ "type": "Feature", "properties": { "id": 2464, "left": 598880.4178000001, "top": 4506983.4247000003, "right": 599739.4178000001, "bottom": 4506124.4247000003, "row_index": 27, "col_index": 42, "sq_id": 2464 }, "geometry": { "type": "Polygon", "coordinates": [ [ [ -73.829439281931826, 40.707833248575021 ], [ -73.819272361573042, 40.707729696253388 ], [ -73.819409000420734, 40.699992866835863 ], [ -73.829574744877632, 40.700096391063489 ], [ -73.829439281931826, 40.707833248575021 ] ] ] } },
{ "type": "Feature", "properties": { "id": 446, "left": 568815.4178000001, "top": 4496675.4247000003, "right": 569674.4178000001, "bottom": 4495816.4247000003, "row_index": 39, "col_index": 7, "sq_id": 446 }, "geometry": { "type": "Polygon", "coordinates": [ [ [ -74.186440492865728, 40.618040574129196 ], [ -74.17628609139301, 40.617968595207394 ], [ -74.176381117367626, 40.610230799942386 ], [ -74.186534347716602, 40.610302759324242 ], [ -74.186440492865728, 40.618040574129196 ] ] ] } },
{ "type": "Feature", "properties": { "id": 2465, "left": 598880.4178000001, "top": 4506124.4247000003, "right": 599739.4178000001, "bottom": 4505265.4247000003, "row_index": 28, "col_index": 42, "sq_id": 2465 }, "geometry": { "type": "Polygon", "coordinates": [ [ [ -73.829574744877632, 40.700096391063489 ], [ -73.819409000420734, 40.699992866835863 ], [ -73.819545586209827, 40.692256026636642 ], [ -73.829710155221221, 40.692359522776655 ], [ -73.829574744877632, 40.700096391063489 ] ] ] } },
{ "type": "Feature", "properties": { "id": 447, "left": 568815.4178000001, "top": 4495816.4247000003, "right": 569674.4178000001, "bottom": 4494957.4247000003, "row_index": 40, "col_index": 7, "sq_id": 447 }, "geometry": { "type": "Polygon", "coordinates": [ [ [ -74.186534347716602, 40.610302759324242 ], [ -74.176381117367626, 40.610230799942386 ], [ -74.176476106460299, 40.602492994093467 ], [ -74.186628166139968, 40.602564933939796 ], [ -74.186534347716602, 40.610302759324242 ] ] ] } },
{ "type": "Feature", "properties": { "id": 2466, "left": 598880.4178000001, "top": 4505265.4247000003, "right": 599739.4178000001, "bottom": 4504406.4247000003, "row_index": 29, "col_index": 42, "sq_id": 2466 }, "geometry": { "type": "Polygon", "coordinates": [ [ [ -73.829710155221221, 40.692359522776655 ], [ -73.819545586209827, 40.692256026636642 ], [ -73.819682118963655, 40.684519175656327 ], [ -73.829845512985727, 40.684622643715166 ], [ -73.829710155221221, 40.692359522776655 ] ] ] } },
{ "type": "Feature", "properties": { "id": 2467, "left": 598880.4178000001, "top": 4504406.4247000003, "right": 599739.4178000001, "bottom": 4503547.4247000003, "row_index": 30, "col_index": 42, "sq_id": 2467 }, "geometry": { "type": "Polygon", "coordinates": [ [ [ -73.829845512985727, 40.684622643715166 ], [ -73.819682118963655, 40.684519175656327 ], [ -73.819818598705538, 40.676782313895515 ], [ -73.829980818194286, 40.676885753879596 ], [ -73.829845512985727, 40.684622643715166 ] ] ] } },
{ "type": "Feature", "properties": { "id": 442, "left": 568815.4178000001, "top": 4500111.4247000003, "right": 569674.4178000001, "bottom": 4499252.4247000003, "row_index": 35, "col_index": 7, "sq_id": 442 }, "geometry": { "type": "Polygon", "coordinates": [ [ [ -74.186064708867036, 40.648991727544207 ], [ -74.175905618351052, 40.648919670417939 ], [ -74.1760007920155, 40.641181917493732 ], [ -74.186158709588014, 40.64125395506219 ], [ -74.186064708867036, 40.648991727544207 ] ] ] } },
{ "type": "Feature", "properties": { "id": 443, "left": 568815.4178000001, "top": 4499252.4247000003, "right": 569674.4178000001, "bottom": 4498393.4247000003, "row_index": 36, "col_index": 7, "sq_id": 443 }, "geometry": { "type": "Polygon", "coordinates": [ [ [ -74.186158709588014, 40.64125395506219 ], [ -74.1760007920155, 40.641181917493732 ], [ -74.176095928733147, 40.633444153983575 ], [ -74.186252673817435, 40.633516171998693 ], [ -74.186158709588014, 40.64125395506219 ] ] ] } },
{ "type": "Feature", "properties": { "id": 396, "left": 567956.4178000001, "top": 4489803.4247000003, "right": 568815.4178000001, "bottom": 4488944.4247000003, "row_index": 47, "col_index": 6, "sq_id": 396 }, "geometry": { "type": "Polygon", "coordinates": [ [ [ -74.197335394108322, 40.556208691486667 ], [ -74.187190312596698, 40.556137759492429 ], [ -74.18728387647441, 40.548399860065828 ], [ -74.197427790476283, 40.548470772797494 ], [ -74.197335394108322, 40.556208691486667 ] ] ] } },
{ "type": "Feature", "properties": { "id": 397, "left": 567956.4178000001, "top": 4488944.4247000003, "right": 568815.4178000001, "bottom": 4488085.4247000003, "row_index": 48, "col_index": 6, "sq_id": 397 }, "geometry": { "type": "Polygon", "coordinates": [ [ [ -74.197427790476283, 40.548470772797494 ], [ -74.18728387647441, 40.548399860065828 ], [ -74.187377404052171, 40.5406619500638 ], [ -74.197520150997136, 40.540732843537292 ], [ -74.197427790476283, 40.548470772797494 ] ] ] } },
{ "type": "Feature", "properties": { "id": 2480, "left": 598880.4178000001, "top": 4493239.4247000003, "right": 599739.4178000001, "bottom": 4492380.4247000003, "row_index": 43, "col_index": 42, "sq_id": 2480 }, "geometry": { "type": "Polygon", "coordinates": [ [ [ -73.831600389725764, 40.584042235690866 ], [ -73.821452229142508, 40.583939132104895 ], [ -73.821588021843951, 40.576202130252199 ], [ -73.831735013803566, 40.576305205846495 ], [ -73.831600389725764, 40.584042235690866 ] ] ] } },
{ "type": "Feature", "properties": { "id": 398, "left": 567956.4178000001, "top": 4488085.4247000003, "right": 568815.4178000001, "bottom": 4487226.4247000003, "row_index": 49, "col_index": 6, "sq_id": 398 }, "geometry": { "type": "Polygon", "coordinates": [ [ [ -74.197520150997136, 40.540732843537292 ], [ -74.187377404052171, 40.5406619500638 ], [ -74.187470895345896, 40.532924029486864 ], [ -74.197612475686611, 40.532994903706538 ], [ -74.197520150997136, 40.540732843537292 ] ] ] } },
{ "type": "Feature", "properties": { "id": 399, "left": 567956.4178000001, "top": 4487226.4247000003, "right": 568815.4178000001, "bottom": 4486367.4247000003, "row_index": 50, "col_index": 6, "sq_id": 399 }, "geometry": { "type": "Polygon", "coordinates": [ [ [ -74.197612475686611, 40.532994903706538 ], [ -74.187470895345896, 40.532924029486864 ], [ -74.187564350371474, 40.52518609833556 ], [ -74.197704764560385, 40.525256953305799 ], [ -74.197612475686611, 40.532994903706538 ] ] ] } },
{ "type": "Feature", "properties": { "id": 392, "left": 567956.4178000001, "top": 4493239.4247000003, "right": 568815.4178000001, "bottom": 4492380.4247000003, "row_index": 43, "col_index": 6, "sq_id": 392 }, "geometry": { "type": "Polygon", "coordinates": [ [ [ -74.196965449851248, 40.58716026052285 ], [ -74.186815693768082, 40.587089251434492 ], [ -74.186909403004776, 40.579351394314649 ], [ -74.197057989764772, 40.579422384122893 ], [ -74.196965449851248, 40.58716026052285 ] ] ] } },
{ "type": "Feature", "properties": { "id": 393, "left": 567956.4178000001, "top": 4492380.4247000003, "right": 568815.4178000001, "bottom": 4491521.4247000003, "row_index": 44, "col_index": 6, "sq_id": 393 }, "geometry": { "type": "Polygon", "coordinates": [ [ [ -74.197057989764772, 40.579422384122893 ], [ -74.186909403004776, 40.579351394314649 ], [ -74.187003075877797, 40.571613526617348 ], [ -74.197150493768305, 40.571684497149867 ], [ -74.197057989764772, 40.579422384122893 ] ] ] } },
{ "type": "Feature", "properties": { "id": 2444, "left": 598880.4178000001, "top": 4524163.4247000003, "right": 599739.4178000001, "bottom": 4523304.4247000003, "row_index": 7, "col_index": 42, "sq_id": 2444 }, "geometry": { "type": "Polygon", "coordinates": [ [ [ -73.826718940799907, 40.862568135090029 ], [ -73.816528406251635, 40.862464019534656 ], [ -73.816666111193896, 40.854727405875337 ], [ -73.826855460670174, 40.854831493207598 ], [ -73.826718940799907, 40.862568135090029 ] ] ] } },
{ "type": "Feature", "properties": { "id": 394, "left": 567956.4178000001, "top": 4491521.4247000003, "right": 568815.4178000001, "bottom": 4490662.4247000003, "row_index": 45, "col_index": 6, "sq_id": 394 }, "geometry": { "type": "Polygon", "coordinates": [ [ [ -74.197150493768305, 40.571684497149867 ], [ -74.187003075877797, 40.571613526617348 ], [ -74.187096712403147, 40.5638756483431 ], [ -74.197242961877578, 40.563946599604293 ], [ -74.197150493768305, 40.571684497149867 ] ] ] } },
{ "type": "Feature", "properties": { "id": 2445, "left": 598880.4178000001, "top": 4523304.4247000003, "right": 599739.4178000001, "bottom": 4522445.4247000003, "row_index": 8, "col_index": 42, "sq_id": 2445 }, "geometry": { "type": "Polygon", "coordinates": [ [ [ -73.826855460670174, 40.854831493207598 ], [ -73.816666111193896, 40.854727405875337 ], [ -73.816803762607776, 40.846990781422534 ], [ -73.826991927472491, 40.847094840538155 ], [ -73.826855460670174, 40.854831493207598 ] ] ] } },
{ "type": "Feature", "properties": { "id": 395, "left": 567956.4178000001, "top": 4490662.4247000003, "right": 568815.4178000001, "bottom": 4489803.4247000003, "row_index": 46, "col_index": 6, "sq_id": 395 }, "geometry": { "type": "Polygon", "coordinates": [ [ [ -74.197242961877578, 40.563946599604293 ], [ -74.187096712403147, 40.5638756483431 ], [ -74.187190312596698, 40.556137759492429 ], [ -74.197335394108322, 40.556208691486667 ], [ -74.197242961877578, 40.563946599604293 ] ] ] } },
{ "type": "Feature", "properties": { "id": 2446, "left": 598880.4178000001, "top": 4522445.4247000003, "right": 599739.4178000001, "bottom": 4521586.4247000003, "row_index": 9, "col_index": 42, "sq_id": 2446 }, "geometry": { "type": "Polygon", "coordinates": [ [ [ -73.826991927472491, 40.847094840538155 ], [ -73.816803762607776, 40.846990781422534 ], [ -73.816941360516893, 40.839254146176827 ], [ -73.827128341230292, 40.839358177082303 ], [ -73.826991927472491, 40.847094840538155 ] ] ] } },
{ "type": "Feature", "properties": { "id": 388, "left": 567956.4178000001, "top": 4496675.4247000003, "right": 568815.4178000001, "bottom": 4495816.4247000003, "row_index": 39, "col_index": 6, "sq_id": 388 }, "geometry": { "type": "Polygon", "coordinates": [ [ [ -74.196594930781941, 40.618111660381906 ], [ -74.186440492865728, 40.618040574129196 ], [ -74.186534347716602, 40.610302759324242 ], [ -74.196687614493101, 40.610373826279258 ], [ -74.196594930781941, 40.618111660381906 ] ] ] } },
{ "type": "Feature", "properties": { "id": 2447, "left": 598880.4178000001, "top": 4521586.4247000003, "right": 599739.4178000001, "bottom": 4520727.4247000003, "row_index": 10, "col_index": 42, "sq_id": 2447 }, "geometry": { "type": "Polygon", "coordinates": [ [ [ -73.827128341230292, 40.839358177082303 ], [ -73.816941360516893, 40.839254146176827 ], [ -73.817078904944907, 40.83151750013878 ], [ -73.827264701966982, 40.831621502840591 ], [ -73.827128341230292, 40.839358177082303 ] ] ] } },
{ "type": "Feature", "properties": { "id": 389, "left": 567956.4178000001, "top": 4495816.4247000003, "right": 568815.4178000001, "bottom": 4494957.4247000003, "row_index": 40, "col_index": 6, "sq_id": 389 }, "geometry": { "type": "Polygon", "coordinates": [ [ [ -74.196687614493101, 40.610373826279258 ], [ -74.186534347716602, 40.610302759324242 ], [ -74.186628166139968, 40.602564933939796 ], [ -74.196780262231186, 40.602635981601523 ], [ -74.196687614493101, 40.610373826279258 ] ] ] } },
{ "type": "Feature", "properties": { "id": 2440, "left": 598880.4178000001, "top": 4527599.4247000003, "right": 599739.4178000001, "bottom": 4526740.4247000003, "row_index": 3, "col_index": 42, "sq_id": 2440 }, "geometry": { "type": "Polygon", "coordinates": [ [ [ -73.826172330170138, 40.893514594738122 ], [ -73.815977050725635, 40.893410366225339 ], [ -73.816114970018035, 40.885673795745817 ], [ -73.826309062546827, 40.885777996009502 ], [ -73.826172330170138, 40.893514594738122 ] ] ] } },
{ "type": "Feature", "properties": { "id": 390, "left": 567956.4178000001, "top": 4494957.4247000003, "right": 568815.4178000001, "bottom": 4494098.4247000003, "row_index": 41, "col_index": 6, "sq_id": 390 }, "geometry": { "type": "Polygon", "coordinates": [ [ [ -74.196780262231186, 40.602635981601523 ], [ -74.186628166139968, 40.602564933939796 ], [ -74.186721948151813, 40.594827097976378 ], [ -74.196872874011959, 40.594898126349229 ], [ -74.196780262231186, 40.602635981601523 ] ] ] } },
{ "type": "Feature", "properties": { "id": 2441, "left": 598880.4178000001, "top": 4526740.4247000003, "right": 599739.4178000001, "bottom": 4525881.4247000003, "row_index": 4, "col_index": 42, "sq_id": 2441 }, "geometry": { "type": "Polygon", "coordinates": [ [ [ -73.826309062546827, 40.885777996009502 ], [ -73.816114970018035, 40.885673795745817 ], [ -73.816252835687393, 40.877937214470485 ], [ -73.826445741761702, 40.87804138649156 ], [ -73.826309062546827, 40.885777996009502 ] ] ] } },
{ "type": "Feature", "properties": { "id": 391, "left": 567956.4178000001, "top": 4494098.4247000003, "right": 568815.4178000001, "bottom": 4493239.4247000003, "row_index": 42, "col_index": 6, "sq_id": 391 }, "geometry": { "type": "Polygon", "coordinates": [ [ [ -74.196872874011959, 40.594898126349229 ], [ -74.186721948151813, 40.594827097976378 ], [ -74.186815693768082, 40.587089251434492 ], [ -74.196965449851248, 40.58716026052285 ], [ -74.196872874011959, 40.594898126349229 ] ] ] } },
{ "type": "Feature", "properties": { "id": 2442, "left": 598880.4178000001, "top": 4525881.4247000003, "right": 599739.4178000001, "bottom": 4525022.4247000003, "row_index": 5, "col_index": 42, "sq_id": 2442 }, "geometry": { "type": "Polygon", "coordinates": [ [ [ -73.826445741761702, 40.87804138649156 ], [ -73.816252835687393, 40.877937214470485 ], [ -73.816390647757359, 40.870200622399906 ], [ -73.826582367838228, 40.87030476618488 ], [ -73.826445741761702, 40.87804138649156 ] ] ] } },
{ "type": "Feature", "properties": { "id": 384, "left": 567956.4178000001, "top": 4500111.4247000003, "right": 568815.4178000001, "bottom": 4499252.4247000003, "row_index": 35, "col_index": 6, "sq_id": 384 }, "geometry": { "type": "Polygon", "coordinates": [ [ [ -74.196223835890606, 40.64906289103164 ], [ -74.186064708867036, 40.648991727544207 ], [ -74.186158709588014, 40.64125395506219 ], [ -74.19631666365207, 40.641325099234344 ], [ -74.196223835890606, 40.64906289103164 ] ] ] } },
{ "type": "Feature", "properties": { "id": 2443, "left": 598880.4178000001, "top": 4525022.4247000003, "right": 599739.4178000001, "bottom": 4524163.4247000003, "row_index": 6, "col_index": 42, "sq_id": 2443 }, "geometry": { "type": "Polygon", "coordinates": [ [ [ -73.826582367838228, 40.87030476618488 ], [ -73.816390647757359, 40.870200622399906 ], [ -73.816528406251635, 40.862464019534656 ], [ -73.826718940799907, 40.862568135090029 ], [ -73.826582367838228, 40.87030476618488 ] ] ] } },
{ "type": "Feature", "properties": { "id": 385, "left": 567956.4178000001, "top": 4499252.4247000003, "right": 568815.4178000001, "bottom": 4498393.4247000003, "row_index": 36, "col_index": 6, "sq_id": 385 }, "geometry": { "type": "Polygon", "coordinates": [ [ [ -74.19631666365207, 40.641325099234344 ], [ -74.186158709588014, 40.64125395506219 ], [ -74.186252673817435, 40.633516171998693 ], [ -74.196409455377236, 40.633587296859957 ], [ -74.19631666365207, 40.641325099234344 ] ] ] } },
{ "type": "Feature", "properties": { "id": 386, "left": 567956.4178000001, "top": 4498393.4247000003, "right": 568815.4178000001, "bottom": 4497534.4247000003, "row_index": 37, "col_index": 6, "sq_id": 386 }, "geometry": { "type": "Polygon", "coordinates": [ [ [ -74.196409455377236, 40.633587296859957 ], [ -74.186252673817435, 40.633516171998693 ], [ -74.18634660157133, 40.625778378354191 ], [ -74.196502211081921, 40.625849483908986 ], [ -74.196409455377236, 40.633587296859957 ] ] ] } },
{ "type": "Feature", "properties": { "id": 387, "left": 567956.4178000001, "top": 4497534.4247000003, "right": 568815.4178000001, "bottom": 4496675.4247000003, "row_index": 38, "col_index": 6, "sq_id": 387 }, "geometry": { "type": "Polygon", "coordinates": [ [ [ -74.196502211081921, 40.625849483908986 ], [ -74.18634660157133, 40.625778378354191 ], [ -74.186440492865728, 40.618040574129196 ], [ -74.196594930781941, 40.618111660381906 ], [ -74.196502211081921, 40.625849483908986 ] ] ] } },
{ "type": "Feature", "properties": { "id": 2460, "left": 598880.4178000001, "top": 4510419.4247000003, "right": 599739.4178000001, "bottom": 4509560.4247000003, "row_index": 23, "col_index": 42, "sq_id": 2460 }, "geometry": { "type": "Polygon", "coordinates": [ [ [ -73.828896903663448, 40.738780570856576 ], [ -73.818725275129182, 40.738676906094589 ], [ -73.81886212644487, 40.730940119809802 ], [ -73.829032577249677, 40.731043756452067 ], [ -73.828896903663448, 40.738780570856576 ] ] ] } },
{ "type": "Feature", "properties": { "id": 2461, "left": 598880.4178000001, "top": 4509560.4247000003, "right": 599739.4178000001, "bottom": 4508701.4247000003, "row_index": 24, "col_index": 42, "sq_id": 2461 }, "geometry": { "type": "Polygon", "coordinates": [ [ [ -73.829032577249677, 40.731043756452067 ], [ -73.81886212644487, 40.730940119809802 ], [ -73.818998924608479, 40.72320332274095 ], [ -73.829168198141019, 40.72330693126991 ], [ -73.829032577249677, 40.731043756452067 ] ] ] } },
{ "type": "Feature", "properties": { "id": 2462, "left": 598880.4178000001, "top": 4508701.4247000003, "right": 599739.4178000001, "bottom": 4507842.4247000003, "row_index": 25, "col_index": 42, "sq_id": 2462 }, "geometry": { "type": "Polygon", "coordinates": [ [ [ -73.829168198141019, 40.72330693126991 ], [ -73.818998924608479, 40.72320332274095 ], [ -73.819135669643401, 40.715466514888604 ], [ -73.829303766360667, 40.715570095310696 ], [ -73.829168198141019, 40.72330693126991 ] ] ] } },
{ "type": "Feature", "properties": { "id": 2463, "left": 598880.4178000001, "top": 4507842.4247000003, "right": 599739.4178000001, "bottom": 4506983.4247000003, "row_index": 26, "col_index": 42, "sq_id": 2463 }, "geometry": { "type": "Polygon", "coordinates": [ [ [ -73.829303766360667, 40.715570095310696 ], [ -73.819135669643401, 40.715466514888604 ], [ -73.819272361573042, 40.707729696253388 ], [ -73.829439281931826, 40.707833248575021 ], [ -73.829303766360667, 40.715570095310696 ] ] ] } },
{ "type": "Feature", "properties": { "id": 2456, "left": 598880.4178000001, "top": 4513855.4247000003, "right": 599739.4178000001, "bottom": 4512996.4247000003, "row_index": 19, "col_index": 42, "sq_id": 2456 }, "geometry": { "type": "Polygon", "coordinates": [ [ [ -73.828353681905497, 40.769727720686447 ], [ -73.818177337877472, 40.769623943381113 ], [ -73.818314402035625, 40.761887200238569 ], [ -73.828489566503407, 40.761990949398395 ], [ -73.828353681905497, 40.769727720686447 ] ] ] } },
{ "type": "Feature", "properties": { "id": 2457, "left": 598880.4178000001, "top": 4512996.4247000003, "right": 599739.4178000001, "bottom": 4512137.4247000003, "row_index": 20, "col_index": 42, "sq_id": 2457 }, "geometry": { "type": "Polygon", "coordinates": [ [ [ -73.828489566503407, 40.761990949398395 ], [ -73.818314402035625, 40.761887200238569 ], [ -73.818451412947994, 40.754150446309566 ], [ -73.828625398313548, 40.754254167330338 ], [ -73.828489566503407, 40.761990949398395 ] ] ] } },
{ "type": "Feature", "properties": { "id": 2458, "left": 598880.4178000001, "top": 4512137.4247000003, "right": 599739.4178000001, "bottom": 4511278.4247000003, "row_index": 21, "col_index": 42, "sq_id": 2458 }, "geometry": { "type": "Polygon", "coordinates": [ [ [ -73.828625398313548, 40.754254167330338 ], [ -73.818451412947994, 40.754150446309566 ], [ -73.818588370638039, 40.746413681594717 ], [ -73.828761177359141, 40.746517374482877 ], [ -73.828625398313548, 40.754254167330338 ] ] ] } },
{ "type": "Feature", "properties": { "id": 400, "left": 567956.4178000001, "top": 4486367.4247000003, "right": 568815.4178000001, "bottom": 4485508.4247000003, "row_index": 51, "col_index": 6, "sq_id": 400 }, "geometry": { "type": "Polygon", "coordinates": [ [ [ -74.197704764560385, 40.525256953305799 ], [ -74.187564350371474, 40.52518609833556 ], [ -74.187657769144778, 40.517448156610357 ], [ -74.197797017634144, 40.517518992335539 ], [ -74.197704764560385, 40.525256953305799 ] ] ] } },
{ "type": "Feature", "properties": { "id": 2459, "left": 598880.4178000001, "top": 4511278.4247000003, "right": 599739.4178000001, "bottom": 4510419.4247000003, "row_index": 22, "col_index": 42, "sq_id": 2459 }, "geometry": { "type": "Polygon", "coordinates": [ [ [ -73.828761177359141, 40.746517374482877 ], [ -73.818588370638039, 40.746413681594717 ], [ -73.818725275129182, 40.738676906094589 ], [ -73.828896903663448, 40.738780570856576 ], [ -73.828761177359141, 40.746517374482877 ] ] ] } },
{ "type": "Feature", "properties": { "id": 401, "left": 567956.4178000001, "top": 4485508.4247000003, "right": 568815.4178000001, "bottom": 4484649.4247000003, "row_index": 52, "col_index": 6, "sq_id": 401 }, "geometry": { "type": "Polygon", "coordinates": [ [ [ -74.197797017634144, 40.517518992335539 ], [ -74.187657769144778, 40.517448156610357 ], [ -74.187751151681681, 40.509710204311801 ], [ -74.197889234923565, 40.509781020796275 ], [ -74.197797017634144, 40.517518992335539 ] ] ] } },
{ "type": "Feature", "properties": { "id": 2452, "left": 598880.4178000001, "top": 4517291.4247000003, "right": 599739.4178000001, "bottom": 4516432.4247000003, "row_index": 15, "col_index": 42, "sq_id": 2452 }, "geometry": { "type": "Polygon", "coordinates": [ [ [ -73.827809615170452, 40.800674698026945 ], [ -73.817628548317444, 40.800570808075086 ], [ -73.817765825693556, 40.792834108084207 ], [ -73.827945711152296, 40.792937969864752 ], [ -73.827809615170452, 40.800674698026945 ] ] ] } },
{ "type": "Feature", "properties": { "id": 2453, "left": 598880.4178000001, "top": 4516432.4247000003, "right": 599739.4178000001, "bottom": 4515573.4247000003, "row_index": 16, "col_index": 42, "sq_id": 2453 }, "geometry": { "type": "Polygon", "coordinates": [ [ [ -73.827945711152296, 40.792937969864752 ], [ -73.817765825693556, 40.792834108084207 ], [ -73.817903049729921, 40.78509739730454 ], [ -73.828081754253219, 40.785201230920208 ], [ -73.827945711152296, 40.792937969864752 ] ] ] } },
{ "type": "Feature", "properties": { "id": 2454, "left": 598880.4178000001, "top": 4515573.4247000003, "right": 599739.4178000001, "bottom": 4514714.4247000003, "row_index": 17, "col_index": 42, "sq_id": 2454 }, "geometry": { "type": "Polygon", "coordinates": [ [ [ -73.828081754253219, 40.785201230920208 ], [ -73.817903049729921, 40.78509739730454 ], [ -73.818040220450058, 40.777360675736638 ], [ -73.828217744496513, 40.77746448119391 ], [ -73.828081754253219, 40.785201230920208 ] ] ] } },
{ "type": "Feature", "properties": { "id": 2455, "left": 598880.4178000001, "top": 4514714.4247000003, "right": 599739.4178000001, "bottom": 4513855.4247000003, "row_index": 18, "col_index": 42, "sq_id": 2455 }, "geometry": { "type": "Polygon", "coordinates": [ [ [ -73.828217744496513, 40.77746448119391 ], [ -73.818040220450058, 40.777360675736638 ], [ -73.818177337877472, 40.769623943381113 ], [ -73.828353681905497, 40.769727720686447 ], [ -73.828217744496513, 40.77746448119391 ] ] ] } },
{ "type": "Feature", "properties": { "id": 2448, "left": 598880.4178000001, "top": 4520727.4247000003, "right": 599739.4178000001, "bottom": 4519868.4247000003, "row_index": 11, "col_index": 42, "sq_id": 2448 }, "geometry": { "type": "Polygon", "coordinates": [ [ [ -73.827264701966982, 40.831621502840591 ], [ -73.817078904944907, 40.83151750013878 ], [ -73.817216395915381, 40.823780843308995 ], [ -73.827401009705966, 40.823884817813614 ], [ -73.827264701966982, 40.831621502840591 ] ] ] } },
{ "type": "Feature", "properties": { "id": 2449, "left": 598880.4178000001, "top": 4519868.4247000003, "right": 599739.4178000001, "bottom": 4519009.4247000003, "row_index": 12, "col_index": 42, "sq_id": 2449 }, "geometry": { "type": "Polygon", "coordinates": [ [ [ -73.827401009705966, 40.823884817813614 ], [ -73.817216395915381, 40.823780843308995 ], [ -73.817353833451918, 40.816044175688063 ], [ -73.827537264470621, 40.816148122001955 ], [ -73.827401009705966, 40.823884817813614 ] ] ] } },
{ "type": "Feature", "properties": { "id": 2450, "left": 598880.4178000001, "top": 4519009.4247000003, "right": 599739.4178000001, "bottom": 4518150.4247000003, "row_index": 13, "col_index": 42, "sq_id": 2450 }, "geometry": { "type": "Polygon", "coordinates": [ [ [ -73.827537264470621, 40.816148122001955 ], [ -73.817353833451918, 40.816044175688063 ], [ -73.81749121757808, 40.808307497276566 ], [ -73.827673466284338, 40.808411415406212 ], [ -73.827537264470621, 40.816148122001955 ] ] ] } },
{ "type": "Feature", "properties": { "id": 2451, "left": 598880.4178000001, "top": 4518150.4247000003, "right": 599739.4178000001, "bottom": 4517291.4247000003, "row_index": 14, "col_index": 42, "sq_id": 2451 }, "geometry": { "type": "Polygon", "coordinates": [ [ [ -73.827673466284338, 40.808411415406212 ], [ -73.81749121757808, 40.808307497276566 ], [ -73.817628548317444, 40.800570808075086 ], [ -73.827809615170452, 40.800674698026945 ], [ -73.827673466284338, 40.808411415406212 ] ] ] } },
{ "type": "Feature", "properties": { "id": 2536, "left": 599739.4178000001, "top": 4494957.4247000003, "right": 600598.4178000001, "bottom": 4494098.4247000003, "row_index": 41, "col_index": 43, "sq_id": 2536 }, "geometry": { "type": "Polygon", "coordinates": [ [ [ -73.821180485585856, 40.599413103491628 ], [ -73.81103003915139, 40.599309052128227 ], [ -73.811167106803879, 40.591572100067928 ], [ -73.821316383730846, 40.591676123184904 ], [ -73.821180485585856, 40.599413103491628 ] ] ] } },
{ "type": "Feature", "properties": { "id": 2537, "left": 599739.4178000001, "top": 4494098.4247000003, "right": 600598.4178000001, "bottom": 4493239.4247000003, "row_index": 42, "col_index": 43, "sq_id": 2537 }, "geometry": { "type": "Polygon", "coordinates": [ [ [ -73.821316383730846, 40.591676123184904 ], [ -73.811167106803879, 40.591572100067928 ], [ -73.811304121269458, 40.583835137227915 ], [ -73.821452229142508, 40.583939132104895 ], [ -73.821316383730846, 40.591676123184904 ] ] ] } },
{ "type": "Feature", "properties": { "id": 2538, "left": 599739.4178000001, "top": 4493239.4247000003, "right": 600598.4178000001, "bottom": 4492380.4247000003, "row_index": 43, "col_index": 43, "sq_id": 2538 }, "geometry": { "type": "Polygon", "coordinates": [ [ [ -73.821452229142508, 40.583939132104895 ], [ -73.811304121269458, 40.583835137227915 ], [ -73.811441082571449, 40.576098163608791 ], [ -73.821588021843951, 40.576202130252199 ], [ -73.821452229142508, 40.583939132104895 ] ] ] } },
{ "type": "Feature", "properties": { "id": 2532, "left": 599739.4178000001, "top": 4498393.4247000003, "right": 600598.4178000001, "bottom": 4497534.4247000003, "row_index": 37, "col_index": 43, "sq_id": 2532 }, "geometry": { "type": "Polygon", "coordinates": [ [ [ -73.820636365209666, 40.630360916973615 ], [ -73.810481236205433, 40.630256752560129 ], [ -73.810618516839057, 40.622519843624758 ], [ -73.820772474519487, 40.622623979766075 ], [ -73.820636365209666, 40.630360916973615 ] ] ] } },
{ "type": "Feature", "properties": { "id": 2533, "left": 599739.4178000001, "top": 4497534.4247000003, "right": 600598.4178000001, "bottom": 4496675.4247000003, "row_index": 38, "col_index": 43, "sq_id": 2533 }, "geometry": { "type": "Polygon", "coordinates": [ [ [ -73.820772474519487, 40.622623979766075 ], [ -73.810618516839057, 40.622519843624758 ], [ -73.810755744192335, 40.614782923907242 ], [ -73.82090853100334, 40.614887031782807 ], [ -73.820772474519487, 40.622623979766075 ] ] ] } },
{ "type": "Feature", "properties": { "id": 2534, "left": 599739.4178000001, "top": 4496675.4247000003, "right": 600598.4178000001, "bottom": 4495816.4247000003, "row_index": 39, "col_index": 43, "sq_id": 2534 }, "geometry": { "type": "Polygon", "coordinates": [ [ [ -73.82090853100334, 40.614887031782807 ], [ -73.810755744192335, 40.614782923907242 ], [ -73.810892918288658, 40.607045993408192 ], [ -73.821044534684404, 40.607150073024471 ], [ -73.82090853100334, 40.614887031782807 ] ] ] } },
{ "type": "Feature", "properties": { "id": 508, "left": 569674.4178000001, "top": 4493239.4247000003, "right": 570533.4178000001, "bottom": 4492380.4247000003, "row_index": 43, "col_index": 8, "sq_id": 508 }, "geometry": { "type": "Polygon", "coordinates": [ [ [ -74.17666597406452, 40.587017350645851 ], [ -74.166516291194398, 40.58694455816628 ], [ -74.166612339029328, 40.57920674033285 ], [ -74.17676085260841, 40.579279513048185 ], [ -74.17666597406452, 40.587017350645851 ] ] ] } },
{ "type": "Feature", "properties": { "id": 2535, "left": 599739.4178000001, "top": 4495816.4247000003, "right": 600598.4178000001, "bottom": 4494957.4247000003, "row_index": 40, "col_index": 43, "sq_id": 2535 }, "geometry": { "type": "Polygon", "coordinates": [ [ [ -73.821044534684404, 40.607150073024471 ], [ -73.810892918288658, 40.607045993408192 ], [ -73.81103003915139, 40.599309052128227 ], [ -73.821180485585856, 40.599413103491628 ], [ -73.821044534684404, 40.607150073024471 ] ] ] } },
{ "type": "Feature", "properties": { "id": 509, "left": 569674.4178000001, "top": 4492380.4247000003, "right": 570533.4178000001, "bottom": 4491521.4247000003, "row_index": 44, "col_index": 8, "sq_id": 509 }, "geometry": { "type": "Polygon", "coordinates": [ [ [ -74.17676085260841, 40.579279513048185 ], [ -74.166612339029328, 40.57920674033285 ], [ -74.16670834959335, 40.57146891191303 ], [ -74.176855694335003, 40.571541664868612 ], [ -74.17676085260841, 40.579279513048185 ] ] ] } },
{ "type": "Feature", "properties": { "id": 2528, "left": 599739.4178000001, "top": 4501829.4247000003, "right": 600598.4178000001, "bottom": 4500970.4247000003, "row_index": 33, "col_index": 43, "sq_id": 2528 }, "geometry": { "type": "Polygon", "coordinates": [ [ [ -73.820091399246621, 40.661308558034769 ], [ -73.809931580399436, 40.661204280468063 ], [ -73.810069074388508, 40.653467414667304 ], [ -73.820227720092404, 40.653571663936042 ], [ -73.820091399246621, 40.661308558034769 ] ] ] } },
{ "type": "Feature", "properties": { "id": 510, "left": 569674.4178000001, "top": 4491521.4247000003, "right": 570533.4178000001, "bottom": 4490662.4247000003, "row_index": 45, "col_index": 8, "sq_id": 510 }, "geometry": { "type": "Polygon", "coordinates": [ [ [ -74.176855694335003, 40.571541664868612 ], [ -74.16670834959335, 40.57146891191303 ], [ -74.166804322902806, 40.563731072907316 ], [ -74.176950499260471, 40.563803806107664 ], [ -74.176855694335003, 40.571541664868612 ] ] ] } },
{ "type": "Feature", "properties": { "id": 2529, "left": 599739.4178000001, "top": 4500970.4247000003, "right": 600598.4178000001, "bottom": 4500111.4247000003, "row_index": 34, "col_index": 43, "sq_id": 2529 }, "geometry": { "type": "Polygon", "coordinates": [ [ [ -73.820227720092404, 40.653571663936042 ], [ -73.810069074388508, 40.653467414667304 ], [ -73.810206515003571, 40.645730538082006 ], [ -73.820363988019352, 40.645834759059206 ], [ -73.820227720092404, 40.653571663936042 ] ] ] } },
{ "type": "Feature", "properties": { "id": 511, "left": 569674.4178000001, "top": 4490662.4247000003, "right": 570533.4178000001, "bottom": 4489803.4247000003, "row_index": 46, "col_index": 8, "sq_id": 511 }, "geometry": { "type": "Polygon", "coordinates": [ [ [ -74.176950499260471, 40.563803806107664 ], [ -74.166804322902806, 40.563731072907316 ], [ -74.166900258974024, 40.555993223316243 ], [ -74.177045267400914, 40.55606593676584 ], [ -74.176950499260471, 40.563803806107664 ] ] ] } },
{ "type": "Feature", "properties": { "id": 2530, "left": 599739.4178000001, "top": 4500111.4247000003, "right": 600598.4178000001, "bottom": 4499252.4247000003, "row_index": 35, "col_index": 43, "sq_id": 2530 }, "geometry": { "type": "Polygon", "coordinates": [ [ [ -73.820363988019352, 40.645834759059206 ], [ -73.810206515003571, 40.645730538082006 ], [ -73.810343902268087, 40.637993650712744 ], [ -73.820500203050685, 40.638097843404871 ], [ -73.820363988019352, 40.645834759059206 ] ] ] } },
{ "type": "Feature", "properties": { "id": 504, "left": 569674.4178000001, "top": 4496675.4247000003, "right": 570533.4178000001, "bottom": 4495816.4247000003, "row_index": 39, "col_index": 8, "sq_id": 504 }, "geometry": { "type": "Polygon", "coordinates": [ [ [ -74.17628609139301, 40.617968595207394 ], [ -74.166131726818421, 40.617895723625807 ], [ -74.166227923900593, 40.610157948143083 ], [ -74.176381117367626, 40.610230799942386 ], [ -74.17628609139301, 40.617968595207394 ] ] ] } },
{ "type": "Feature", "properties": { "id": 505, "left": 569674.4178000001, "top": 4495816.4247000003, "right": 570533.4178000001, "bottom": 4494957.4247000003, "row_index": 40, "col_index": 8, "sq_id": 505 }, "geometry": { "type": "Polygon", "coordinates": [ [ [ -74.176381117367626, 40.610230799942386 ], [ -74.166227923900593, 40.610157948143083 ], [ -74.166324083646387, 40.602420162071915 ], [ -74.176476106460299, 40.602492994093467 ], [ -74.176381117367626, 40.610230799942386 ] ] ] } },
{ "type": "Feature", "properties": { "id": 2556, "left": 600598.4178000001, "top": 4527599.4247000003, "right": 601457.4178000001, "bottom": 4526740.4247000003, "row_index": 3, "col_index": 44, "sq_id": 2556 }, "geometry": { "type": "Polygon", "coordinates": [ [ [ -73.805781824927891, 40.893305236700542 ], [ -73.79558665323836, 40.893199206177435 ], [ -73.79572694629087, 40.885462692928428 ], [ -73.805920931112311, 40.88556869471423 ], [ -73.805781824927891, 40.893305236700542 ] ] ] } },
{ "type": "Feature", "properties": { "id": 506, "left": 569674.4178000001, "top": 4494957.4247000003, "right": 570533.4178000001, "bottom": 4494098.4247000003, "row_index": 41, "col_index": 8, "sq_id": 506 }, "geometry": { "type": "Polygon", "coordinates": [ [ [ -74.176476106460299, 40.602492994093467 ], [ -74.166324083646387, 40.602420162071915 ], [ -74.166420206072189, 40.594682365412801 ], [ -74.176571058687202, 40.594755177661128 ], [ -74.176476106460299, 40.602492994093467 ] ] ] } },
{ "type": "Feature", "properties": { "id": 2557, "left": 600598.4178000001, "top": 4526740.4247000003, "right": 601457.4178000001, "bottom": 4525881.4247000003, "row_index": 4, "col_index": 44, "sq_id": 2557 }, "geometry": { "type": "Polygon", "coordinates": [ [ [ -73.805920931112311, 40.88556869471423 ], [ -73.79572694629087, 40.885462692928428 ], [ -73.795867184797899, 40.877726168870446 ], [ -73.806059983212435, 40.877832141925531 ], [ -73.805920931112311, 40.88556869471423 ] ] ] } },
{ "type": "Feature", "properties": { "id": 507, "left": 569674.4178000001, "top": 4494098.4247000003, "right": 570533.4178000001, "bottom": 4493239.4247000003, "row_index": 42, "col_index": 8, "sq_id": 507 }, "geometry": { "type": "Polygon", "coordinates": [ [ [ -74.176571058687202, 40.594755177661128 ], [ -74.166420206072189, 40.594682365412801 ], [ -74.166516291194398, 40.58694455816628 ], [ -74.17666597406452, 40.587017350645851 ], [ -74.176571058687202, 40.594755177661128 ] ] ] } },
{ "type": "Feature", "properties": { "id": 2558, "left": 600598.4178000001, "top": 4525881.4247000003, "right": 601457.4178000001, "bottom": 4525022.4247000003, "row_index": 5, "col_index": 44, "sq_id": 2558 }, "geometry": { "type": "Polygon", "coordinates": [ [ [ -73.806059983212435, 40.877832141925531 ], [ -73.795867184797899, 40.877726168870446 ], [ -73.796007368783506, 40.869989634004064 ], [ -73.80619898125218, 40.870095578335054 ], [ -73.806059983212435, 40.877832141925531 ] ] ] } },
{ "type": "Feature", "properties": { "id": 500, "left": 569674.4178000001, "top": 4500111.4247000003, "right": 570533.4178000001, "bottom": 4499252.4247000003, "row_index": 35, "col_index": 8, "sq_id": 500 }, "geometry": { "type": "Polygon", "coordinates": [ [ [ -74.175905618351052, 40.648919670417939 ], [ -74.165746564798084, 40.648846719662224 ], [ -74.165842911389745, 40.64110898653832 ], [ -74.1760007920155, 40.641181917493732 ], [ -74.175905618351052, 40.648919670417939 ] ] ] } },
{ "type": "Feature", "properties": { "id": 2559, "left": 600598.4178000001, "top": 4525022.4247000003, "right": 601457.4178000001, "bottom": 4524163.4247000003, "row_index": 6, "col_index": 44, "sq_id": 2559 }, "geometry": { "type": "Polygon", "coordinates": [ [ [ -73.80619898125218, 40.870095578335054 ], [ -73.796007368783506, 40.869989634004064 ], [ -73.796147498271807, 40.862253088329858 ], [ -73.806337925255406, 40.862359003943368 ], [ -73.80619898125218, 40.870095578335054 ] ] ] } },
{ "type": "Feature", "properties": { "id": 501, "left": 569674.4178000001, "top": 4499252.4247000003, "right": 570533.4178000001, "bottom": 4498393.4247000003, "row_index": 36, "col_index": 8, "sq_id": 501 }, "geometry": { "type": "Polygon", "coordinates": [ [ [ -74.1760007920155, 40.641181917493732 ], [ -74.165842911389745, 40.64110898653832 ], [ -74.165939220579403, 40.633371242823948 ], [ -74.176095928733147, 40.633444153983575 ], [ -74.1760007920155, 40.641181917493732 ] ] ] } },
{ "type": "Feature", "properties": { "id": 502, "left": 569674.4178000001, "top": 4498393.4247000003, "right": 570533.4178000001, "bottom": 4497534.4247000003, "row_index": 37, "col_index": 8, "sq_id": 502 }, "geometry": { "type": "Polygon", "coordinates": [ [ [ -74.176095928733147, 40.633444153983575 ], [ -74.165939220579403, 40.633371242823948 ], [ -74.1660354923835, 40.625633488519618 ], [ -74.17619102852025, 40.625706379887951 ], [ -74.176095928733147, 40.633444153983575 ] ] ] } },
{ "type": "Feature", "properties": { "id": 503, "left": 569674.4178000001, "top": 4497534.4247000003, "right": 570533.4178000001, "bottom": 4496675.4247000003, "row_index": 38, "col_index": 8, "sq_id": 503 }, "geometry": { "type": "Polygon", "coordinates": [ [ [ -74.17619102852025, 40.625706379887951 ], [ -74.1660354923835, 40.625633488519618 ], [ -74.166131726818421, 40.617895723625807 ], [ -74.17628609139301, 40.617968595207394 ], [ -74.17619102852025, 40.625706379887951 ] ] ] } },
{ "type": "Feature", "properties": { "id": 456, "left": 568815.4178000001, "top": 4488085.4247000003, "right": 569674.4178000001, "bottom": 4487226.4247000003, "row_index": 49, "col_index": 7, "sq_id": 456 }, "geometry": { "type": "Polygon", "coordinates": [ [ [ -74.187377404052171, 40.5406619500638 ], [ -74.177234693391242, 40.540590166341616 ], [ -74.177329351273343, 40.532852265260239 ], [ -74.187470895345896, 40.532924029486864 ], [ -74.187377404052171, 40.5406619500638 ] ] ] } },
{ "type": "Feature", "properties": { "id": 457, "left": 568815.4178000001, "top": 4487226.4247000003, "right": 569674.4178000001, "bottom": 4486367.4247000003, "row_index": 50, "col_index": 7, "sq_id": 457 }, "geometry": { "type": "Polygon", "coordinates": [ [ [ -74.187470895345896, 40.532924029486864 ], [ -74.177329351273343, 40.532852265260239 ], [ -74.177423972434823, 40.525114353600046 ], [ -74.187564350371474, 40.52518609833556 ], [ -74.187470895345896, 40.532924029486864 ] ] ] } },
{ "type": "Feature", "properties": { "id": 2508, "left": 599739.4178000001, "top": 4519009.4247000003, "right": 600598.4178000001, "bottom": 4518150.4247000003, "row_index": 13, "col_index": 43, "sq_id": 2508 }, "geometry": { "type": "Polygon", "coordinates": [ [ [ -73.817353833451918, 40.816044175688063 ], [ -73.807170455843561, 40.815939330800738 ], [ -73.807309022258636, 40.80820268081704 ], [ -73.81749121757808, 40.808307497276566 ], [ -73.817353833451918, 40.816044175688063 ] ] ] } },
{ "type": "Feature", "properties": { "id": 458, "left": 568815.4178000001, "top": 4486367.4247000003, "right": 569674.4178000001, "bottom": 4485508.4247000003, "row_index": 51, "col_index": 7, "sq_id": 458 }, "geometry": { "type": "Polygon", "coordinates": [ [ [ -74.187564350371474, 40.52518609833556 ], [ -74.177423972434823, 40.525114353600046 ], [ -74.177518556891798, 40.517376431361548 ], [ -74.187657769144778, 40.517448156610357 ], [ -74.187564350371474, 40.52518609833556 ] ] ] } },
{ "type": "Feature", "properties": { "id": 459, "left": 568815.4178000001, "top": 4485508.4247000003, "right": 569674.4178000001, "bottom": 4484649.4247000003, "row_index": 52, "col_index": 7, "sq_id": 459 }, "geometry": { "type": "Polygon", "coordinates": [ [ [ -74.187657769144778, 40.517448156610357 ], [ -74.177518556891798, 40.517376431361548 ], [ -74.177613104660324, 40.50963849854525 ], [ -74.187751151681681, 40.509710204311801 ], [ -74.187657769144778, 40.517448156610357 ] ] ] } },
{ "type": "Feature", "properties": { "id": 2510, "left": 599739.4178000001, "top": 4517291.4247000003, "right": 600598.4178000001, "bottom": 4516432.4247000003, "row_index": 15, "col_index": 43, "sq_id": 2510 }, "geometry": { "type": "Polygon", "coordinates": [ [ [ -73.817628548317444, 40.800570808075086 ], [ -73.807447534827716, 40.800466020036836 ], [ -73.807585993574534, 40.792729348460732 ], [ -73.817765825693556, 40.792834108084207 ], [ -73.817628548317444, 40.800570808075086 ] ] ] } },
{ "type": "Feature", "properties": { "id": 452, "left": 568815.4178000001, "top": 4491521.4247000003, "right": 569674.4178000001, "bottom": 4490662.4247000003, "row_index": 45, "col_index": 7, "sq_id": 452 }, "geometry": { "type": "Polygon", "coordinates": [ [ [ -74.187003075877797, 40.571613526617348 ], [ -74.176855694335003, 40.571541664868612 ], [ -74.176950499260471, 40.563803806107664 ], [ -74.187096712403147, 40.5638756483431 ], [ -74.187003075877797, 40.571613526617348 ] ] ] } },
{ "type": "Feature", "properties": { "id": 2511, "left": 599739.4178000001, "top": 4516432.4247000003, "right": 600598.4178000001, "bottom": 4515573.4247000003, "row_index": 16, "col_index": 43, "sq_id": 2511 }, "geometry": { "type": "Polygon", "coordinates": [ [ [ -73.817765825693556, 40.792834108084207 ], [ -73.807585993574534, 40.792729348460732 ], [ -73.807724398522836, 40.784992666089309 ], [ -73.817903049729921, 40.78509739730454 ], [ -73.817765825693556, 40.792834108084207 ] ] ] } },
{ "type": "Feature", "properties": { "id": 453, "left": 568815.4178000001, "top": 4490662.4247000003, "right": 569674.4178000001, "bottom": 4489803.4247000003, "row_index": 46, "col_index": 7, "sq_id": 453 }, "geometry": { "type": "Polygon", "coordinates": [ [ [ -74.187096712403147, 40.5638756483431 ], [ -74.176950499260471, 40.563803806107664 ], [ -74.177045267400914, 40.55606593676584 ], [ -74.187190312596698, 40.556137759492429 ], [ -74.187096712403147, 40.5638756483431 ] ] ] } },
{ "type": "Feature", "properties": { "id": 2504, "left": 599739.4178000001, "top": 4522445.4247000003, "right": 600598.4178000001, "bottom": 4521586.4247000003, "row_index": 9, "col_index": 43, "sq_id": 2504 }, "geometry": { "type": "Polygon", "coordinates": [ [ [ -73.816803762607776, 40.846990781422534 ], [ -73.806615651247796, 40.846885822758708 ], [ -73.806754433284624, 40.839149215966913 ], [ -73.816941360516893, 40.839254146176827 ], [ -73.816803762607776, 40.846990781422534 ] ] ] } },
{ "type": "Feature", "properties": { "id": 454, "left": 568815.4178000001, "top": 4489803.4247000003, "right": 569674.4178000001, "bottom": 4488944.4247000003, "row_index": 47, "col_index": 7, "sq_id": 454 }, "geometry": { "type": "Polygon", "coordinates": [ [ [ -74.187190312596698, 40.556137759492429 ], [ -74.177045267400914, 40.55606593676584 ], [ -74.177139998772475, 40.548328056843658 ], [ -74.18728387647441, 40.548399860065828 ], [ -74.187190312596698, 40.556137759492429 ] ] ] } },
{ "type": "Feature", "properties": { "id": 2505, "left": 599739.4178000001, "top": 4521586.4247000003, "right": 600598.4178000001, "bottom": 4520727.4247000003, "row_index": 10, "col_index": 43, "sq_id": 2505 }, "geometry": { "type": "Polygon", "coordinates": [ [ [ -73.816941360516893, 40.839254146176827 ], [ -73.806754433284624, 40.839149215966913 ], [ -73.80689316138033, 40.831412598376268 ], [ -73.817078904944907, 40.83151750013878 ], [ -73.816941360516893, 40.839254146176827 ] ] ] } },
{ "type": "Feature", "properties": { "id": 455, "left": 568815.4178000001, "top": 4488944.4247000003, "right": 569674.4178000001, "bottom": 4488085.4247000003, "row_index": 48, "col_index": 7, "sq_id": 455 }, "geometry": { "type": "Polygon", "coordinates": [ [ [ -74.18728387647441, 40.548399860065828 ], [ -74.177139998772475, 40.548328056843658 ], [ -74.177234693391242, 40.540590166341616 ], [ -74.187377404052171, 40.5406619500638 ], [ -74.18728387647441, 40.548399860065828 ] ] ] } },
{ "type": "Feature", "properties": { "id": 2506, "left": 599739.4178000001, "top": 4520727.4247000003, "right": 600598.4178000001, "bottom": 4519868.4247000003, "row_index": 11, "col_index": 43, "sq_id": 2506 }, "geometry": { "type": "Polygon", "coordinates": [ [ [ -73.817078904944907, 40.83151750013878 ], [ -73.80689316138033, 40.831412598376268 ], [ -73.807031835558718, 40.823675969987335 ], [ -73.817216395915381, 40.823780843308995 ], [ -73.817078904944907, 40.83151750013878 ] ] ] } },
{ "type": "Feature", "properties": { "id": 448, "left": 568815.4178000001, "top": 4494957.4247000003, "right": 569674.4178000001, "bottom": 4494098.4247000003, "row_index": 41, "col_index": 7, "sq_id": 448 }, "geometry": { "type": "Polygon", "coordinates": [ [ [ -74.186628166139968, 40.602564933939796 ], [ -74.176476106460299, 40.602492994093467 ], [ -74.176571058687202, 40.594755177661128 ], [ -74.186721948151813, 40.594827097976378 ], [ -74.186628166139968, 40.602564933939796 ] ] ] } },
{ "type": "Feature", "properties": { "id": 2507, "left": 599739.4178000001, "top": 4519868.4247000003, "right": 600598.4178000001, "bottom": 4519009.4247000003, "row_index": 12, "col_index": 43, "sq_id": 2507 }, "geometry": { "type": "Polygon", "coordinates": [ [ [ -73.817216395915381, 40.823780843308995 ], [ -73.807031835558718, 40.823675969987335 ], [ -73.807170455843561, 40.815939330800738 ], [ -73.817353833451918, 40.816044175688063 ], [ -73.817216395915381, 40.823780843308995 ] ] ] } },
{ "type": "Feature", "properties": { "id": 449, "left": 568815.4178000001, "top": 4494098.4247000003, "right": 569674.4178000001, "bottom": 4493239.4247000003, "row_index": 42, "col_index": 7, "sq_id": 449 }, "geometry": { "type": "Polygon", "coordinates": [ [ [ -74.186721948151813, 40.594827097976378 ], [ -74.176571058687202, 40.594755177661128 ], [ -74.17666597406452, 40.587017350645851 ], [ -74.186815693768082, 40.587089251434492 ], [ -74.186721948151813, 40.594827097976378 ] ] ] } },
{ "type": "Feature", "properties": { "id": 2500, "left": 599739.4178000001, "top": 4525881.4247000003, "right": 600598.4178000001, "bottom": 4525022.4247000003, "row_index": 5, "col_index": 43, "sq_id": 2500 }, "geometry": { "type": "Polygon", "coordinates": [ [ [ -73.816252835687393, 40.877937214470485 ], [ -73.806059983212435, 40.877832141925531 ], [ -73.80619898125218, 40.870095578335054 ], [ -73.816390647757359, 40.870200622399906 ], [ -73.816252835687393, 40.877937214470485 ] ] ] } },
{ "type": "Feature", "properties": { "id": 450, "left": 568815.4178000001, "top": 4493239.4247000003, "right": 569674.4178000001, "bottom": 4492380.4247000003, "row_index": 43, "col_index": 7, "sq_id": 450 }, "geometry": { "type": "Polygon", "coordinates": [ [ [ -74.186815693768082, 40.587089251434492 ], [ -74.17666597406452, 40.587017350645851 ], [ -74.17676085260841, 40.579279513048185 ], [ -74.186909403004776, 40.579351394314649 ], [ -74.186815693768082, 40.587089251434492 ] ] ] } },
{ "type": "Feature", "properties": { "id": 2501, "left": 599739.4178000001, "top": 4525022.4247000003, "right": 600598.4178000001, "bottom": 4524163.4247000003, "row_index": 6, "col_index": 43, "sq_id": 2501 }, "geometry": { "type": "Polygon", "coordinates": [ [ [ -73.816390647757359, 40.870200622399906 ], [ -73.80619898125218, 40.870095578335054 ], [ -73.806337925255406, 40.862359003943368 ], [ -73.816528406251635, 40.862464019534656 ], [ -73.816390647757359, 40.870200622399906 ] ] ] } },
{ "type": "Feature", "properties": { "id": 451, "left": 568815.4178000001, "top": 4492380.4247000003, "right": 569674.4178000001, "bottom": 4491521.4247000003, "row_index": 44, "col_index": 7, "sq_id": 451 }, "geometry": { "type": "Polygon", "coordinates": [ [ [ -74.186909403004776, 40.579351394314649 ], [ -74.17676085260841, 40.579279513048185 ], [ -74.176855694335003, 40.571541664868612 ], [ -74.187003075877797, 40.571613526617348 ], [ -74.186909403004776, 40.579351394314649 ] ] ] } },
{ "type": "Feature", "properties": { "id": 2502, "left": 599739.4178000001, "top": 4524163.4247000003, "right": 600598.4178000001, "bottom": 4523304.4247000003, "row_index": 7, "col_index": 43, "sq_id": 2502 }, "geometry": { "type": "Polygon", "coordinates": [ [ [ -73.816528406251635, 40.862464019534656 ], [ -73.806337925255406, 40.862359003943368 ], [ -73.806476815246, 40.854622418751042 ], [ -73.816666111193896, 40.854727405875337 ], [ -73.816528406251635, 40.862464019534656 ] ] ] } },
{ "type": "Feature", "properties": { "id": 2503, "left": 599739.4178000001, "top": 4523304.4247000003, "right": 600598.4178000001, "bottom": 4522445.4247000003, "row_index": 8, "col_index": 43, "sq_id": 2503 }, "geometry": { "type": "Polygon", "coordinates": [ [ [ -73.816666111193896, 40.854727405875337 ], [ -73.806476815246, 40.854622418751042 ], [ -73.806615651247796, 40.846885822758708 ], [ -73.816803762607776, 40.846990781422534 ], [ -73.816666111193896, 40.854727405875337 ] ] ] } },
{ "type": "Feature", "properties": { "id": 2498, "left": 599739.4178000001, "top": 4527599.4247000003, "right": 600598.4178000001, "bottom": 4526740.4247000003, "row_index": 3, "col_index": 43, "sq_id": 2498 }, "geometry": { "type": "Polygon", "coordinates": [ [ [ -73.815977050725635, 40.893410366225339 ], [ -73.805781824927891, 40.893305236700542 ], [ -73.805920931112311, 40.88556869471423 ], [ -73.816114970018035, 40.885673795745817 ], [ -73.815977050725635, 40.893410366225339 ] ] ] } },
{ "type": "Feature", "properties": { "id": 2499, "left": 599739.4178000001, "top": 4526740.4247000003, "right": 600598.4178000001, "bottom": 4525881.4247000003, "row_index": 4, "col_index": 43, "sq_id": 2499 }, "geometry": { "type": "Polygon", "coordinates": [ [ [ -73.816114970018035, 40.885673795745817 ], [ -73.805920931112311, 40.88556869471423 ], [ -73.806059983212435, 40.877832141925531 ], [ -73.816252835687393, 40.877937214470485 ], [ -73.816114970018035, 40.885673795745817 ] ] ] } },
{ "type": "Feature", "properties": { "id": 2524, "left": 599739.4178000001, "top": 4505265.4247000003, "right": 600598.4178000001, "bottom": 4504406.4247000003, "row_index": 29, "col_index": 43, "sq_id": 2524 }, "geometry": { "type": "Polygon", "coordinates": [ [ [ -73.819545586209827, 40.692256026636642 ], [ -73.809381070233684, 40.692151635813353 ], [ -73.8095187779535, 40.684414813156884 ], [ -73.819682118963655, 40.684519175656327 ], [ -73.819545586209827, 40.692256026636642 ] ] ] } },
{ "type": "Feature", "properties": { "id": 2525, "left": 599739.4178000001, "top": 4504406.4247000003, "right": 600598.4178000001, "bottom": 4503547.4247000003, "row_index": 30, "col_index": 43, "sq_id": 2525 }, "geometry": { "type": "Polygon", "coordinates": [ [ [ -73.819682118963655, 40.684519175656327 ], [ -73.8095187779535, 40.684414813156884 ], [ -73.809656432205401, 40.676677979713439 ], [ -73.819818598705538, 40.676782313895515 ], [ -73.819682118963655, 40.684519175656327 ] ] ] } },
{ "type": "Feature", "properties": { "id": 2526, "left": 599739.4178000001, "top": 4503547.4247000003, "right": 600598.4178000001, "bottom": 4502688.4247000003, "row_index": 31, "col_index": 43, "sq_id": 2526 }, "geometry": { "type": "Polygon", "coordinates": [ [ [ -73.819818598705538, 40.676782313895515 ], [ -73.809656432205401, 40.676677979713439 ], [ -73.809794033012892, 40.668941135483635 ], [ -73.819955025458768, 40.669045441354797 ], [ -73.819818598705538, 40.676782313895515 ] ] ] } },
{ "type": "Feature", "properties": { "id": 2527, "left": 599739.4178000001, "top": 4502688.4247000003, "right": 600598.4178000001, "bottom": 4501829.4247000003, "row_index": 32, "col_index": 43, "sq_id": 2527 }, "geometry": { "type": "Polygon", "coordinates": [ [ [ -73.819955025458768, 40.669045441354797 ], [ -73.809794033012892, 40.668941135483635 ], [ -73.809931580399436, 40.661204280468063 ], [ -73.820091399246621, 40.661308558034769 ], [ -73.819955025458768, 40.669045441354797 ] ] ] } },
{ "type": "Feature", "properties": { "id": 2520, "left": 599739.4178000001, "top": 4508701.4247000003, "right": 600598.4178000001, "bottom": 4507842.4247000003, "row_index": 25, "col_index": 43, "sq_id": 2520 }, "geometry": { "type": "Polygon", "coordinates": [ [ [ -73.818998924608479, 40.72320332274095 ], [ -73.808829704204598, 40.723098818557524 ], [ -73.808967626031432, 40.715362039054931 ], [ -73.819135669643401, 40.715466514888604 ], [ -73.818998924608479, 40.72320332274095 ] ] ] } },
{ "type": "Feature", "properties": { "id": 2521, "left": 599739.4178000001, "top": 4507842.4247000003, "right": 600598.4178000001, "bottom": 4506983.4247000003, "row_index": 26, "col_index": 43, "sq_id": 2521 }, "geometry": { "type": "Polygon", "coordinates": [ [ [ -73.819135669643401, 40.715466514888604 ], [ -73.808967626031432, 40.715362039054931 ], [ -73.80910549429619, 40.707625248762987 ], [ -73.819272361573042, 40.707729696253388 ], [ -73.819135669643401, 40.715466514888604 ] ] ] } },
{ "type": "Feature", "properties": { "id": 2522, "left": 599739.4178000001, "top": 4506983.4247000003, "right": 600598.4178000001, "bottom": 4506124.4247000003, "row_index": 27, "col_index": 43, "sq_id": 2522 }, "geometry": { "type": "Polygon", "coordinates": [ [ [ -73.819272361573042, 40.707729696253388 ], [ -73.80910549429619, 40.707625248762987 ], [ -73.809243309022406, 40.699888447682248 ], [ -73.819409000420734, 40.699992866835863 ], [ -73.819272361573042, 40.707729696253388 ] ] ] } },
{ "type": "Feature", "properties": { "id": 2523, "left": 599739.4178000001, "top": 4506124.4247000003, "right": 600598.4178000001, "bottom": 4505265.4247000003, "row_index": 28, "col_index": 43, "sq_id": 2523 }, "geometry": { "type": "Polygon", "coordinates": [ [ [ -73.819409000420734, 40.699992866835863 ], [ -73.809243309022406, 40.699888447682248 ], [ -73.809381070233684, 40.692151635813353 ], [ -73.819545586209827, 40.692256026636642 ], [ -73.819409000420734, 40.699992866835863 ] ] ] } },
{ "type": "Feature", "properties": { "id": 2516, "left": 599739.4178000001, "top": 4512137.4247000003, "right": 600598.4178000001, "bottom": 4511278.4247000003, "row_index": 21, "col_index": 43, "sq_id": 2516 }, "geometry": { "type": "Polygon", "coordinates": [ [ [ -73.818451412947994, 40.754150446309566 ], [ -73.808277480804776, 40.754045828662228 ], [ -73.808415617115827, 40.746309092323088 ], [ -73.818588370638039, 40.746413681594717 ], [ -73.818451412947994, 40.754150446309566 ] ] ] } },
{ "type": "Feature", "properties": { "id": 2517, "left": 599739.4178000001, "top": 4511278.4247000003, "right": 600598.4178000001, "bottom": 4510419.4247000003, "row_index": 22, "col_index": 43, "sq_id": 2517 }, "geometry": { "type": "Polygon", "coordinates": [ [ [ -73.818588370638039, 40.746413681594717 ], [ -73.808415617115827, 40.746309092323088 ], [ -73.8085536997704, 40.738572345192196 ], [ -73.818725275129182, 40.738676906094589 ], [ -73.818588370638039, 40.746413681594717 ] ] ] } },
{ "type": "Feature", "properties": { "id": 2518, "left": 599739.4178000001, "top": 4510419.4247000003, "right": 600598.4178000001, "bottom": 4509560.4247000003, "row_index": 23, "col_index": 43, "sq_id": 2518 }, "geometry": { "type": "Polygon", "coordinates": [ [ [ -73.818725275129182, 40.738676906094589 ], [ -73.8085536997704, 40.738572345192196 ], [ -73.808691728792127, 40.730835587270136 ], [ -73.81886212644487, 40.730940119809802 ], [ -73.818725275129182, 40.738676906094589 ] ] ] } },
{ "type": "Feature", "properties": { "id": 2519, "left": 599739.4178000001, "top": 4509560.4247000003, "right": 600598.4178000001, "bottom": 4508701.4247000003, "row_index": 24, "col_index": 43, "sq_id": 2519 }, "geometry": { "type": "Polygon", "coordinates": [ [ [ -73.81886212644487, 40.730940119809802 ], [ -73.808691728792127, 40.730835587270136 ], [ -73.808829704204598, 40.723098818557524 ], [ -73.818998924608479, 40.72320332274095 ], [ -73.81886212644487, 40.730940119809802 ] ] ] } },
{ "type": "Feature", "properties": { "id": 2512, "left": 599739.4178000001, "top": 4515573.4247000003, "right": 600598.4178000001, "bottom": 4514714.4247000003, "row_index": 17, "col_index": 43, "sq_id": 2512 }, "geometry": { "type": "Polygon", "coordinates": [ [ [ -73.817903049729921, 40.78509739730454 ], [ -73.807724398522836, 40.784992666089309 ], [ -73.807862749696312, 40.777255972923143 ], [ -73.818040220450058, 40.777360675736638 ], [ -73.817903049729921, 40.78509739730454 ] ] ] } },
{ "type": "Feature", "properties": { "id": 2513, "left": 599739.4178000001, "top": 4514714.4247000003, "right": 600598.4178000001, "bottom": 4513855.4247000003, "row_index": 18, "col_index": 43, "sq_id": 2513 }, "geometry": { "type": "Polygon", "coordinates": [ [ [ -73.818040220450058, 40.777360675736638 ], [ -73.807862749696312, 40.777255972923143 ], [ -73.80800104711868, 40.769519268962839 ], [ -73.818177337877472, 40.769623943381113 ], [ -73.818040220450058, 40.777360675736638 ] ] ] } },
{ "type": "Feature", "properties": { "id": 2514, "left": 599739.4178000001, "top": 4513855.4247000003, "right": 600598.4178000001, "bottom": 4512996.4247000003, "row_index": 19, "col_index": 43, "sq_id": 2514 }, "geometry": { "type": "Polygon", "coordinates": [ [ [ -73.818177337877472, 40.769623943381113 ], [ -73.80800104711868, 40.769519268962839 ], [ -73.808139290813614, 40.761782554209006 ], [ -73.818314402035625, 40.761887200238569 ], [ -73.818177337877472, 40.769623943381113 ] ] ] } },
{ "type": "Feature", "properties": { "id": 2515, "left": 599739.4178000001, "top": 4512996.4247000003, "right": 600598.4178000001, "bottom": 4512137.4247000003, "row_index": 20, "col_index": 43, "sq_id": 2515 }, "geometry": { "type": "Polygon", "coordinates": [ [ [ -73.818314402035625, 40.761887200238569 ], [ -73.808139290813614, 40.761782554209006 ], [ -73.808277480804776, 40.754045828662228 ], [ -73.818451412947994, 40.754150446309566 ], [ -73.818314402035625, 40.761887200238569 ] ] ] } },
{ "type": "Feature", "properties": { "id": 2348, "left": 597162.4178000001, "top": 4506983.4247000003, "right": 598021.4178000001, "bottom": 4506124.4247000003, "row_index": 27, "col_index": 40, "sq_id": 2348 }, "geometry": { "type": "Polygon", "coordinates": [ [ [ -73.849773280068845, 40.708037667658168 ], [ -73.839606254915964, 40.707935905714415 ], [ -73.839740541936735, 40.700199020351633 ], [ -73.84990639114163, 40.700300754686943 ], [ -73.849773280068845, 40.708037667658168 ] ] ] } },
{ "type": "Feature", "properties": { "id": 2349, "left": 597162.4178000001, "top": 4506124.4247000003, "right": 598021.4178000001, "bottom": 4505265.4247000003, "row_index": 28, "col_index": 40, "sq_id": 2349 }, "geometry": { "type": "Polygon", "coordinates": [ [ [ -73.84990639114163, 40.700300754686943 ], [ -73.839740541936735, 40.700199020351633 ], [ -73.839874776811698, 40.692462124219936 ], [ -73.850039450525031, 40.692563830953105 ], [ -73.84990639114163, 40.700300754686943 ] ] ] } },
{ "type": "Feature", "properties": { "id": 2350, "left": 597162.4178000001, "top": 4505265.4247000003, "right": 598021.4178000001, "bottom": 4504406.4247000003, "row_index": 29, "col_index": 40, "sq_id": 2350 }, "geometry": { "type": "Polygon", "coordinates": [ [ [ -73.850039450525031, 40.692563830953105 ], [ -73.839874776811698, 40.692462124219936 ], [ -73.840008959563789, 40.684725217319929 ], [ -73.850172458241786, 40.68482689645726 ], [ -73.850039450525031, 40.692563830953105 ] ] ] } },
{ "type": "Feature", "properties": { "id": 2351, "left": 597162.4178000001, "top": 4504406.4247000003, "right": 598021.4178000001, "bottom": 4503547.4247000003, "row_index": 30, "col_index": 40, "sq_id": 2351 }, "geometry": { "type": "Polygon", "coordinates": [ [ [ -73.850172458241786, 40.68482689645726 ], [ -73.840008959563789, 40.684725217319929 ], [ -73.840143090215918, 40.676988299652194 ], [ -73.850305414314604, 40.677089951199996 ], [ -73.850172458241786, 40.68482689645726 ] ] ] } },
{ "type": "Feature", "properties": { "id": 2344, "left": 597162.4178000001, "top": 4510419.4247000003, "right": 598021.4178000001, "bottom": 4509560.4247000003, "row_index": 23, "col_index": 40, "sq_id": 2344 }, "geometry": { "type": "Polygon", "coordinates": [ [ [ -73.849240318428784, 40.73898521190538 ], [ -73.839068584915779, 40.738883339464635 ], [ -73.839203080749357, 40.731146497183389 ], [ -73.849373636486689, 40.731248341990408 ], [ -73.849240318428784, 40.73898521190538 ] ] ] } },
{ "type": "Feature", "properties": { "id": 2345, "left": 597162.4178000001, "top": 4509560.4247000003, "right": 598021.4178000001, "bottom": 4508701.4247000003, "row_index": 24, "col_index": 40, "sq_id": 2345 }, "geometry": { "type": "Polygon", "coordinates": [ [ [ -73.849373636486689, 40.731248341990408 ], [ -73.839203080749357, 40.731146497183389 ], [ -73.83933752434524, 40.723409644130882 ], [ -73.849506902764148, 40.723511461310494 ], [ -73.849373636486689, 40.731248341990408 ] ] ] } },
{ "type": "Feature", "properties": { "id": 2346, "left": 597162.4178000001, "top": 4508701.4247000003, "right": 598021.4178000001, "bottom": 4507842.4247000003, "row_index": 25, "col_index": 40, "sq_id": 2346 }, "geometry": { "type": "Polygon", "coordinates": [ [ [ -73.849506902764148, 40.723511461310494 ], [ -73.83933752434524, 40.723409644130882 ], [ -73.839471915726463, 40.715672780307685 ], [ -73.84964011728394, 40.71577456986622 ], [ -73.849506902764148, 40.723511461310494 ] ] ] } },
{ "type": "Feature", "properties": { "id": 2347, "left": 597162.4178000001, "top": 4507842.4247000003, "right": 598021.4178000001, "bottom": 4506983.4247000003, "row_index": 26, "col_index": 40, "sq_id": 2347 }, "geometry": { "type": "Polygon", "coordinates": [ [ [ -73.84964011728394, 40.71577456986622 ], [ -73.839471915726463, 40.715672780307685 ], [ -73.839606254915964, 40.707935905714415 ], [ -73.849773280068845, 40.708037667658168 ], [ -73.84964011728394, 40.71577456986622 ] ] ] } },
{ "type": "Feature", "properties": { "id": 2340, "left": 597162.4178000001, "top": 4513855.4247000003, "right": 598021.4178000001, "bottom": 4512996.4247000003, "row_index": 19, "col_index": 40, "sq_id": 2340 }, "geometry": { "type": "Polygon", "coordinates": [ [ [ -73.848706527936471, 40.769932583904215 ], [ -73.838530078744554, 40.769830600865276 ], [ -73.838664783758972, 40.762093801674958 ], [ -73.848840053344318, 40.762195757054826 ], [ -73.848706527936471, 40.769932583904215 ] ] ] } },
{ "type": "Feature", "properties": { "id": 2341, "left": 597162.4178000001, "top": 4512996.4247000003, "right": 598021.4178000001, "bottom": 4512137.4247000003, "row_index": 20, "col_index": 40, "sq_id": 2341 }, "geometry": { "type": "Polygon", "coordinates": [ [ [ -73.848840053344318, 40.762195757054826 ], [ -73.838664783758972, 40.762093801674958 ], [ -73.838799436443622, 40.754356991710999 ], [ -73.848973526880428, 40.754458919438171 ], [ -73.848840053344318, 40.762195757054826 ] ] ] } },
{ "type": "Feature", "properties": { "id": 2342, "left": 597162.4178000001, "top": 4512137.4247000003, "right": 598021.4178000001, "bottom": 4511278.4247000003, "row_index": 21, "col_index": 40, "sq_id": 2342 }, "geometry": { "type": "Polygon", "coordinates": [ [ [ -73.848973526880428, 40.754458919438171 ], [ -73.838799436443622, 40.754356991710999 ], [ -73.838934036821541, 40.746620170974047 ], [ -73.849106948567638, 40.74672207105484 ], [ -73.848973526880428, 40.754458919438171 ] ] ] } },
{ "type": "Feature", "properties": { "id": 2343, "left": 597162.4178000001, "top": 4511278.4247000003, "right": 598021.4178000001, "bottom": 4510419.4247000003, "row_index": 22, "col_index": 40, "sq_id": 2343 }, "geometry": { "type": "Polygon", "coordinates": [ [ [ -73.849106948567638, 40.74672207105484 ], [ -73.838934036821541, 40.746620170974047 ], [ -73.839068584915779, 40.738883339464635 ], [ -73.849240318428784, 40.73898521190538 ], [ -73.849106948567638, 40.74672207105484 ] ] ] } },
{ "type": "Feature", "properties": { "id": 2336, "left": 597162.4178000001, "top": 4517291.4247000003, "right": 598021.4178000001, "bottom": 4516432.4247000003, "row_index": 15, "col_index": 40, "sq_id": 2336 }, "geometry": { "type": "Polygon", "coordinates": [ [ [ -73.84817190713018, 40.800879783617404 ], [ -73.8379907349277, 40.800777689878863 ], [ -73.838125649491971, 40.793040933788802 ], [ -73.84830564025377, 40.793142999842921 ], [ -73.84817190713018, 40.800879783617404 ] ] ] } },
{ "type": "Feature", "properties": { "id": 2337, "left": 597162.4178000001, "top": 4516432.4247000003, "right": 598021.4178000001, "bottom": 4515573.4247000003, "row_index": 16, "col_index": 40, "sq_id": 2337 }, "geometry": { "type": "Polygon", "coordinates": [ [ [ -73.84830564025377, 40.793142999842921 ], [ -73.838125649491971, 40.793040933788802 ], [ -73.838260511634147, 40.785304166922792 ], [ -73.848439321414062, 40.785406205298834 ], [ -73.84830564025377, 40.793142999842921 ] ] ] } },
{ "type": "Feature", "properties": { "id": 2338, "left": 597162.4178000001, "top": 4515573.4247000003, "right": 598021.4178000001, "bottom": 4514714.4247000003, "row_index": 17, "col_index": 40, "sq_id": 2338 }, "geometry": { "type": "Polygon", "coordinates": [ [ [ -73.848439321414062, 40.785406205298834 ], [ -73.838260511634147, 40.785304166922792 ], [ -73.838395321377305, 40.77756738928143 ], [ -73.848572950634008, 40.77766939998574 ], [ -73.848439321414062, 40.785406205298834 ] ] ] } },
{ "type": "Feature", "properties": { "id": 2339, "left": 597162.4178000001, "top": 4514714.4247000003, "right": 598021.4178000001, "bottom": 4513855.4247000003, "row_index": 18, "col_index": 40, "sq_id": 2339 }, "geometry": { "type": "Polygon", "coordinates": [ [ [ -73.848572950634008, 40.77766939998574 ], [ -73.838395321377305, 40.77756738928143 ], [ -73.838530078744554, 40.769830600865276 ], [ -73.848706527936471, 40.769932583904215 ], [ -73.848572950634008, 40.77766939998574 ] ] ] } },
{ "type": "Feature", "properties": { "id": 2364, "left": 597162.4178000001, "top": 4493239.4247000003, "right": 598021.4178000001, "bottom": 4492380.4247000003, "row_index": 43, "col_index": 40, "sq_id": 2364 }, "geometry": { "type": "Polygon", "coordinates": [ [ [ -73.851896867209291, 40.58424576893632 ], [ -73.841748602565829, 40.584144447972434 ], [ -73.841882057997083, 40.576407390378279 ], [ -73.852029153971287, 40.576508683834277 ], [ -73.851896867209291, 40.58424576893632 ] ] ] } },
{ "type": "Feature", "properties": { "id": 2365, "left": 597162.4178000001, "top": 4492380.4247000003, "right": 598021.4178000001, "bottom": 4491521.4247000003, "row_index": 44, "col_index": 40, "sq_id": 2365 }, "geometry": { "type": "Polygon", "coordinates": [ [ [ -73.852029153971287, 40.576508683834277 ], [ -73.841882057997083, 40.576407390378279 ], [ -73.842015461647648, 40.568670322024722 ], [ -73.852161389405808, 40.568771587979107 ], [ -73.852029153971287, 40.576508683834277 ] ] ] } },
{ "type": "Feature", "properties": { "id": 2356, "left": 597162.4178000001, "top": 4500111.4247000003, "right": 598021.4178000001, "bottom": 4499252.4247000003, "row_index": 35, "col_index": 40, "sq_id": 2356 }, "geometry": { "type": "Polygon", "coordinates": [ [ [ -73.850836722620258, 40.64614206256843 ], [ -73.84067909228267, 40.646040521315797 ], [ -73.84081296277823, 40.638303549818303 ], [ -73.85096942081357, 40.638405063512863 ], [ -73.850836722620258, 40.64614206256843 ] ] ] } },
{ "type": "Feature", "properties": { "id": 2352, "left": 597162.4178000001, "top": 4503547.4247000003, "right": 598021.4178000001, "bottom": 4502688.4247000003, "row_index": 31, "col_index": 40, "sq_id": 2352 }, "geometry": { "type": "Polygon", "coordinates": [ [ [ -73.850305414314604, 40.677089951199996 ], [ -73.840143090215918, 40.676988299652194 ], [ -73.840277168791005, 40.669251371217328 ], [ -73.85043831876618, 40.669352995181889 ], [ -73.850305414314604, 40.677089951199996 ] ] ] } },
{ "type": "Feature", "properties": { "id": 2353, "left": 597162.4178000001, "top": 4502688.4247000003, "right": 598021.4178000001, "bottom": 4501829.4247000003, "row_index": 32, "col_index": 40, "sq_id": 2353 }, "geometry": { "type": "Polygon", "coordinates": [ [ [ -73.85043831876618, 40.669352995181889 ], [ -73.840277168791005, 40.669251371217328 ], [ -73.840411195311901, 40.661514432015906 ], [ -73.850571171619194, 40.661616028403536 ], [ -73.85043831876618, 40.669352995181889 ] ] ] } },
{ "type": "Feature", "properties": { "id": 2354, "left": 597162.4178000001, "top": 4501829.4247000003, "right": 598021.4178000001, "bottom": 4500970.4247000003, "row_index": 33, "col_index": 40, "sq_id": 2354 }, "geometry": { "type": "Polygon", "coordinates": [ [ [ -73.850571171619194, 40.661616028403536 ], [ -73.840411195311901, 40.661514432015906 ], [ -73.840545169801516, 40.653777482048525 ], [ -73.850703972896341, 40.653879050865505 ], [ -73.850571171619194, 40.661616028403536 ] ] ] } },
{ "type": "Feature", "properties": { "id": 2355, "left": 597162.4178000001, "top": 4500970.4247000003, "right": 598021.4178000001, "bottom": 4500111.4247000003, "row_index": 34, "col_index": 40, "sq_id": 2355 }, "geometry": { "type": "Polygon", "coordinates": [ [ [ -73.850703972896341, 40.653879050865505 ], [ -73.840545169801516, 40.653777482048525 ], [ -73.84067909228267, 40.646040521315797 ], [ -73.850836722620258, 40.64614206256843 ], [ -73.850703972896341, 40.653879050865505 ] ] ] } },
{ "type": "Feature", "properties": { "id": 2308, "left": 596303.4178000001, "top": 4491521.4247000003, "right": 597162.4178000001, "bottom": 4490662.4247000003, "row_index": 45, "col_index": 39, "sq_id": 2308 }, "geometry": { "type": "Polygon", "coordinates": [ [ [ -73.862307368468947, 40.568871963086394 ], [ -73.852161389405808, 40.568771587979107 ], [ -73.852293573535363, 40.561034481371408 ], [ -73.862438384813018, 40.561134829225125 ], [ -73.862307368468947, 40.568871963086394 ] ] ] } },
{ "type": "Feature", "properties": { "id": 284, "left": 566238.4178000001, "top": 4486367.4247000003, "right": 567097.4178000001, "bottom": 4485508.4247000003, "row_index": 51, "col_index": 4, "sq_id": 284 }, "geometry": { "type": "Polygon", "coordinates": [ [ [ -74.217985699885972, 40.525395993913818 ], [ -74.207845214549295, 40.525326918501584 ], [ -74.20793630190785, 40.517588938527879 ], [ -74.218075621513833, 40.517657995178332 ], [ -74.217985699885972, 40.525395993913818 ] ] ] } },
{ "type": "Feature", "properties": { "id": 285, "left": 566238.4178000001, "top": 4485508.4247000003, "right": 567097.4178000001, "bottom": 4484649.4247000003, "row_index": 52, "col_index": 4, "sq_id": 285 }, "geometry": { "type": "Polygon", "coordinates": [ [ [ -74.218075621513833, 40.517657995178332 ], [ -74.20793630190785, 40.517588938527879 ], [ -74.208027353934128, 40.50985094798952 ], [ -74.218165508261507, 40.509919985882426 ], [ -74.218075621513833, 40.517657995178332 ] ] ] } },
{ "type": "Feature", "properties": { "id": 286, "left": 566238.4178000001, "top": 4484649.4247000003, "right": 567097.4178000001, "bottom": 4483790.4247000003, "row_index": 53, "col_index": 4, "sq_id": 286 }, "geometry": { "type": "Polygon", "coordinates": [ [ [ -74.218165508261507, 40.509919985882426 ], [ -74.208027353934128, 40.50985094798952 ], [ -74.208118370643618, 40.502112946886967 ], [ -74.218255360144269, 40.502181966026605 ], [ -74.218165508261507, 40.509919985882426 ] ] ] } },
{ "type": "Feature", "properties": { "id": 2306, "left": 596303.4178000001, "top": 4493239.4247000003, "right": 597162.4178000001, "bottom": 4492380.4247000003, "row_index": 43, "col_index": 39, "sq_id": 2306 }, "geometry": { "type": "Polygon", "coordinates": [ [ [ -73.862045183202724, 40.584346198569357 ], [ -73.851896867209291, 40.58424576893632 ], [ -73.852029153971287, 40.576508683834277 ], [ -73.862176301272953, 40.576609086201351 ], [ -73.862045183202724, 40.584346198569357 ] ] ] } },
{ "type": "Feature", "properties": { "id": 280, "left": 566238.4178000001, "top": 4489803.4247000003, "right": 567097.4178000001, "bottom": 4488944.4247000003, "row_index": 47, "col_index": 4, "sq_id": 280 }, "geometry": { "type": "Polygon", "coordinates": [ [ [ -74.217625664266919, 40.556347883241429 ], [ -74.207480511482757, 40.556278732739365 ], [ -74.207571740325221, 40.548540795029488 ], [ -74.217715725568411, 40.54860992675269 ], [ -74.217625664266919, 40.556347883241429 ] ] ] } },
{ "type": "Feature", "properties": { "id": 2307, "left": 596303.4178000001, "top": 4492380.4247000003, "right": 597162.4178000001, "bottom": 4491521.4247000003, "row_index": 44, "col_index": 39, "sq_id": 2307 }, "geometry": { "type": "Polygon", "coordinates": [ [ [ -73.862176301272953, 40.576609086201351 ], [ -73.852029153971287, 40.576508683834277 ], [ -73.852161389405808, 40.568771587979107 ], [ -73.862307368468947, 40.568871963086394 ], [ -73.862176301272953, 40.576609086201351 ] ] ] } },
{ "type": "Feature", "properties": { "id": 281, "left": 566238.4178000001, "top": 4488944.4247000003, "right": 567097.4178000001, "bottom": 4488085.4247000003, "row_index": 48, "col_index": 4, "sq_id": 281 }, "geometry": { "type": "Polygon", "coordinates": [ [ [ -74.217715725568411, 40.54860992675269 ], [ -74.207571740325221, 40.548540795029488 ], [ -74.207662933773477, 40.540802846752889 ], [ -74.217805751928537, 40.540871959701498 ], [ -74.217715725568411, 40.54860992675269 ] ] ] } },
{ "type": "Feature", "properties": { "id": 2332, "left": 597162.4178000001, "top": 4520727.4247000003, "right": 598021.4178000001, "bottom": 4519868.4247000003, "row_index": 11, "col_index": 40, "sq_id": 2332 }, "geometry": { "type": "Polygon", "coordinates": [ [ [ -73.847636454544428, 40.831826811007872 ], [ -73.837450551986777, 40.831724606468114 ], [ -73.83758567647088, 40.823987893487612 ], [ -73.847770395750473, 40.824090070317524 ], [ -73.847636454544428, 40.831826811007872 ] ] ] } },
{ "type": "Feature", "properties": { "id": 282, "left": 566238.4178000001, "top": 4488085.4247000003, "right": 567097.4178000001, "bottom": 4487226.4247000003, "row_index": 49, "col_index": 4, "sq_id": 282 }, "geometry": { "type": "Polygon", "coordinates": [ [ [ -74.217805751928537, 40.540871959701498 ], [ -74.207662933773477, 40.540802846752889 ], [ -74.207754091843015, 40.533064887910079 ], [ -74.217895743362632, 40.533133982088366 ], [ -74.217805751928537, 40.540871959701498 ] ] ] } },
{ "type": "Feature", "properties": { "id": 2333, "left": 597162.4178000001, "top": 4519868.4247000003, "right": 598021.4178000001, "bottom": 4519009.4247000003, "row_index": 12, "col_index": 40, "sq_id": 2333 }, "geometry": { "type": "Polygon", "coordinates": [ [ [ -73.847770395750473, 40.824090070317524 ], [ -73.83758567647088, 40.823987893487612 ], [ -73.83772074844029, 40.816251169728844 ], [ -73.847904284901475, 40.816353318855285 ], [ -73.847770395750473, 40.824090070317524 ] ] ] } },
{ "type": "Feature", "properties": { "id": 283, "left": 566238.4178000001, "top": 4487226.4247000003, "right": 567097.4178000001, "bottom": 4486367.4247000003, "row_index": 50, "col_index": 4, "sq_id": 283 }, "geometry": { "type": "Polygon", "coordinates": [ [ [ -74.217895743362632, 40.533133982088366 ], [ -74.207754091843015, 40.533064887910079 ], [ -74.207845214549295, 40.525326918501584 ], [ -74.217985699885972, 40.525395993913818 ], [ -74.217895743362632, 40.533133982088366 ] ] ] } },
{ "type": "Feature", "properties": { "id": 2334, "left": 597162.4178000001, "top": 4519009.4247000003, "right": 598021.4178000001, "bottom": 4518150.4247000003, "row_index": 13, "col_index": 40, "sq_id": 2334 }, "geometry": { "type": "Polygon", "coordinates": [ [ [ -73.847904284901475, 40.816353318855285 ], [ -73.83772074844029, 40.816251169728844 ], [ -73.837855767918171, 40.808514435192414 ], [ -73.848038122020398, 40.808616556621715 ], [ -73.847904284901475, 40.816353318855285 ] ] ] } },
{ "type": "Feature", "properties": { "id": 2335, "left": 597162.4178000001, "top": 4518150.4247000003, "right": 598021.4178000001, "bottom": 4517291.4247000003, "row_index": 14, "col_index": 40, "sq_id": 2335 }, "geometry": { "type": "Polygon", "coordinates": [ [ [ -73.848038122020398, 40.808616556621715 ], [ -73.837855767918171, 40.808514435192414 ], [ -73.8379907349277, 40.800777689878863 ], [ -73.84817190713018, 40.800879783617404 ], [ -73.848038122020398, 40.808616556621715 ] ] ] } },
{ "type": "Feature", "properties": { "id": 277, "left": 566238.4178000001, "top": 4492380.4247000003, "right": 567097.4178000001, "bottom": 4491521.4247000003, "row_index": 44, "col_index": 4, "sq_id": 277 }, "geometry": { "type": "Polygon", "coordinates": [ [ [ -74.217355270561129, 40.57956168932796 ], [ -74.207206612434788, 40.579492482463699 ], [ -74.207297947553059, 40.571754576456975 ], [ -74.217445436778604, 40.571823764529562 ], [ -74.217355270561129, 40.57956168932796 ] ] ] } },
{ "type": "Feature", "properties": { "id": 2328, "left": 597162.4178000001, "top": 4524163.4247000003, "right": 598021.4178000001, "bottom": 4523304.4247000003, "row_index": 7, "col_index": 40, "sq_id": 2328 }, "geometry": { "type": "Polygon", "coordinates": [ [ [ -73.847100168709957, 40.862773666038713 ], [ -73.836909528439563, 40.862671350595882 ], [ -73.837044863214402, 40.854934680734218 ], [ -73.847234318366148, 40.855036968441716 ], [ -73.847100168709957, 40.862773666038713 ] ] ] } },
{ "type": "Feature", "properties": { "id": 278, "left": 566238.4178000001, "top": 4491521.4247000003, "right": 567097.4178000001, "bottom": 4490662.4247000003, "row_index": 45, "col_index": 4, "sq_id": 278 }, "geometry": { "type": "Polygon", "coordinates": [ [ [ -74.217445436778604, 40.571823764529562 ], [ -74.207297947553059, 40.571754576456975 ], [ -74.207389247230537, 40.564016659882036 ], [ -74.217535568008756, 40.564085829167219 ], [ -74.217445436778604, 40.571823764529562 ] ] ] } },
{ "type": "Feature", "properties": { "id": 2329, "left": 597162.4178000001, "top": 4523304.4247000003, "right": 598021.4178000001, "bottom": 4522445.4247000003, "row_index": 8, "col_index": 40, "sq_id": 2329 }, "geometry": { "type": "Polygon", "coordinates": [ [ [ -73.847234318366148, 40.855036968441716 ], [ -73.837044863214402, 40.854934680734218 ], [ -73.837180145381737, 40.847198000091986 ], [ -73.847368415875266, 40.847300260070547 ], [ -73.847234318366148, 40.855036968441716 ] ] ] } },
{ "type": "Feature", "properties": { "id": 279, "left": 566238.4178000001, "top": 4490662.4247000003, "right": 567097.4178000001, "bottom": 4489803.4247000003, "row_index": 46, "col_index": 4, "sq_id": 279 }, "geometry": { "type": "Polygon", "coordinates": [ [ [ -74.217535568008756, 40.564085829167219 ], [ -74.207389247230537, 40.564016659882036 ], [ -74.207480511482757, 40.556278732739365 ], [ -74.217625664266919, 40.556347883241429 ], [ -74.217535568008756, 40.564085829167219 ] ] ] } },
{ "type": "Feature", "properties": { "id": 2330, "left": 597162.4178000001, "top": 4522445.4247000003, "right": 598021.4178000001, "bottom": 4521586.4247000003, "row_index": 9, "col_index": 40, "sq_id": 2330 }, "geometry": { "type": "Polygon", "coordinates": [ [ [ -73.847368415875266, 40.847300260070547 ], [ -73.837180145381737, 40.847198000091986 ], [ -73.837315374964803, 40.839461308669762 ], [ -73.847502461260362, 40.839563540925731 ], [ -73.847368415875266, 40.847300260070547 ] ] ] } },
{ "type": "Feature", "properties": { "id": 2331, "left": 597162.4178000001, "top": 4521586.4247000003, "right": 598021.4178000001, "bottom": 4520727.4247000003, "row_index": 10, "col_index": 40, "sq_id": 2331 }, "geometry": { "type": "Polygon", "coordinates": [ [ [ -73.847502461260362, 40.839563540925731 ], [ -73.837315374964803, 40.839461308669762 ], [ -73.837450551986777, 40.831724606468114 ], [ -73.847636454544428, 40.831826811007872 ], [ -73.847502461260362, 40.839563540925731 ] ] ] } },
{ "type": "Feature", "properties": { "id": 2324, "left": 597162.4178000001, "top": 4527599.4247000003, "right": 598021.4178000001, "bottom": 4526740.4247000003, "row_index": 3, "col_index": 40, "sq_id": 2324 }, "geometry": { "type": "Polygon", "coordinates": [ [ [ -73.846563048153698, 40.893720348673142 ], [ -73.836367662799972, 40.893617922225225 ], [ -73.836503208237446, 40.885881295491636 ], [ -73.846697406628621, 40.885983694178712 ], [ -73.846563048153698, 40.893720348673142 ] ] ] } },
{ "type": "Feature", "properties": { "id": 2325, "left": 597162.4178000001, "top": 4526740.4247000003, "right": 598021.4178000001, "bottom": 4525881.4247000003, "row_index": 4, "col_index": 40, "sq_id": 2325 }, "geometry": { "type": "Polygon", "coordinates": [ [ [ -73.846697406628621, 40.885983694178712 ], [ -73.836503208237446, 40.885881295491636 ], [ -73.836638700974348, 40.878144657975156 ], [ -73.846831712864272, 40.878247028907772 ], [ -73.846697406628621, 40.885983694178712 ] ] ] } },
{ "type": "Feature", "properties": { "id": 2326, "left": 597162.4178000001, "top": 4525881.4247000003, "right": 598021.4178000001, "bottom": 4525022.4247000003, "row_index": 5, "col_index": 40, "sq_id": 2326 }, "geometry": { "type": "Polygon", "coordinates": [ [ [ -73.846831712864272, 40.878247028907772 ], [ -73.836638700974348, 40.878144657975156 ], [ -73.836774141033956, 40.870408009676389 ], [ -73.846965966883701, 40.870510352860919 ], [ -73.846831712864272, 40.878247028907772 ] ] ] } },
{ "type": "Feature", "properties": { "id": 2327, "left": 597162.4178000001, "top": 4525022.4247000003, "right": 598021.4178000001, "bottom": 4524163.4247000003, "row_index": 6, "col_index": 40, "sq_id": 2327 }, "geometry": { "type": "Polygon", "coordinates": [ [ [ -73.846965966883701, 40.870510352860919 ], [ -73.836774141033956, 40.870408009676389 ], [ -73.836909528439563, 40.862671350595882 ], [ -73.847100168709957, 40.862773666038713 ], [ -73.846965966883701, 40.870510352860919 ] ] ] } },
{ "type": "Feature", "properties": { "id": 2322, "left": 597162.4178000001, "top": 4529317.4247000003, "right": 598021.4178000001, "bottom": 4528458.4247000003, "row_index": 1, "col_index": 40, "sq_id": 2322 }, "geometry": { "type": "Polygon", "coordinates": [ [ [ -73.846294174393506, 40.909193625330289 ], [ -73.836096413730104, 40.909091143341485 ], [ -73.836232064638637, 40.901354538175383 ], [ -73.846428637416352, 40.901456992390543 ], [ -73.846294174393506, 40.909193625330289 ] ] ] } },
{ "type": "Feature", "properties": { "id": 2323, "left": 597162.4178000001, "top": 4528458.4247000003, "right": 598021.4178000001, "bottom": 4527599.4247000003, "row_index": 2, "col_index": 40, "sq_id": 2323 }, "geometry": { "type": "Polygon", "coordinates": [ [ [ -73.846428637416352, 40.901456992390543 ], [ -73.836232064638637, 40.901354538175383 ], [ -73.836367662799972, 40.893617922225225 ], [ -73.846563048153698, 40.893720348673142 ], [ -73.846428637416352, 40.901456992390543 ] ] ] } },
{ "type": "Feature", "properties": { "id": 2412, "left": 598021.4178000001, "top": 4501829.4247000003, "right": 598880.4178000001, "bottom": 4500970.4247000003, "row_index": 33, "col_index": 41, "sq_id": 2412 }, "geometry": { "type": "Polygon", "coordinates": [ [ [ -73.840411195311901, 40.661514432015906 ], [ -73.83025127103592, 40.661411941888545 ], [ -73.830386418715136, 40.653675019734251 ], [ -73.840545169801516, 40.653777482048525 ], [ -73.840411195311901, 40.661514432015906 ] ] ] } },
{ "type": "Feature", "properties": { "id": 2413, "left": 598021.4178000001, "top": 4500970.4247000003, "right": 598880.4178000001, "bottom": 4500111.4247000003, "row_index": 34, "col_index": 41, "sq_id": 2413 }, "geometry": { "type": "Polygon", "coordinates": [ [ [ -73.840545169801516, 40.653777482048525 ], [ -73.830386418715136, 40.653675019734251 ], [ -73.830521513930719, 40.645938086808279 ], [ -73.84067909228267, 40.646040521315797 ], [ -73.840545169801516, 40.653777482048525 ] ] ] } },
{ "type": "Feature", "properties": { "id": 2414, "left": 598021.4178000001, "top": 4500111.4247000003, "right": 598880.4178000001, "bottom": 4499252.4247000003, "row_index": 35, "col_index": 41, "sq_id": 2414 }, "geometry": { "type": "Polygon", "coordinates": [ [ [ -73.84067909228267, 40.646040521315797 ], [ -73.830521513930719, 40.645938086808279 ], [ -73.830656556705677, 40.638201143111189 ], [ -73.84081296277823, 40.638303549818303 ], [ -73.84067909228267, 40.646040521315797 ] ] ] } },
{ "type": "Feature", "properties": { "id": 2415, "left": 598021.4178000001, "top": 4499252.4247000003, "right": 598880.4178000001, "bottom": 4498393.4247000003, "row_index": 36, "col_index": 41, "sq_id": 2415 }, "geometry": { "type": "Polygon", "coordinates": [ [ [ -73.84081296277823, 40.638303549818303 ], [ -73.830656556705677, 40.638201143111189 ], [ -73.830791547063058, 40.6304641886436 ], [ -73.840946781311018, 40.630566567556642 ], [ -73.84081296277823, 40.638303549818303 ] ] ] } },
{ "type": "Feature", "properties": { "id": 2408, "left": 598021.4178000001, "top": 4505265.4247000003, "right": 598880.4178000001, "bottom": 4504406.4247000003, "row_index": 29, "col_index": 41, "sq_id": 2408 }, "geometry": { "type": "Polygon", "coordinates": [ [ [ -73.839874776811698, 40.692462124219936 ], [ -73.829710155221221, 40.692359522776655 ], [ -73.829845512985727, 40.684622643715166 ], [ -73.840008959563789, 40.684725217319929 ], [ -73.839874776811698, 40.692462124219936 ] ] ] } },
{ "type": "Feature", "properties": { "id": 2409, "left": 598021.4178000001, "top": 4504406.4247000003, "right": 598880.4178000001, "bottom": 4503547.4247000003, "row_index": 30, "col_index": 41, "sq_id": 2409 }, "geometry": { "type": "Polygon", "coordinates": [ [ [ -73.840008959563789, 40.684725217319929 ], [ -73.829845512985727, 40.684622643715166 ], [ -73.829980818194286, 40.676885753879596 ], [ -73.840143090215918, 40.676988299652194 ], [ -73.840008959563789, 40.684725217319929 ] ] ] } },
{ "type": "Feature", "properties": { "id": 2410, "left": 598021.4178000001, "top": 4503547.4247000003, "right": 598880.4178000001, "bottom": 4502688.4247000003, "row_index": 31, "col_index": 41, "sq_id": 2410 }, "geometry": { "type": "Polygon", "coordinates": [ [ [ -73.840143090215918, 40.676988299652194 ], [ -73.829980818194286, 40.676885753879596 ], [ -73.830116070870005, 40.669148853270514 ], [ -73.840277168791005, 40.669251371217328 ], [ -73.840143090215918, 40.676988299652194 ] ] ] } },
{ "type": "Feature", "properties": { "id": 2411, "left": 598021.4178000001, "top": 4502688.4247000003, "right": 598880.4178000001, "bottom": 4501829.4247000003, "row_index": 32, "col_index": 41, "sq_id": 2411 }, "geometry": { "type": "Polygon", "coordinates": [ [ [ -73.840277168791005, 40.669251371217328 ], [ -73.830116070870005, 40.669148853270514 ], [ -73.83025127103592, 40.661411941888545 ], [ -73.840411195311901, 40.661514432015906 ], [ -73.840277168791005, 40.669251371217328 ] ] ] } },
{ "type": "Feature", "properties": { "id": 2404, "left": 598021.4178000001, "top": 4508701.4247000003, "right": 598880.4178000001, "bottom": 4507842.4247000003, "row_index": 25, "col_index": 41, "sq_id": 2404 }, "geometry": { "type": "Polygon", "coordinates": [ [ [ -73.83933752434524, 40.723409644130882 ], [ -73.829168198141019, 40.72330693126991 ], [ -73.829303766360667, 40.715570095310696 ], [ -73.839471915726463, 40.715672780307685 ], [ -73.83933752434524, 40.723409644130882 ] ] ] } },
{ "type": "Feature", "properties": { "id": 2405, "left": 598021.4178000001, "top": 4507842.4247000003, "right": 598880.4178000001, "bottom": 4506983.4247000003, "row_index": 26, "col_index": 41, "sq_id": 2405 }, "geometry": { "type": "Polygon", "coordinates": [ [ [ -73.839471915726463, 40.715672780307685 ], [ -73.829303766360667, 40.715570095310696 ], [ -73.829439281931826, 40.707833248575021 ], [ -73.839606254915964, 40.707935905714415 ], [ -73.839471915726463, 40.715672780307685 ] ] ] } },
{ "type": "Feature", "properties": { "id": 2406, "left": 598021.4178000001, "top": 4506983.4247000003, "right": 598880.4178000001, "bottom": 4506124.4247000003, "row_index": 27, "col_index": 41, "sq_id": 2406 }, "geometry": { "type": "Polygon", "coordinates": [ [ [ -73.839606254915964, 40.707935905714415 ], [ -73.829439281931826, 40.707833248575021 ], [ -73.829574744877632, 40.700096391063489 ], [ -73.839740541936735, 40.700199020351633 ], [ -73.839606254915964, 40.707935905714415 ] ] ] } },
{ "type": "Feature", "properties": { "id": 2407, "left": 598021.4178000001, "top": 4506124.4247000003, "right": 598880.4178000001, "bottom": 4505265.4247000003, "row_index": 28, "col_index": 41, "sq_id": 2407 }, "geometry": { "type": "Polygon", "coordinates": [ [ [ -73.839740541936735, 40.700199020351633 ], [ -73.829574744877632, 40.700096391063489 ], [ -73.829710155221221, 40.692359522776655 ], [ -73.839874776811698, 40.692462124219936 ], [ -73.839740541936735, 40.700199020351633 ] ] ] } },
{ "type": "Feature", "properties": { "id": 2400, "left": 598021.4178000001, "top": 4512137.4247000003, "right": 598880.4178000001, "bottom": 4511278.4247000003, "row_index": 21, "col_index": 41, "sq_id": 2400 }, "geometry": { "type": "Polygon", "coordinates": [ [ [ -73.838799436443622, 40.754356991710999 ], [ -73.828625398313548, 40.754254167330338 ], [ -73.828761177359141, 40.746517374482877 ], [ -73.838934036821541, 40.746620170974047 ], [ -73.838799436443622, 40.754356991710999 ] ] ] } },
{ "type": "Feature", "properties": { "id": 2401, "left": 598021.4178000001, "top": 4511278.4247000003, "right": 598880.4178000001, "bottom": 4510419.4247000003, "row_index": 22, "col_index": 41, "sq_id": 2401 }, "geometry": { "type": "Polygon", "coordinates": [ [ [ -73.838934036821541, 40.746620170974047 ], [ -73.828761177359141, 40.746517374482877 ], [ -73.828896903663448, 40.738780570856576 ], [ -73.839068584915779, 40.738883339464635 ], [ -73.838934036821541, 40.746620170974047 ] ] ] } },
{ "type": "Feature", "properties": { "id": 2402, "left": 598021.4178000001, "top": 4510419.4247000003, "right": 598880.4178000001, "bottom": 4509560.4247000003, "row_index": 23, "col_index": 41, "sq_id": 2402 }, "geometry": { "type": "Polygon", "coordinates": [ [ [ -73.839068584915779, 40.738883339464635 ], [ -73.828896903663448, 40.738780570856576 ], [ -73.829032577249677, 40.731043756452067 ], [ -73.839203080749357, 40.731146497183389 ], [ -73.839068584915779, 40.738883339464635 ] ] ] } },
{ "type": "Feature", "properties": { "id": 2403, "left": 598021.4178000001, "top": 4509560.4247000003, "right": 598880.4178000001, "bottom": 4508701.4247000003, "row_index": 24, "col_index": 41, "sq_id": 2403 }, "geometry": { "type": "Polygon", "coordinates": [ [ [ -73.839203080749357, 40.731146497183389 ], [ -73.829032577249677, 40.731043756452067 ], [ -73.829168198141019, 40.72330693126991 ], [ -73.83933752434524, 40.723409644130882 ], [ -73.839203080749357, 40.731146497183389 ] ] ] } },
{ "type": "Feature", "properties": { "id": 2420, "left": 598021.4178000001, "top": 4494957.4247000003, "right": 598880.4178000001, "bottom": 4494098.4247000003, "row_index": 41, "col_index": 41, "sq_id": 2420 }, "geometry": { "type": "Polygon", "coordinates": [ [ [ -73.841481536270393, 40.599618530880178 ], [ -73.831330984776798, 40.599516263080091 ], [ -73.83146571339114, 40.591779254768937 ], [ -73.841615095331179, 40.5918814948066 ], [ -73.841481536270393, 40.599618530880178 ] ] ] } },
{ "type": "Feature", "properties": { "id": 2422, "left": 598021.4178000001, "top": 4493239.4247000003, "right": 598880.4178000001, "bottom": 4492380.4247000003, "row_index": 43, "col_index": 41, "sq_id": 2422 }, "geometry": { "type": "Polygon", "coordinates": [ [ [ -73.841748602565829, 40.584144447972434 ], [ -73.831600389725764, 40.584042235690866 ], [ -73.831735013803566, 40.576305205846495 ], [ -73.841882057997083, 40.576407390378279 ], [ -73.841748602565829, 40.584144447972434 ] ] ] } },
{ "type": "Feature", "properties": { "id": 332, "left": 567097.4178000001, "top": 4494957.4247000003, "right": 567956.4178000001, "bottom": 4494098.4247000003, "row_index": 41, "col_index": 5, "sq_id": 332 }, "geometry": { "type": "Polygon", "coordinates": [ [ [ -74.206932394279661, 40.602706137069454 ], [ -74.196780262231186, 40.602635981601523 ], [ -74.196872874011959, 40.594898126349229 ], [ -74.207023835813644, 40.594968262770436 ], [ -74.206932394279661, 40.602706137069454 ] ] ] } },
{ "type": "Feature", "properties": { "id": 2423, "left": 598021.4178000001, "top": 4492380.4247000003, "right": 598880.4178000001, "bottom": 4491521.4247000003, "row_index": 44, "col_index": 41, "sq_id": 2423 }, "geometry": { "type": "Polygon", "coordinates": [ [ [ -73.841882057997083, 40.576407390378279 ], [ -73.831735013803566, 40.576305205846495 ], [ -73.831869585647468, 40.568568165236421 ], [ -73.842015461647648, 40.568670322024722 ], [ -73.841882057997083, 40.576407390378279 ] ] ] } },
{ "type": "Feature", "properties": { "id": 333, "left": 567097.4178000001, "top": 4494098.4247000003, "right": 567956.4178000001, "bottom": 4493239.4247000003, "row_index": 42, "col_index": 5, "sq_id": 333 }, "geometry": { "type": "Polygon", "coordinates": [ [ [ -74.207023835813644, 40.594968262770436 ], [ -74.196872874011959, 40.594898126349229 ], [ -74.196965449851248, 40.58716026052285 ], [ -74.207115241860166, 40.58723037790169 ], [ -74.207023835813644, 40.594968262770436 ] ] ] } },
{ "type": "Feature", "properties": { "id": 2416, "left": 598021.4178000001, "top": 4498393.4247000003, "right": 598880.4178000001, "bottom": 4497534.4247000003, "row_index": 37, "col_index": 41, "sq_id": 2416 }, "geometry": { "type": "Polygon", "coordinates": [ [ [ -73.840946781311018, 40.630566567556642 ], [ -73.830791547063058, 40.6304641886436 ], [ -73.83092648502587, 40.622727223406095 ], [ -73.841080547903829, 40.622829574531401 ], [ -73.840946781311018, 40.630566567556642 ] ] ] } },
{ "type": "Feature", "properties": { "id": 334, "left": 567097.4178000001, "top": 4493239.4247000003, "right": 567956.4178000001, "bottom": 4492380.4247000003, "row_index": 43, "col_index": 5, "sq_id": 334 }, "geometry": { "type": "Polygon", "coordinates": [ [ [ -74.207115241860166, 40.58723037790169 ], [ -74.196965449851248, 40.58716026052285 ], [ -74.197057989764772, 40.579422384122893 ], [ -74.207206612434788, 40.579492482463699 ], [ -74.207115241860166, 40.58723037790169 ] ] ] } },
{ "type": "Feature", "properties": { "id": 2417, "left": 598021.4178000001, "top": 4497534.4247000003, "right": 598880.4178000001, "bottom": 4496675.4247000003, "row_index": 38, "col_index": 41, "sq_id": 2417 }, "geometry": { "type": "Polygon", "coordinates": [ [ [ -73.841080547903829, 40.622829574531401 ], [ -73.83092648502587, 40.622727223406095 ], [ -73.831061370617107, 40.614990247399263 ], [ -73.841214262579484, 40.615092570743172 ], [ -73.841080547903829, 40.622829574531401 ] ] ] } },
{ "type": "Feature", "properties": { "id": 335, "left": 567097.4178000001, "top": 4492380.4247000003, "right": 567956.4178000001, "bottom": 4491521.4247000003, "row_index": 44, "col_index": 5, "sq_id": 335 }, "geometry": { "type": "Polygon", "coordinates": [ [ [ -74.207206612434788, 40.579492482463699 ], [ -74.197057989764772, 40.579422384122893 ], [ -74.197150493768305, 40.571684497149867 ], [ -74.207297947553059, 40.571754576456975 ], [ -74.207206612434788, 40.579492482463699 ] ] ] } },
{ "type": "Feature", "properties": { "id": 2418, "left": 598021.4178000001, "top": 4496675.4247000003, "right": 598880.4178000001, "bottom": 4495816.4247000003, "row_index": 39, "col_index": 41, "sq_id": 2418 }, "geometry": { "type": "Polygon", "coordinates": [ [ [ -73.841214262579484, 40.615092570743172 ], [ -73.831061370617107, 40.614990247399263 ], [ -73.831196203859761, 40.607253260623729 ], [ -73.841347925360751, 40.607355556192559 ], [ -73.841214262579484, 40.615092570743172 ] ] ] } },
{ "type": "Feature", "properties": { "id": 328, "left": 567097.4178000001, "top": 4498393.4247000003, "right": 567956.4178000001, "bottom": 4497534.4247000003, "row_index": 37, "col_index": 5, "sq_id": 328 }, "geometry": { "type": "Polygon", "coordinates": [ [ [ -74.206566272957531, 40.633657528558103 ], [ -74.196409455377236, 40.633587296859957 ], [ -74.196502211081921, 40.625849483908986 ], [ -74.206657856597175, 40.62591969654305 ], [ -74.206566272957531, 40.633657528558103 ] ] ] } },
{ "type": "Feature", "properties": { "id": 329, "left": 567097.4178000001, "top": 4497534.4247000003, "right": 567956.4178000001, "bottom": 4496675.4247000003, "row_index": 38, "col_index": 5, "sq_id": 329 }, "geometry": { "type": "Polygon", "coordinates": [ [ [ -74.206657856597175, 40.62591969654305 ], [ -74.196502211081921, 40.625849483908986 ], [ -74.196594930781941, 40.618111660381906 ], [ -74.206749404687017, 40.618181853956251 ], [ -74.206657856597175, 40.62591969654305 ] ] ] } },
{ "type": "Feature", "properties": { "id": 330, "left": 567097.4178000001, "top": 4496675.4247000003, "right": 567956.4178000001, "bottom": 4495816.4247000003, "row_index": 39, "col_index": 5, "sq_id": 330 }, "geometry": { "type": "Polygon", "coordinates": [ [ [ -74.206749404687017, 40.618181853956251 ], [ -74.196594930781941, 40.618111660381906 ], [ -74.196687614493101, 40.610373826279258 ], [ -74.206840917242644, 40.610444000798225 ], [ -74.206749404687017, 40.618181853956251 ] ] ] } },
{ "type": "Feature", "properties": { "id": 2381, "left": 598021.4178000001, "top": 4528458.4247000003, "right": 598880.4178000001, "bottom": 4527599.4247000003, "row_index": 2, "col_index": 41, "sq_id": 2381 }, "geometry": { "type": "Polygon", "coordinates": [ [ [ -73.836232064638637, 40.901354538175383 ], [ -73.826035544608118, 40.901251182676845 ], [ -73.826172330170138, 40.893514594738122 ], [ -73.836367662799972, 40.893617922225225 ], [ -73.836232064638637, 40.901354538175383 ] ] ] } },
{ "type": "Feature", "properties": { "id": 331, "left": 567097.4178000001, "top": 4495816.4247000003, "right": 567956.4178000001, "bottom": 4494957.4247000003, "row_index": 40, "col_index": 5, "sq_id": 331 }, "geometry": { "type": "Polygon", "coordinates": [ [ [ -74.206840917242644, 40.610444000798225 ], [ -74.196687614493101, 40.610373826279258 ], [ -74.196780262231186, 40.602635981601523 ], [ -74.206932394279661, 40.602706137069454 ], [ -74.206840917242644, 40.610444000798225 ] ] ] } },
{ "type": "Feature", "properties": { "id": 2382, "left": 598021.4178000001, "top": 4527599.4247000003, "right": 598880.4178000001, "bottom": 4526740.4247000003, "row_index": 3, "col_index": 41, "sq_id": 2382 }, "geometry": { "type": "Polygon", "coordinates": [ [ [ -73.836367662799972, 40.893617922225225 ], [ -73.826172330170138, 40.893514594738122 ], [ -73.826309062546827, 40.885777996009502 ], [ -73.836503208237446, 40.885881295491636 ], [ -73.836367662799972, 40.893617922225225 ] ] ] } },
{ "type": "Feature", "properties": { "id": 2383, "left": 598021.4178000001, "top": 4526740.4247000003, "right": 598880.4178000001, "bottom": 4525881.4247000003, "row_index": 4, "col_index": 41, "sq_id": 2383 }, "geometry": { "type": "Polygon", "coordinates": [ [ [ -73.836503208237446, 40.885881295491636 ], [ -73.826309062546827, 40.885777996009502 ], [ -73.826445741761702, 40.87804138649156 ], [ -73.836638700974348, 40.878144657975156 ], [ -73.836503208237446, 40.885881295491636 ] ] ] } },
{ "type": "Feature", "properties": { "id": 327, "left": 567097.4178000001, "top": 4499252.4247000003, "right": 567956.4178000001, "bottom": 4498393.4247000003, "row_index": 36, "col_index": 5, "sq_id": 327 }, "geometry": { "type": "Polygon", "coordinates": [ [ [ -74.206474653752437, 40.641395350000913 ], [ -74.19631666365207, 40.641325099234344 ], [ -74.196409455377236, 40.633587296859957 ], [ -74.206566272957531, 40.633657528558103 ], [ -74.206474653752437, 40.641395350000913 ] ] ] } },
{ "type": "Feature", "properties": { "id": 2396, "left": 598021.4178000001, "top": 4515573.4247000003, "right": 598880.4178000001, "bottom": 4514714.4247000003, "row_index": 17, "col_index": 41, "sq_id": 2396 }, "geometry": { "type": "Polygon", "coordinates": [ [ [ -73.838260511634147, 40.785304166922792 ], [ -73.828081754253219, 40.785201230920208 ], [ -73.828217744496513, 40.77746448119391 ], [ -73.838395321377305, 40.77756738928143 ], [ -73.838260511634147, 40.785304166922792 ] ] ] } },
{ "type": "Feature", "properties": { "id": 2397, "left": 598021.4178000001, "top": 4514714.4247000003, "right": 598880.4178000001, "bottom": 4513855.4247000003, "row_index": 18, "col_index": 41, "sq_id": 2397 }, "geometry": { "type": "Polygon", "coordinates": [ [ [ -73.838395321377305, 40.77756738928143 ], [ -73.828217744496513, 40.77746448119391 ], [ -73.828353681905497, 40.769727720686447 ], [ -73.838530078744554, 40.769830600865276 ], [ -73.838395321377305, 40.77756738928143 ] ] ] } },
{ "type": "Feature", "properties": { "id": 2398, "left": 598021.4178000001, "top": 4513855.4247000003, "right": 598880.4178000001, "bottom": 4512996.4247000003, "row_index": 19, "col_index": 41, "sq_id": 2398 }, "geometry": { "type": "Polygon", "coordinates": [ [ [ -73.838530078744554, 40.769830600865276 ], [ -73.828353681905497, 40.769727720686447 ], [ -73.828489566503407, 40.761990949398395 ], [ -73.838664783758972, 40.762093801674958 ], [ -73.838530078744554, 40.769830600865276 ] ] ] } },
{ "type": "Feature", "properties": { "id": 340, "left": 567097.4178000001, "top": 4488085.4247000003, "right": 567956.4178000001, "bottom": 4487226.4247000003, "row_index": 49, "col_index": 5, "sq_id": 340 }, "geometry": { "type": "Polygon", "coordinates": [ [ [ -74.207662933773477, 40.540802846752889 ], [ -74.197520150997136, 40.540732843537292 ], [ -74.197612475686611, 40.532994903706538 ], [ -74.207754091843015, 40.533064887910079 ], [ -74.207662933773477, 40.540802846752889 ] ] ] } },
{ "type": "Feature", "properties": { "id": 2399, "left": 598021.4178000001, "top": 4512996.4247000003, "right": 598880.4178000001, "bottom": 4512137.4247000003, "row_index": 20, "col_index": 41, "sq_id": 2399 }, "geometry": { "type": "Polygon", "coordinates": [ [ [ -73.838664783758972, 40.762093801674958 ], [ -73.828489566503407, 40.761990949398395 ], [ -73.828625398313548, 40.754254167330338 ], [ -73.838799436443622, 40.754356991710999 ], [ -73.838664783758972, 40.762093801674958 ] ] ] } },
{ "type": "Feature", "properties": { "id": 341, "left": 567097.4178000001, "top": 4487226.4247000003, "right": 567956.4178000001, "bottom": 4486367.4247000003, "row_index": 50, "col_index": 5, "sq_id": 341 }, "geometry": { "type": "Polygon", "coordinates": [ [ [ -74.207754091843015, 40.533064887910079 ], [ -74.197612475686611, 40.532994903706538 ], [ -74.197704764560385, 40.525256953305799 ], [ -74.207845214549295, 40.525326918501584 ], [ -74.207754091843015, 40.533064887910079 ] ] ] } },
{ "type": "Feature", "properties": { "id": 2392, "left": 598021.4178000001, "top": 4519009.4247000003, "right": 598880.4178000001, "bottom": 4518150.4247000003, "row_index": 13, "col_index": 41, "sq_id": 2392 }, "geometry": { "type": "Polygon", "coordinates": [ [ [ -73.83772074844029, 40.816251169728844 ], [ -73.827537264470621, 40.816148122001955 ], [ -73.827673466284338, 40.808411415406212 ], [ -73.837855767918171, 40.808514435192414 ], [ -73.83772074844029, 40.816251169728844 ] ] ] } },
{ "type": "Feature", "properties": { "id": 342, "left": 567097.4178000001, "top": 4486367.4247000003, "right": 567956.4178000001, "bottom": 4485508.4247000003, "row_index": 51, "col_index": 5, "sq_id": 342 }, "geometry": { "type": "Polygon", "coordinates": [ [ [ -74.207845214549295, 40.525326918501584 ], [ -74.197704764560385, 40.525256953305799 ], [ -74.197797017634144, 40.517518992335539 ], [ -74.20793630190785, 40.517588938527879 ], [ -74.207845214549295, 40.525326918501584 ] ] ] } },
{ "type": "Feature", "properties": { "id": 2393, "left": 598021.4178000001, "top": 4518150.4247000003, "right": 598880.4178000001, "bottom": 4517291.4247000003, "row_index": 14, "col_index": 41, "sq_id": 2393 }, "geometry": { "type": "Polygon", "coordinates": [ [ [ -73.837855767918171, 40.808514435192414 ], [ -73.827673466284338, 40.808411415406212 ], [ -73.827809615170452, 40.800674698026945 ], [ -73.8379907349277, 40.800777689878863 ], [ -73.837855767918171, 40.808514435192414 ] ] ] } },
{ "type": "Feature", "properties": { "id": 343, "left": 567097.4178000001, "top": 4485508.4247000003, "right": 567956.4178000001, "bottom": 4484649.4247000003, "row_index": 52, "col_index": 5, "sq_id": 343 }, "geometry": { "type": "Polygon", "coordinates": [ [ [ -74.20793630190785, 40.517588938527879 ], [ -74.197797017634144, 40.517518992335539 ], [ -74.197889234923565, 40.509781020796275 ], [ -74.208027353934128, 40.50985094798952 ], [ -74.20793630190785, 40.517588938527879 ] ] ] } },
{ "type": "Feature", "properties": { "id": 2394, "left": 598021.4178000001, "top": 4517291.4247000003, "right": 598880.4178000001, "bottom": 4516432.4247000003, "row_index": 15, "col_index": 41, "sq_id": 2394 }, "geometry": { "type": "Polygon", "coordinates": [ [ [ -73.8379907349277, 40.800777689878863 ], [ -73.827809615170452, 40.800674698026945 ], [ -73.827945711152296, 40.792937969864752 ], [ -73.838125649491971, 40.793040933788802 ], [ -73.8379907349277, 40.800777689878863 ] ] ] } },
{ "type": "Feature", "properties": { "id": 336, "left": 567097.4178000001, "top": 4491521.4247000003, "right": 567956.4178000001, "bottom": 4490662.4247000003, "row_index": 45, "col_index": 5, "sq_id": 336 }, "geometry": { "type": "Polygon", "coordinates": [ [ [ -74.207297947553059, 40.571754576456975 ], [ -74.197150493768305, 40.571684497149867 ], [ -74.197242961877578, 40.563946599604293 ], [ -74.207389247230537, 40.564016659882036 ], [ -74.207297947553059, 40.571754576456975 ] ] ] } },
{ "type": "Feature", "properties": { "id": 2395, "left": 598021.4178000001, "top": 4516432.4247000003, "right": 598880.4178000001, "bottom": 4515573.4247000003, "row_index": 16, "col_index": 41, "sq_id": 2395 }, "geometry": { "type": "Polygon", "coordinates": [ [ [ -73.838125649491971, 40.793040933788802 ], [ -73.827945711152296, 40.792937969864752 ], [ -73.828081754253219, 40.785201230920208 ], [ -73.838260511634147, 40.785304166922792 ], [ -73.838125649491971, 40.793040933788802 ] ] ] } },
{ "type": "Feature", "properties": { "id": 337, "left": 567097.4178000001, "top": 4490662.4247000003, "right": 567956.4178000001, "bottom": 4489803.4247000003, "row_index": 46, "col_index": 5, "sq_id": 337 }, "geometry": { "type": "Polygon", "coordinates": [ [ [ -74.207389247230537, 40.564016659882036 ], [ -74.197242961877578, 40.563946599604293 ], [ -74.197335394108322, 40.556208691486667 ], [ -74.207480511482757, 40.556278732739365 ], [ -74.207389247230537, 40.564016659882036 ] ] ] } },
{ "type": "Feature", "properties": { "id": 2388, "left": 598021.4178000001, "top": 4522445.4247000003, "right": 598880.4178000001, "bottom": 4521586.4247000003, "row_index": 9, "col_index": 41, "sq_id": 2388 }, "geometry": { "type": "Polygon", "coordinates": [ [ [ -73.837180145381737, 40.847198000091986 ], [ -73.826991927472491, 40.847094840538155 ], [ -73.827128341230292, 40.839358177082303 ], [ -73.837315374964803, 40.839461308669762 ], [ -73.837180145381737, 40.847198000091986 ] ] ] } },
{ "type": "Feature", "properties": { "id": 338, "left": 567097.4178000001, "top": 4489803.4247000003, "right": 567956.4178000001, "bottom": 4488944.4247000003, "row_index": 47, "col_index": 5, "sq_id": 338 }, "geometry": { "type": "Polygon", "coordinates": [ [ [ -74.207480511482757, 40.556278732739365 ], [ -74.197335394108322, 40.556208691486667 ], [ -74.197427790476283, 40.548470772797494 ], [ -74.207571740325221, 40.548540795029488 ], [ -74.207480511482757, 40.556278732739365 ] ] ] } },
{ "type": "Feature", "properties": { "id": 2389, "left": 598021.4178000001, "top": 4521586.4247000003, "right": 598880.4178000001, "bottom": 4520727.4247000003, "row_index": 10, "col_index": 41, "sq_id": 2389 }, "geometry": { "type": "Polygon", "coordinates": [ [ [ -73.837315374964803, 40.839461308669762 ], [ -73.827128341230292, 40.839358177082303 ], [ -73.827264701966982, 40.831621502840591 ], [ -73.837450551986777, 40.831724606468114 ], [ -73.837315374964803, 40.839461308669762 ] ] ] } },
{ "type": "Feature", "properties": { "id": 339, "left": 567097.4178000001, "top": 4488944.4247000003, "right": 567956.4178000001, "bottom": 4488085.4247000003, "row_index": 48, "col_index": 5, "sq_id": 339 }, "geometry": { "type": "Polygon", "coordinates": [ [ [ -74.207571740325221, 40.548540795029488 ], [ -74.197427790476283, 40.548470772797494 ], [ -74.197520150997136, 40.540732843537292 ], [ -74.207662933773477, 40.540802846752889 ], [ -74.207571740325221, 40.548540795029488 ] ] ] } },
{ "type": "Feature", "properties": { "id": 2390, "left": 598021.4178000001, "top": 4520727.4247000003, "right": 598880.4178000001, "bottom": 4519868.4247000003, "row_index": 11, "col_index": 41, "sq_id": 2390 }, "geometry": { "type": "Polygon", "coordinates": [ [ [ -73.837450551986777, 40.831724606468114 ], [ -73.827264701966982, 40.831621502840591 ], [ -73.827401009705966, 40.823884817813614 ], [ -73.83758567647088, 40.823987893487612 ], [ -73.837450551986777, 40.831724606468114 ] ] ] } },
{ "type": "Feature", "properties": { "id": 2391, "left": 598021.4178000001, "top": 4519868.4247000003, "right": 598880.4178000001, "bottom": 4519009.4247000003, "row_index": 12, "col_index": 41, "sq_id": 2391 }, "geometry": { "type": "Polygon", "coordinates": [ [ [ -73.83758567647088, 40.823987893487612 ], [ -73.827401009705966, 40.823884817813614 ], [ -73.827537264470621, 40.816148122001955 ], [ -73.83772074844029, 40.816251169728844 ], [ -73.83758567647088, 40.823987893487612 ] ] ] } },
{ "type": "Feature", "properties": { "id": 2384, "left": 598021.4178000001, "top": 4525881.4247000003, "right": 598880.4178000001, "bottom": 4525022.4247000003, "row_index": 5, "col_index": 41, "sq_id": 2384 }, "geometry": { "type": "Polygon", "coordinates": [ [ [ -73.836638700974348, 40.878144657975156 ], [ -73.826445741761702, 40.87804138649156 ], [ -73.826582367838228, 40.87030476618488 ], [ -73.836774141033956, 40.870408009676389 ], [ -73.836638700974348, 40.878144657975156 ] ] ] } },
{ "type": "Feature", "properties": { "id": 2385, "left": 598021.4178000001, "top": 4525022.4247000003, "right": 598880.4178000001, "bottom": 4524163.4247000003, "row_index": 6, "col_index": 41, "sq_id": 2385 }, "geometry": { "type": "Polygon", "coordinates": [ [ [ -73.836774141033956, 40.870408009676389 ], [ -73.826582367838228, 40.87030476618488 ], [ -73.826718940799907, 40.862568135090029 ], [ -73.836909528439563, 40.862671350595882 ], [ -73.836774141033956, 40.870408009676389 ] ] ] } },
{ "type": "Feature", "properties": { "id": 2386, "left": 598021.4178000001, "top": 4524163.4247000003, "right": 598880.4178000001, "bottom": 4523304.4247000003, "row_index": 7, "col_index": 41, "sq_id": 2386 }, "geometry": { "type": "Polygon", "coordinates": [ [ [ -73.836909528439563, 40.862671350595882 ], [ -73.826718940799907, 40.862568135090029 ], [ -73.826855460670174, 40.854831493207598 ], [ -73.837044863214402, 40.854934680734218 ], [ -73.836909528439563, 40.862671350595882 ] ] ] } },
{ "type": "Feature", "properties": { "id": 2387, "left": 598021.4178000001, "top": 4523304.4247000003, "right": 598880.4178000001, "bottom": 4522445.4247000003, "row_index": 8, "col_index": 41, "sq_id": 2387 }, "geometry": { "type": "Polygon", "coordinates": [ [ [ -73.837044863214402, 40.854934680734218 ], [ -73.826855460670174, 40.854831493207598 ], [ -73.826991927472491, 40.847094840538155 ], [ -73.837180145381737, 40.847198000091986 ], [ -73.837044863214402, 40.854934680734218 ] ] ] } },
{ "type": "Feature", "properties": { "id": 1708, "left": 587713.4178000001, "top": 4508701.4247000003, "right": 588572.4178000001, "bottom": 4507842.4247000003, "row_index": 25, "col_index": 29, "sq_id": 1708 }, "geometry": { "type": "Polygon", "coordinates": [ [ [ -73.961373380822224, 40.724572331605657 ], [ -73.951203458208468, 40.72448036777093 ], [ -73.951324902894711, 40.716743213476413 ], [ -73.961493648407597, 40.716835152362293 ], [ -73.961373380822224, 40.724572331605657 ] ] ] } },
{ "type": "Feature", "properties": { "id": 1709, "left": 587713.4178000001, "top": 4507842.4247000003, "right": 588572.4178000001, "bottom": 4506983.4247000003, "row_index": 26, "col_index": 29, "sq_id": 1709 }, "geometry": { "type": "Polygon", "coordinates": [ [ [ -73.961493648407597, 40.716835152362293 ], [ -73.951324902894711, 40.716743213476413 ], [ -73.951446300415057, 40.70900604847823 ], [ -73.961613869284051, 40.709097962420962 ], [ -73.961493648407597, 40.716835152362293 ] ] ] } },
{ "type": "Feature", "properties": { "id": 1710, "left": 587713.4178000001, "top": 4506983.4247000003, "right": 588572.4178000001, "bottom": 4506124.4247000003, "row_index": 27, "col_index": 29, "sq_id": 1710 }, "geometry": { "type": "Polygon", "coordinates": [ [ [ -73.961613869284051, 40.709097962420962 ], [ -73.951446300415057, 40.70900604847823 ], [ -73.951567650790253, 40.701268872776936 ], [ -73.961734043472148, 40.701360761782226 ], [ -73.961613869284051, 40.709097962420962 ] ] ] } },
{ "type": "Feature", "properties": { "id": 1711, "left": 587713.4178000001, "top": 4506124.4247000003, "right": 588572.4178000001, "bottom": 4505265.4247000003, "row_index": 28, "col_index": 29, "sq_id": 1711 }, "geometry": { "type": "Polygon", "coordinates": [ [ [ -73.961734043472148, 40.701360761782226 ], [ -73.951567650790253, 40.701268872776936 ], [ -73.95168895404106, 40.69353168637307 ], [ -73.961854170992396, 40.693623550446631 ], [ -73.961734043472148, 40.701360761782226 ] ] ] } },
{ "type": "Feature", "properties": { "id": 1704, "left": 587713.4178000001, "top": 4512137.4247000003, "right": 588572.4178000001, "bottom": 4511278.4247000003, "row_index": 21, "col_index": 29, "sq_id": 1704 }, "geometry": { "type": "Polygon", "coordinates": [ [ [ -73.960891842980118, 40.755520941588557 ], [ -73.950717207389104, 40.755428877901331 ], [ -73.950838840946687, 40.747691766426996 ], [ -73.961012297606914, 40.747783805142518 ], [ -73.960891842980118, 40.755520941588557 ] ] ] } },
{ "type": "Feature", "properties": { "id": 1705, "left": 587713.4178000001, "top": 4511278.4247000003, "right": 588572.4178000001, "bottom": 4510419.4247000003, "row_index": 22, "col_index": 29, "sq_id": 1705 }, "geometry": { "type": "Polygon", "coordinates": [ [ [ -73.961012297606914, 40.747783805142518 ], [ -73.950838840946687, 40.747691766426996 ], [ -73.950960427255239, 40.739954644246779 ], [ -73.961132705442481, 40.740046657996317 ], [ -73.961012297606914, 40.747783805142518 ] ] ] } },
{ "type": "Feature", "properties": { "id": 1706, "left": 587713.4178000001, "top": 4510419.4247000003, "right": 588572.4178000001, "bottom": 4509560.4247000003, "row_index": 23, "col_index": 29, "sq_id": 1706 }, "geometry": { "type": "Polygon", "coordinates": [ [ [ -73.961132705442481, 40.740046657996317 ], [ -73.950960427255239, 40.739954644246779 ], [ -73.951081966335565, 40.732217511361235 ], [ -73.961253066507382, 40.732309500150521 ], [ -73.961132705442481, 40.740046657996317 ] ] ] } },
{ "type": "Feature", "properties": { "id": 1707, "left": 587713.4178000001, "top": 4509560.4247000003, "right": 588572.4178000001, "bottom": 4508701.4247000003, "row_index": 24, "col_index": 29, "sq_id": 1707 }, "geometry": { "type": "Polygon", "coordinates": [ [ [ -73.961253066507382, 40.732309500150521 ], [ -73.951081966335565, 40.732217511361235 ], [ -73.951203458208468, 40.72448036777093 ], [ -73.961373380822224, 40.724572331605657 ], [ -73.961253066507382, 40.732309500150521 ] ] ] } },
{ "type": "Feature", "properties": { "id": 1700, "left": 587713.4178000001, "top": 4515573.4247000003, "right": 588572.4178000001, "bottom": 4514714.4247000003, "row_index": 17, "col_index": 29, "sq_id": 1700 }, "geometry": { "type": "Polygon", "coordinates": [ [ [ -73.960409556147908, 40.786469380360145 ], [ -73.950230200251937, 40.786377216728894 ], [ -73.950352023013934, 40.778640148083575 ], [ -73.960530198145989, 40.778732286720221 ], [ -73.960409556147908, 40.786469380360145 ] ] ] } },
{ "type": "Feature", "properties": { "id": 1701, "left": 587713.4178000001, "top": 4514714.4247000003, "right": 588572.4178000001, "bottom": 4513855.4247000003, "row_index": 18, "col_index": 29, "sq_id": 1701 }, "geometry": { "type": "Polygon", "coordinates": [ [ [ -73.960530198145989, 40.778732286720221 ], [ -73.950352023013934, 40.778640148083575 ], [ -73.950473798443568, 40.770903068730178 ], [ -73.96065079327029, 40.770995182377945 ], [ -73.960530198145989, 40.778732286720221 ] ] ] } },
{ "type": "Feature", "properties": { "id": 1702, "left": 587713.4178000001, "top": 4513855.4247000003, "right": 588572.4178000001, "bottom": 4512996.4247000003, "row_index": 19, "col_index": 29, "sq_id": 1702 }, "geometry": { "type": "Polygon", "coordinates": [ [ [ -73.96065079327029, 40.770995182377945 ], [ -73.950473798443568, 40.770903068730178 ], [ -73.950595526561671, 40.763165978669235 ], [ -73.960771341541445, 40.763258067333886 ], [ -73.96065079327029, 40.770995182377945 ] ] ] } },
{ "type": "Feature", "properties": { "id": 1703, "left": 587713.4178000001, "top": 4512996.4247000003, "right": 588572.4178000001, "bottom": 4512137.4247000003, "row_index": 20, "col_index": 29, "sq_id": 1703 }, "geometry": { "type": "Polygon", "coordinates": [ [ [ -73.960771341541445, 40.763258067333886 ], [ -73.950595526561671, 40.763165978669235 ], [ -73.950717207389104, 40.755428877901331 ], [ -73.960891842980118, 40.755520941588557 ], [ -73.960771341541445, 40.763258067333886 ] ] ] } },
{ "type": "Feature", "properties": { "id": 1696, "left": 587713.4178000001, "top": 4519009.4247000003, "right": 588572.4178000001, "bottom": 4518150.4247000003, "row_index": 13, "col_index": 29, "sq_id": 1696 }, "geometry": { "type": "Polygon", "coordinates": [ [ [ -73.959926519004085, 40.817417647885399 ], [ -73.949742435462539, 40.817325384218414 ], [ -73.949864447762891, 40.809588358410892 ], [ -73.960047348704151, 40.809680597060336 ], [ -73.959926519004085, 40.817417647885399 ] ] ] } },
{ "type": "Feature", "properties": { "id": 1697, "left": 587713.4178000001, "top": 4518150.4247000003, "right": 588572.4178000001, "bottom": 4517291.4247000003, "row_index": 14, "col_index": 29, "sq_id": 1697 }, "geometry": { "type": "Polygon", "coordinates": [ [ [ -73.960047348704151, 40.809680597060336 ], [ -73.949864447762891, 40.809588358410892 ], [ -73.949986412647306, 40.801851321893103 ], [ -73.960168131447674, 40.801943535530739 ], [ -73.960047348704151, 40.809680597060336 ] ] ] } },
{ "type": "Feature", "properties": { "id": 1698, "left": 587713.4178000001, "top": 4517291.4247000003, "right": 588572.4178000001, "bottom": 4516432.4247000003, "row_index": 15, "col_index": 29, "sq_id": 1698 }, "geometry": { "type": "Polygon", "coordinates": [ [ [ -73.960168131447674, 40.801943535530739 ], [ -73.949986412647306, 40.801851321893103 ], [ -73.950108330136686, 40.794114274665588 ], [ -73.960288867255358, 40.794206463297158 ], [ -73.960168131447674, 40.801943535530739 ] ] ] } },
{ "type": "Feature", "properties": { "id": 1699, "left": 587713.4178000001, "top": 4516432.4247000003, "right": 588572.4178000001, "bottom": 4515573.4247000003, "row_index": 16, "col_index": 29, "sq_id": 1699 }, "geometry": { "type": "Polygon", "coordinates": [ [ [ -73.960288867255358, 40.794206463297158 ], [ -73.950108330136686, 40.794114274665588 ], [ -73.950230200251937, 40.786377216728894 ], [ -73.960409556147908, 40.786469380360145 ], [ -73.960288867255358, 40.794206463297158 ] ] ] } },
{ "type": "Feature", "properties": { "id": 1724, "left": 587713.4178000001, "top": 4494957.4247000003, "right": 588572.4178000001, "bottom": 4494098.4247000003, "row_index": 41, "col_index": 29, "sq_id": 1724 }, "geometry": { "type": "Polygon", "coordinates": [ [ [ -73.963292068601405, 40.600776180267324 ], [ -73.953140924876877, 40.600684614931083 ], [ -73.953261617391362, 40.59294728944495 ], [ -73.963411591302588, 40.593038829923287 ], [ -73.963292068601405, 40.600776180267324 ] ] ] } },
{ "type": "Feature", "properties": { "id": 1725, "left": 587713.4178000001, "top": 4494098.4247000003, "right": 588572.4178000001, "bottom": 4493239.4247000003, "row_index": 42, "col_index": 29, "sq_id": 1725 }, "geometry": { "type": "Polygon", "coordinates": [ [ [ -73.963411591302588, 40.593038829923287 ], [ -73.953261617391362, 40.59294728944495 ], [ -73.953382263070367, 40.585209953264105 ], [ -73.963531067622057, 40.585301468890194 ], [ -73.963411591302588, 40.593038829923287 ] ] ] } },
{ "type": "Feature", "properties": { "id": 1726, "left": 587713.4178000001, "top": 4493239.4247000003, "right": 588572.4178000001, "bottom": 4492380.4247000003, "row_index": 43, "col_index": 29, "sq_id": 1726 }, "geometry": { "type": "Polygon", "coordinates": [ [ [ -73.963531067622057, 40.585301468890194 ], [ -73.953382263070367, 40.585209953264105 ], [ -73.95350286193441, 40.577472606389122 ], [ -73.963650497580147, 40.577564097168633 ], [ -73.963531067622057, 40.585301468890194 ] ] ] } },
{ "type": "Feature", "properties": { "id": 1727, "left": 587713.4178000001, "top": 4492380.4247000003, "right": 588572.4178000001, "bottom": 4491521.4247000003, "row_index": 44, "col_index": 29, "sq_id": 1727 }, "geometry": { "type": "Polygon", "coordinates": [ [ [ -73.963650497580147, 40.577564097168633 ], [ -73.95350286193441, 40.577472606389122 ], [ -73.953623414004028, 40.569735248820564 ], [ -73.963769881197194, 40.569826714759152 ], [ -73.963650497580147, 40.577564097168633 ] ] ] } },
{ "type": "Feature", "properties": { "id": 1720, "left": 587713.4178000001, "top": 4498393.4247000003, "right": 588572.4178000001, "bottom": 4497534.4247000003, "row_index": 37, "col_index": 29, "sq_id": 1720 }, "geometry": { "type": "Polygon", "coordinates": [ [ [ -73.962813513572314, 40.631725474741863 ], [ -73.952657686052802, 40.631633809917361 ], [ -73.952778566114887, 40.623896527215663 ], [ -73.962933222003997, 40.623988167159602 ], [ -73.962813513572314, 40.631725474741863 ] ] ] } },
{ "type": "Feature", "properties": { "id": 1721, "left": 587713.4178000001, "top": 4497534.4247000003, "right": 588572.4178000001, "bottom": 4496675.4247000003, "row_index": 38, "col_index": 29, "sq_id": 1721 }, "geometry": { "type": "Polygon", "coordinates": [ [ [ -73.962933222003997, 40.623988167159602 ], [ -73.952778566114887, 40.623896527215663 ], [ -73.952899399259209, 40.616159233816994 ], [ -73.96305288397248, 40.61625084888604 ], [ -73.962933222003997, 40.623988167159602 ] ] ] } },
{ "type": "Feature", "properties": { "id": 1722, "left": 587713.4178000001, "top": 4496675.4247000003, "right": 588572.4178000001, "bottom": 4495816.4247000003, "row_index": 39, "col_index": 29, "sq_id": 1722 }, "geometry": { "type": "Polygon", "coordinates": [ [ [ -73.96305288397248, 40.61625084888604 ], [ -73.952899399259209, 40.616159233816994 ], [ -73.953020185506332, 40.608421929721963 ], [ -73.963172499498171, 40.608513519921765 ], [ -73.96305288397248, 40.61625084888604 ] ] ] } },
{ "type": "Feature", "properties": { "id": 1723, "left": 587713.4178000001, "top": 4495816.4247000003, "right": 588572.4178000001, "bottom": 4494957.4247000003, "row_index": 40, "col_index": 29, "sq_id": 1723 }, "geometry": { "type": "Polygon", "coordinates": [ [ [ -73.963172499498171, 40.608513519921765 ], [ -73.953020185506332, 40.608421929721963 ], [ -73.953140924876877, 40.600684614931083 ], [ -73.963292068601405, 40.600776180267324 ], [ -73.963172499498171, 40.608513519921765 ] ] ] } },
{ "type": "Feature", "properties": { "id": 1716, "left": 587713.4178000001, "top": 4501829.4247000003, "right": 588572.4178000001, "bottom": 4500970.4247000003, "row_index": 33, "col_index": 29, "sq_id": 1716 }, "geometry": { "type": "Polygon", "coordinates": [ [ [ -73.962334214805296, 40.662674598146872 ], [ -73.952173696214444, 40.662582833743322 ], [ -73.952294764153805, 40.654845593835063 ], [ -73.962454109293944, 40.654937333335333 ], [ -73.962334214805296, 40.662674598146872 ] ] ] } },
{ "type": "Feature", "properties": { "id": 1717, "left": 587713.4178000001, "top": 4500970.4247000003, "right": 588572.4178000001, "bottom": 4500111.4247000003, "row_index": 34, "col_index": 29, "sq_id": 1717 }, "geometry": { "type": "Polygon", "coordinates": [ [ [ -73.962454109293944, 40.654937333335333 ], [ -73.952294764153805, 40.654845593835063 ], [ -73.952415785092882, 40.647108343227615 ], [ -73.962573957237709, 40.647200057830283 ], [ -73.962454109293944, 40.654937333335333 ] ] ] } },
{ "type": "Feature", "properties": { "id": 1718, "left": 587713.4178000001, "top": 4500111.4247000003, "right": 588572.4178000001, "bottom": 4499252.4247000003, "row_index": 35, "col_index": 29, "sq_id": 1718 }, "geometry": { "type": "Polygon", "coordinates": [ [ [ -73.962573957237709, 40.647200057830283 ], [ -73.952415785092882, 40.647108343227615 ], [ -73.952536759052336, 40.639371081921524 ], [ -73.962693758657025, 40.639462771632282 ], [ -73.962573957237709, 40.647200057830283 ] ] ] } },
{ "type": "Feature", "properties": { "id": 1719, "left": 587713.4178000001, "top": 4499252.4247000003, "right": 588572.4178000001, "bottom": 4498393.4247000003, "row_index": 36, "col_index": 29, "sq_id": 1719 }, "geometry": { "type": "Polygon", "coordinates": [ [ [ -73.962693758657025, 40.639462771632282 ], [ -73.952536759052336, 40.639371081921524 ], [ -73.952657686052802, 40.631633809917361 ], [ -73.962813513572314, 40.631725474741863 ], [ -73.962693758657025, 40.639462771632282 ] ] ] } },
{ "type": "Feature", "properties": { "id": 1712, "left": 587713.4178000001, "top": 4505265.4247000003, "right": 588572.4178000001, "bottom": 4504406.4247000003, "row_index": 29, "col_index": 29, "sq_id": 1712 }, "geometry": { "type": "Polygon", "coordinates": [ [ [ -73.961854170992396, 40.693623550446631 ], [ -73.95168895404106, 40.69353168637307 ], [ -73.951810210188171, 40.685794489267238 ], [ -73.961974251865328, 40.685886328414753 ], [ -73.961854170992396, 40.693623550446631 ] ] ] } },
{ "type": "Feature", "properties": { "id": 1713, "left": 587713.4178000001, "top": 4504406.4247000003, "right": 588572.4178000001, "bottom": 4503547.4247000003, "row_index": 30, "col_index": 29, "sq_id": 1713 }, "geometry": { "type": "Polygon", "coordinates": [ [ [ -73.961974251865328, 40.685886328414753 ], [ -73.951810210188171, 40.685794489267238 ], [ -73.951931419252318, 40.678057281459949 ], [ -73.962094286111451, 40.678149095687139 ], [ -73.961974251865328, 40.685886328414753 ] ] ] } },
{ "type": "Feature", "properties": { "id": 1714, "left": 587713.4178000001, "top": 4503547.4247000003, "right": 588572.4178000001, "bottom": 4502688.4247000003, "row_index": 31, "col_index": 29, "sq_id": 1714 }, "geometry": { "type": "Polygon", "coordinates": [ [ [ -73.962094286111451, 40.678149095687139 ], [ -73.951931419252318, 40.678057281459949 ], [ -73.952052581254179, 40.670320062951802 ], [ -73.962214273751286, 40.670411852264309 ], [ -73.962094286111451, 40.678149095687139 ] ] ] } },
{ "type": "Feature", "properties": { "id": 1715, "left": 587713.4178000001, "top": 4502688.4247000003, "right": 588572.4178000001, "bottom": 4501829.4247000003, "row_index": 32, "col_index": 29, "sq_id": 1715 }, "geometry": { "type": "Polygon", "coordinates": [ [ [ -73.962214273751286, 40.670411852264309 ], [ -73.952052581254179, 40.670320062951802 ], [ -73.952173696214444, 40.662582833743322 ], [ -73.962334214805296, 40.662674598146872 ], [ -73.962214273751286, 40.670411852264309 ] ] ] } },
{ "type": "Feature", "properties": { "id": 1668, "left": 586854.4178000001, "top": 4493239.4247000003, "right": 587713.4178000001, "bottom": 4492380.4247000003, "row_index": 43, "col_index": 28, "sq_id": 1668 }, "geometry": { "type": "Polygon", "coordinates": [ [ [ -73.973679918535112, 40.585392093048306 ], [ -73.963531067622057, 40.585301468890194 ], [ -73.963650497580147, 40.577564097168633 ], [ -73.973798179566927, 40.577654696722121 ], [ -73.973679918535112, 40.585392093048306 ] ] ] } },
{ "type": "Feature", "properties": { "id": 1669, "left": 586854.4178000001, "top": 4492380.4247000003, "right": 587713.4178000001, "bottom": 4491521.4247000003, "row_index": 44, "col_index": 28, "sq_id": 1669 }, "geometry": { "type": "Polygon", "coordinates": [ [ [ -73.973798179566927, 40.577654696722121 ], [ -73.963650497580147, 40.577564097168633 ], [ -73.963769881197194, 40.569826714759152 ], [ -73.973916394711082, 40.569917289713622 ], [ -73.973798179566927, 40.577654696722121 ] ] ] } },
{ "type": "Feature", "properties": { "id": 1664, "left": 586854.4178000001, "top": 4496675.4247000003, "right": 587713.4178000001, "bottom": 4495816.4247000003, "row_index": 39, "col_index": 28, "sq_id": 1664 }, "geometry": { "type": "Polygon", "coordinates": [ [ [ -73.973206415128558, 40.61634157151866 ], [ -73.96305288397248, 40.61625084888604 ], [ -73.963172499498171, 40.608513519921765 ], [ -73.973324859912395, 40.608604217927343 ], [ -73.973206415128558, 40.61634157151866 ] ] ] } },
{ "type": "Feature", "properties": { "id": 1665, "left": 586854.4178000001, "top": 4495816.4247000003, "right": 587713.4178000001, "bottom": 4494957.4247000003, "row_index": 40, "col_index": 28, "sq_id": 1665 }, "geometry": { "type": "Polygon", "coordinates": [ [ [ -73.973324859912395, 40.608604217927343 ], [ -73.963172499498171, 40.608513519921765 ], [ -73.963292068601405, 40.600776180267324 ], [ -73.973443258727997, 40.600866853651475 ], [ -73.973324859912395, 40.608604217927343 ] ] ] } },
{ "type": "Feature", "properties": { "id": 1666, "left": 586854.4178000001, "top": 4494957.4247000003, "right": 587713.4178000001, "bottom": 4494098.4247000003, "row_index": 41, "col_index": 28, "sq_id": 1666 }, "geometry": { "type": "Polygon", "coordinates": [ [ [ -73.973443258727997, 40.600866853651475 ], [ -73.963292068601405, 40.600776180267324 ], [ -73.963411591302588, 40.593038829923287 ], [ -73.973561611595528, 40.593129478691608 ], [ -73.973443258727997, 40.600866853651475 ] ] ] } },
{ "type": "Feature", "properties": { "id": 1667, "left": 586854.4178000001, "top": 4494098.4247000003, "right": 587713.4178000001, "bottom": 4493239.4247000003, "row_index": 42, "col_index": 28, "sq_id": 1667 }, "geometry": { "type": "Polygon", "coordinates": [ [ [ -73.973561611595528, 40.593129478691608 ], [ -73.963411591302588, 40.593038829923287 ], [ -73.963531067622057, 40.585301468890194 ], [ -73.973679918535112, 40.585392093048306 ], [ -73.973561611595528, 40.593129478691608 ] ] ] } },
{ "type": "Feature", "properties": { "id": 1693, "left": 587713.4178000001, "top": 4521586.4247000003, "right": 588572.4178000001, "bottom": 4520727.4247000003, "row_index": 10, "col_index": 29, "sq_id": 1693 }, "geometry": { "type": "Polygon", "coordinates": [ [ [ -73.959563747957318, 40.840628736127975 ], [ -73.949376113856516, 40.840536397373903 ], [ -73.949498268530292, 40.832799403700463 ], [ -73.959684718651403, 40.832891717419763 ], [ -73.959563747957318, 40.840628736127975 ] ] ] } },
{ "type": "Feature", "properties": { "id": 1694, "left": 587713.4178000001, "top": 4520727.4247000003, "right": 588572.4178000001, "bottom": 4519868.4247000003, "row_index": 11, "col_index": 29, "sq_id": 1694 }, "geometry": { "type": "Polygon", "coordinates": [ [ [ -73.959684718651403, 40.832891717419763 ], [ -73.949498268530292, 40.832799403700463 ], [ -73.949620375725317, 40.825062399315115 ], [ -73.959805642326756, 40.825154688005391 ], [ -73.959684718651403, 40.832891717419763 ] ] ] } },
{ "type": "Feature", "properties": { "id": 1695, "left": 587713.4178000001, "top": 4519868.4247000003, "right": 588572.4178000001, "bottom": 4519009.4247000003, "row_index": 12, "col_index": 29, "sq_id": 1695 }, "geometry": { "type": "Polygon", "coordinates": [ [ [ -73.959805642326756, 40.825154688005391 ], [ -73.949620375725317, 40.825062399315115 ], [ -73.949742435462539, 40.817325384218414 ], [ -73.959926519004085, 40.817417647885399 ], [ -73.959805642326756, 40.825154688005391 ] ] ] } },
{ "type": "Feature", "properties": { "id": 1772, "left": 588572.4178000001, "top": 4503547.4247000003, "right": 589431.4178000001, "bottom": 4502688.4247000003, "row_index": 31, "col_index": 30, "sq_id": 1772 }, "geometry": { "type": "Polygon", "coordinates": [ [ [ -73.951931419252318, 40.678057281459949 ], [ -73.941768599455457, 40.677964572868817 ], [ -73.941890935798668, 40.670227379517947 ], [ -73.952052581254179, 40.670320062951802 ], [ -73.951931419252318, 40.678057281459949 ] ] ] } },
{ "type": "Feature", "properties": { "id": 1773, "left": 588572.4178000001, "top": 4502688.4247000003, "right": 589431.4178000001, "bottom": 4501829.4247000003, "row_index": 32, "col_index": 30, "sq_id": 1773 }, "geometry": { "type": "Polygon", "coordinates": [ [ [ -73.952052581254179, 40.670320062951802 ], [ -73.941890935798668, 40.670227379517947 ], [ -73.942013224644526, 40.662490175461009 ], [ -73.952173696214444, 40.662582833743322 ], [ -73.952052581254179, 40.670320062951802 ] ] ] } },
{ "type": "Feature", "properties": { "id": 1774, "left": 588572.4178000001, "top": 4501829.4247000003, "right": 589431.4178000001, "bottom": 4500970.4247000003, "row_index": 33, "col_index": 30, "sq_id": 1774 }, "geometry": { "type": "Polygon", "coordinates": [ [ [ -73.952173696214444, 40.662582833743322 ], [ -73.942013224644526, 40.662490175461009 ], [ -73.942135466013909, 40.654752960698545 ], [ -73.952294764153805, 40.654845593835063 ], [ -73.952173696214444, 40.662582833743322 ] ] ] } },
{ "type": "Feature", "properties": { "id": 1775, "left": 588572.4178000001, "top": 4500970.4247000003, "right": 589431.4178000001, "bottom": 4500111.4247000003, "row_index": 34, "col_index": 30, "sq_id": 1775 }, "geometry": { "type": "Polygon", "coordinates": [ [ [ -73.952294764153805, 40.654845593835063 ], [ -73.942135466013909, 40.654752960698545 ], [ -73.942257659927648, 40.647015735231165 ], [ -73.952415785092882, 40.647108343227615 ], [ -73.952294764153805, 40.654845593835063 ] ] ] } },
{ "type": "Feature", "properties": { "id": 1768, "left": 588572.4178000001, "top": 4506983.4247000003, "right": 589431.4178000001, "bottom": 4506124.4247000003, "row_index": 27, "col_index": 30, "sq_id": 1768 }, "geometry": { "type": "Polygon", "coordinates": [ [ [ -73.951446300415057, 40.70900604847823 ], [ -73.941278778691199, 40.708913239200477 ], [ -73.941401305232787, 40.70117608867946 ], [ -73.951567650790253, 40.701268872776936 ], [ -73.951446300415057, 40.70900604847823 ] ] ] } },
{ "type": "Feature", "properties": { "id": 1769, "left": 588572.4178000001, "top": 4506124.4247000003, "right": 589431.4178000001, "bottom": 4505265.4247000003, "row_index": 28, "col_index": 30, "sq_id": 1769 }, "geometry": { "type": "Polygon", "coordinates": [ [ [ -73.951567650790253, 40.701268872776936 ], [ -73.941401305232787, 40.70117608867946 ], [ -73.941523784193407, 40.693438927450138 ], [ -73.95168895404106, 40.69353168637307 ], [ -73.951567650790253, 40.701268872776936 ] ] ] } },
{ "type": "Feature", "properties": { "id": 1770, "left": 588572.4178000001, "top": 4505265.4247000003, "right": 589431.4178000001, "bottom": 4504406.4247000003, "row_index": 29, "col_index": 30, "sq_id": 1770 }, "geometry": { "type": "Polygon", "coordinates": [ [ [ -73.95168895404106, 40.69353168637307 ], [ -73.941523784193407, 40.693438927450138 ], [ -73.941646215594005, 40.685701755513072 ], [ -73.951810210188171, 40.685794489267238 ], [ -73.95168895404106, 40.69353168637307 ] ] ] } },
{ "type": "Feature", "properties": { "id": 1771, "left": 588572.4178000001, "top": 4504406.4247000003, "right": 589431.4178000001, "bottom": 4503547.4247000003, "row_index": 30, "col_index": 30, "sq_id": 1771 }, "geometry": { "type": "Polygon", "coordinates": [ [ [ -73.951810210188171, 40.685794489267238 ], [ -73.941646215594005, 40.685701755513072 ], [ -73.941768599455457, 40.677964572868817 ], [ -73.951931419252318, 40.678057281459949 ], [ -73.951810210188171, 40.685794489267238 ] ] ] } },
{ "type": "Feature", "properties": { "id": 1764, "left": 588572.4178000001, "top": 4510419.4247000003, "right": 589431.4178000001, "bottom": 4509560.4247000003, "row_index": 23, "col_index": 30, "sq_id": 1764 }, "geometry": { "type": "Polygon", "coordinates": [ [ [ -73.950960427255239, 40.739954644246779 ], [ -73.940788196296225, 40.739861734190278 ], [ -73.940910913371184, 40.732124626508067 ], [ -73.951081966335565, 40.732217511361235 ], [ -73.950960427255239, 40.739954644246779 ] ] ] } },
{ "type": "Feature", "properties": { "id": 1765, "left": 588572.4178000001, "top": 4509560.4247000003, "right": 589431.4178000001, "bottom": 4508701.4247000003, "row_index": 24, "col_index": 30, "sq_id": 1765 }, "geometry": { "type": "Polygon", "coordinates": [ [ [ -73.951081966335565, 40.732217511361235 ], [ -73.940910913371184, 40.732124626508067 ], [ -73.941033582781358, 40.724387508115328 ], [ -73.951203458208468, 40.72448036777093 ], [ -73.951081966335565, 40.732217511361235 ] ] ] } },
{ "type": "Feature", "properties": { "id": 1766, "left": 588572.4178000001, "top": 4508701.4247000003, "right": 589431.4178000001, "bottom": 4507842.4247000003, "row_index": 25, "col_index": 30, "sq_id": 1766 }, "geometry": { "type": "Polygon", "coordinates": [ [ [ -73.951203458208468, 40.72448036777093 ], [ -73.941033582781358, 40.724387508115328 ], [ -73.94115620454771, 40.716650379012613 ], [ -73.951324902894711, 40.716743213476413 ], [ -73.951203458208468, 40.72448036777093 ] ] ] } },
{ "type": "Feature", "properties": { "id": 1767, "left": 588572.4178000001, "top": 4507842.4247000003, "right": 589431.4178000001, "bottom": 4506983.4247000003, "row_index": 26, "col_index": 30, "sq_id": 1767 }, "geometry": { "type": "Polygon", "coordinates": [ [ [ -73.951324902894711, 40.716743213476413 ], [ -73.94115620454771, 40.716650379012613 ], [ -73.941278778691199, 40.708913239200477 ], [ -73.951446300415057, 40.70900604847823 ], [ -73.951324902894711, 40.716743213476413 ] ] ] } },
{ "type": "Feature", "properties": { "id": 1760, "left": 588572.4178000001, "top": 4513855.4247000003, "right": 589431.4178000001, "bottom": 4512996.4247000003, "row_index": 19, "col_index": 30, "sq_id": 1760 }, "geometry": { "type": "Polygon", "coordinates": [ [ [ -73.950473798443568, 40.770903068730178 ], [ -73.940296850928348, 40.770810057802592 ], [ -73.940419758872551, 40.763072992968098 ], [ -73.950595526561671, 40.763165978669235 ], [ -73.950473798443568, 40.770903068730178 ] ] ] } },
{ "type": "Feature", "properties": { "id": 1761, "left": 588572.4178000001, "top": 4512996.4247000003, "right": 589431.4178000001, "bottom": 4512137.4247000003, "row_index": 20, "col_index": 30, "sq_id": 1761 }, "geometry": { "type": "Polygon", "coordinates": [ [ [ -73.950595526561671, 40.763165978669235 ], [ -73.940419758872551, 40.763072992968098 ], [ -73.940542619067926, 40.755335917420844 ], [ -73.950717207389104, 40.755428877901331 ], [ -73.950595526561671, 40.763165978669235 ] ] ] } },
{ "type": "Feature", "properties": { "id": 1762, "left": 588572.4178000001, "top": 4512137.4247000003, "right": 589431.4178000001, "bottom": 4511278.4247000003, "row_index": 21, "col_index": 30, "sq_id": 1762 }, "geometry": { "type": "Polygon", "coordinates": [ [ [ -73.950717207389104, 40.755428877901331 ], [ -73.940542619067926, 40.755335917420844 ], [ -73.940665431535479, 40.747598831161397 ], [ -73.950838840946687, 40.747691766426996 ], [ -73.950717207389104, 40.755428877901331 ] ] ] } },
{ "type": "Feature", "properties": { "id": 1763, "left": 588572.4178000001, "top": 4511278.4247000003, "right": 589431.4178000001, "bottom": 4510419.4247000003, "row_index": 22, "col_index": 30, "sq_id": 1763 }, "geometry": { "type": "Polygon", "coordinates": [ [ [ -73.950838840946687, 40.747691766426996 ], [ -73.940665431535479, 40.747598831161397 ], [ -73.940788196296225, 40.739861734190278 ], [ -73.950960427255239, 40.739954644246779 ], [ -73.950838840946687, 40.747691766426996 ] ] ] } },
{ "type": "Feature", "properties": { "id": 1784, "left": 588572.4178000001, "top": 4493239.4247000003, "right": 589431.4178000001, "bottom": 4492380.4247000003, "row_index": 43, "col_index": 30, "sq_id": 1784 }, "geometry": { "type": "Polygon", "coordinates": [ [ [ -73.953382263070367, 40.585209953264105 ], [ -73.943233505333623, 40.585117546181898 ], [ -73.9433552730831, 40.577380224395455 ], [ -73.95350286193441, 40.577472606389122 ], [ -73.953382263070367, 40.585209953264105 ] ] ] } },
{ "type": "Feature", "properties": { "id": 1785, "left": 588572.4178000001, "top": 4492380.4247000003, "right": 589431.4178000001, "bottom": 4491521.4247000003, "row_index": 44, "col_index": 30, "sq_id": 1785 }, "geometry": { "type": "Polygon", "coordinates": [ [ [ -73.95350286193441, 40.577472606389122 ], [ -73.9433552730831, 40.577380224395455 ], [ -73.943476993584781, 40.569642891909751 ], [ -73.953623414004028, 40.569735248820564 ], [ -73.95350286193441, 40.577472606389122 ] ] ] } },
{ "type": "Feature", "properties": { "id": 1780, "left": 588572.4178000001, "top": 4496675.4247000003, "right": 589431.4178000001, "bottom": 4495816.4247000003, "row_index": 39, "col_index": 30, "sq_id": 1780 }, "geometry": { "type": "Polygon", "coordinates": [ [ [ -73.952899399259209, 40.616159233816994 ], [ -73.942745961443109, 40.61606672632346 ], [ -73.94286791839113, 40.60832944733982 ], [ -73.953020185506332, 40.608421929721963 ], [ -73.952899399259209, 40.616159233816994 ] ] ] } },
{ "type": "Feature", "properties": { "id": 1781, "left": 588572.4178000001, "top": 4495816.4247000003, "right": 589431.4178000001, "bottom": 4494957.4247000003, "row_index": 40, "col_index": 30, "sq_id": 1781 }, "geometry": { "type": "Polygon", "coordinates": [ [ [ -73.953020185506332, 40.608421929721963 ], [ -73.94286791839113, 40.60832944733982 ], [ -73.942989828008379, 40.600592157654638 ], [ -73.953140924876877, 40.600684614931083 ], [ -73.953020185506332, 40.608421929721963 ] ] ] } },
{ "type": "Feature", "properties": { "id": 1782, "left": 588572.4178000001, "top": 4494957.4247000003, "right": 589431.4178000001, "bottom": 4494098.4247000003, "row_index": 41, "col_index": 30, "sq_id": 1782 }, "geometry": { "type": "Polygon", "coordinates": [ [ [ -73.953140924876877, 40.600684614931083 ], [ -73.942989828008379, 40.600592157654638 ], [ -73.943111690315618, 40.592854857268478 ], [ -73.953261617391362, 40.59294728944495 ], [ -73.953140924876877, 40.600684614931083 ] ] ] } },
{ "type": "Feature", "properties": { "id": 1783, "left": 588572.4178000001, "top": 4494098.4247000003, "right": 589431.4178000001, "bottom": 4493239.4247000003, "row_index": 42, "col_index": 30, "sq_id": 1783 }, "geometry": { "type": "Polygon", "coordinates": [ [ [ -73.953261617391362, 40.59294728944495 ], [ -73.943111690315618, 40.592854857268478 ], [ -73.943233505333623, 40.585117546181898 ], [ -73.953382263070367, 40.585209953264105 ], [ -73.953261617391362, 40.59294728944495 ] ] ] } },
{ "type": "Feature", "properties": { "id": 1776, "left": 588572.4178000001, "top": 4500111.4247000003, "right": 589431.4178000001, "bottom": 4499252.4247000003, "row_index": 35, "col_index": 30, "sq_id": 1776 }, "geometry": { "type": "Polygon", "coordinates": [ [ [ -73.952415785092882, 40.647108343227615 ], [ -73.942257659927648, 40.647015735231165 ], [ -73.942379806406635, 40.639278499059387 ], [ -73.952536759052336, 40.639371081921524 ], [ -73.952415785092882, 40.647108343227615 ] ] ] } },
{ "type": "Feature", "properties": { "id": 1777, "left": 588572.4178000001, "top": 4499252.4247000003, "right": 589431.4178000001, "bottom": 4498393.4247000003, "row_index": 36, "col_index": 30, "sq_id": 1777 }, "geometry": { "type": "Polygon", "coordinates": [ [ [ -73.952536759052336, 40.639371081921524 ], [ -73.942379806406635, 40.639278499059387 ], [ -73.942501905471659, 40.631541252183808 ], [ -73.952657686052802, 40.631633809917361 ], [ -73.952536759052336, 40.639371081921524 ] ] ] } },
{ "type": "Feature", "properties": { "id": 1778, "left": 588572.4178000001, "top": 4498393.4247000003, "right": 589431.4178000001, "bottom": 4497534.4247000003, "row_index": 37, "col_index": 30, "sq_id": 1778 }, "geometry": { "type": "Polygon", "coordinates": [ [ [ -73.952657686052802, 40.631633809917361 ], [ -73.942501905471659, 40.631541252183808 ], [ -73.942623957143553, 40.623803994604977 ], [ -73.952778566114887, 40.623896527215663 ], [ -73.952657686052802, 40.631633809917361 ] ] ] } },
{ "type": "Feature", "properties": { "id": 1779, "left": 588572.4178000001, "top": 4497534.4247000003, "right": 589431.4178000001, "bottom": 4496675.4247000003, "row_index": 38, "col_index": 30, "sq_id": 1779 }, "geometry": { "type": "Polygon", "coordinates": [ [ [ -73.952778566114887, 40.623896527215663 ], [ -73.942623957143553, 40.623803994604977 ], [ -73.942745961443109, 40.61606672632346 ], [ -73.952899399259209, 40.616159233816994 ], [ -73.952778566114887, 40.623896527215663 ] ] ] } },
{ "type": "Feature", "properties": { "id": 1756, "left": 588572.4178000001, "top": 4517291.4247000003, "right": 589431.4178000001, "bottom": 4516432.4247000003, "row_index": 15, "col_index": 30, "sq_id": 1756 }, "geometry": { "type": "Polygon", "coordinates": [ [ [ -73.949986412647306, 40.801851321893103 ], [ -73.939804741241971, 40.801758210001957 ], [ -73.93992784039213, 40.794021188024018 ], [ -73.950108330136686, 40.794114274665588 ], [ -73.949986412647306, 40.801851321893103 ] ] ] } },
{ "type": "Feature", "properties": { "id": 1757, "left": 588572.4178000001, "top": 4516432.4247000003, "right": 589431.4178000001, "bottom": 4515573.4247000003, "row_index": 16, "col_index": 30, "sq_id": 1757 }, "geometry": { "type": "Polygon", "coordinates": [ [ [ -73.950108330136686, 40.794114274665588 ], [ -73.93992784039213, 40.794021188024018 ], [ -73.940050891709205, 40.786284155331103 ], [ -73.950230200251937, 40.786377216728894 ], [ -73.950108330136686, 40.794114274665588 ] ] ] } },
{ "type": "Feature", "properties": { "id": 1758, "left": 588572.4178000001, "top": 4515573.4247000003, "right": 589431.4178000001, "bottom": 4514714.4247000003, "row_index": 17, "col_index": 30, "sq_id": 1758 }, "geometry": { "type": "Polygon", "coordinates": [ [ [ -73.950230200251937, 40.786377216728894 ], [ -73.940050891709205, 40.786284155331103 ], [ -73.940173895214258, 40.778547111923785 ], [ -73.950352023013934, 40.778640148083575 ], [ -73.950230200251937, 40.786377216728894 ] ] ] } },
{ "type": "Feature", "properties": { "id": 1759, "left": 588572.4178000001, "top": 4514714.4247000003, "right": 589431.4178000001, "bottom": 4513855.4247000003, "row_index": 18, "col_index": 30, "sq_id": 1759 }, "geometry": { "type": "Polygon", "coordinates": [ [ [ -73.950352023013934, 40.778640148083575 ], [ -73.940173895214258, 40.778547111923785 ], [ -73.940296850928348, 40.770810057802592 ], [ -73.950473798443568, 40.770903068730178 ], [ -73.950352023013934, 40.778640148083575 ] ] ] } },
{ "type": "Feature", "properties": { "id": 1752, "left": 588572.4178000001, "top": 4520727.4247000003, "right": 589431.4178000001, "bottom": 4519868.4247000003, "row_index": 11, "col_index": 30, "sq_id": 1752 }, "geometry": { "type": "Polygon", "coordinates": [ [ [ -73.949498268530292, 40.832799403700463 ], [ -73.939311865887944, 40.832706190753044 ], [ -73.939435156581695, 40.824969211640472 ], [ -73.949620375725317, 40.825062399315115 ], [ -73.949498268530292, 40.832799403700463 ] ] ] } },
{ "type": "Feature", "properties": { "id": 1753, "left": 588572.4178000001, "top": 4519868.4247000003, "right": 589431.4178000001, "bottom": 4519009.4247000003, "row_index": 12, "col_index": 30, "sq_id": 1753 }, "geometry": { "type": "Polygon", "coordinates": [ [ [ -73.949620375725317, 40.825062399315115 ], [ -73.939435156581695, 40.824969211640472 ], [ -73.93955839935785, 40.81723222181072 ], [ -73.949742435462539, 40.817325384218414 ], [ -73.949620375725317, 40.825062399315115 ] ] ] } },
{ "type": "Feature", "properties": { "id": 1754, "left": 588572.4178000001, "top": 4519009.4247000003, "right": 589431.4178000001, "bottom": 4518150.4247000003, "row_index": 13, "col_index": 30, "sq_id": 1754 }, "geometry": { "type": "Polygon", "coordinates": [ [ [ -73.949742435462539, 40.817325384218414 ], [ -73.93955839935785, 40.81723222181072 ], [ -73.93968159423757, 40.809495221264378 ], [ -73.949864447762891, 40.809588358410892 ], [ -73.949742435462539, 40.817325384218414 ] ] ] } },
{ "type": "Feature", "properties": { "id": 1755, "left": 588572.4178000001, "top": 4518150.4247000003, "right": 589431.4178000001, "bottom": 4517291.4247000003, "row_index": 14, "col_index": 30, "sq_id": 1755 }, "geometry": { "type": "Polygon", "coordinates": [ [ [ -73.949864447762891, 40.809588358410892 ], [ -73.93968159423757, 40.809495221264378 ], [ -73.939804741241971, 40.801758210001957 ], [ -73.949986412647306, 40.801851321893103 ], [ -73.949864447762891, 40.809588358410892 ] ] ] } },
{ "type": "Feature", "properties": { "id": 1748, "left": 588572.4178000001, "top": 4524163.4247000003, "right": 589431.4178000001, "bottom": 4523304.4247000003, "row_index": 7, "col_index": 30, "sq_id": 1748 }, "geometry": { "type": "Polygon", "coordinates": [ [ [ -73.949009364752925, 40.863747314117312 ], [ -73.938818223513707, 40.863654000020723 ], [ -73.938941706089523, 40.855917063782279 ], [ -73.949131661988829, 40.856010352582857 ], [ -73.949009364752925, 40.863747314117312 ] ] ] } },
{ "type": "Feature", "properties": { "id": 1749, "left": 588572.4178000001, "top": 4523304.4247000003, "right": 589431.4178000001, "bottom": 4522445.4247000003, "row_index": 8, "col_index": 30, "sq_id": 1749 }, "geometry": { "type": "Polygon", "coordinates": [ [ [ -73.949131661988829, 40.856010352582857 ], [ -73.938941706089523, 40.855917063782279 ], [ -73.939065140663018, 40.848180116824494 ], [ -73.949253911683016, 40.848273380334874 ], [ -73.949131661988829, 40.856010352582857 ] ] ] } },
{ "type": "Feature", "properties": { "id": 1750, "left": 588572.4178000001, "top": 4522445.4247000003, "right": 589431.4178000001, "bottom": 4521586.4247000003, "row_index": 9, "col_index": 30, "sq_id": 1750 }, "geometry": { "type": "Polygon", "coordinates": [ [ [ -73.949253911683016, 40.848273380334874 ], [ -73.939065140663018, 40.848180116824494 ], [ -73.939188527255439, 40.840443159147895 ], [ -73.949376113856516, 40.840536397373903 ], [ -73.949253911683016, 40.848273380334874 ] ] ] } },
{ "type": "Feature", "properties": { "id": 1751, "left": 588572.4178000001, "top": 4521586.4247000003, "right": 589431.4178000001, "bottom": 4520727.4247000003, "row_index": 10, "col_index": 30, "sq_id": 1751 }, "geometry": { "type": "Polygon", "coordinates": [ [ [ -73.949376113856516, 40.840536397373903 ], [ -73.939188527255439, 40.840443159147895 ], [ -73.939311865887944, 40.832706190753044 ], [ -73.949498268530292, 40.832799403700463 ], [ -73.949376113856516, 40.840536397373903 ] ] ] } },
{ "type": "Feature", "properties": { "id": 1581, "left": 585995.4178000001, "top": 4518150.4247000003, "right": 586854.4178000001, "bottom": 4517291.4247000003, "row_index": 14, "col_index": 27, "sq_id": 1581 }, "geometry": { "type": "Polygon", "coordinates": [ [ [ -73.980413290996893, 40.809862378819908 ], [ -73.970230296601969, 40.809771937200637 ], [ -73.97034989718388, 40.802034850902828 ], [ -73.980531709396715, 40.80212526799744 ], [ -73.980413290996893, 40.809862378819908 ] ] ] } },
{ "type": "Feature", "properties": { "id": 1582, "left": 585995.4178000001, "top": 4517291.4247000003, "right": 586854.4178000001, "bottom": 4516432.4247000003, "row_index": 15, "col_index": 27, "sq_id": 1582 }, "geometry": { "type": "Polygon", "coordinates": [ [ [ -73.980531709396715, 40.80212526799744 ], [ -73.97034989718388, 40.802034850902828 ], [ -73.970469451289176, 40.794297753906712 ], [ -73.980650081779132, 40.794388146482298 ], [ -73.980531709396715, 40.80212526799744 ] ] ] } },
{ "type": "Feature", "properties": { "id": 1583, "left": 585995.4178000001, "top": 4516432.4247000003, "right": 586854.4178000001, "bottom": 4515573.4247000003, "row_index": 16, "col_index": 27, "sq_id": 1583 }, "geometry": { "type": "Polygon", "coordinates": [ [ [ -73.980650081779132, 40.794388146482298 ], [ -73.970469451289176, 40.794297753906712 ], [ -73.970588958938336, 40.78656064621282 ], [ -73.980768408164408, 40.786651014275016 ], [ -73.980650081779132, 40.794388146482298 ] ] ] } },
{ "type": "Feature", "properties": { "id": 1596, "left": 585995.4178000001, "top": 4505265.4247000003, "right": 586854.4178000001, "bottom": 4504406.4247000003, "row_index": 29, "col_index": 27, "sq_id": 1596 }, "geometry": { "type": "Polygon", "coordinates": [ [ [ -73.982184744380575, 40.693804593997882 ], [ -73.972019434591019, 40.69371451965884 ], [ -73.972138340169266, 40.685977272943674 ], [ -73.982302474643831, 40.686067322842156 ], [ -73.982184744380575, 40.693804593997882 ] ] ] } },
{ "type": "Feature", "properties": { "id": 1597, "left": 585995.4178000001, "top": 4504406.4247000003, "right": 586854.4178000001, "bottom": 4503547.4247000003, "row_index": 30, "col_index": 27, "sq_id": 1597 }, "geometry": { "type": "Polygon", "coordinates": [ [ [ -73.982302474643831, 40.686067322842156 ], [ -73.972138340169266, 40.685977272943674 ], [ -73.972257199576902, 40.678240015538385 ], [ -73.982420159192671, 40.678330041001892 ], [ -73.982302474643831, 40.686067322842156 ] ] ] } },
{ "type": "Feature", "properties": { "id": 1598, "left": 585995.4178000001, "top": 4503547.4247000003, "right": 586854.4178000001, "bottom": 4502688.4247000003, "row_index": 31, "col_index": 27, "sq_id": 1598 }, "geometry": { "type": "Polygon", "coordinates": [ [ [ -73.982420159192671, 40.678330041001892 ], [ -73.972257199576902, 40.678240015538385 ], [ -73.972376012834218, 40.67050274744355 ], [ -73.98253779804719, 40.670592748477667 ], [ -73.982420159192671, 40.678330041001892 ] ] ] } },
{ "type": "Feature", "properties": { "id": 1599, "left": 585995.4178000001, "top": 4502688.4247000003, "right": 586854.4178000001, "bottom": 4501829.4247000003, "row_index": 32, "col_index": 27, "sq_id": 1599 }, "geometry": { "type": "Polygon", "coordinates": [ [ [ -73.98253779804719, 40.670592748477667 ], [ -73.972376012834218, 40.67050274744355 ], [ -73.972494779961494, 40.662765468659707 ], [ -73.982655391227453, 40.662855445270004 ], [ -73.98253779804719, 40.670592748477667 ] ] ] } },
{ "type": "Feature", "properties": { "id": 1592, "left": 585995.4178000001, "top": 4508701.4247000003, "right": 586854.4178000001, "bottom": 4507842.4247000003, "row_index": 25, "col_index": 27, "sq_id": 1592 }, "geometry": { "type": "Polygon", "coordinates": [ [ [ -73.981713365781005, 40.724753571764658 ], [ -73.971543350165476, 40.724663399607515 ], [ -73.971662440629416, 40.716926195658267 ], [ -73.981831279103147, 40.717016343352483 ], [ -73.981713365781005, 40.724753571764658 ] ] ] } },
{ "type": "Feature", "properties": { "id": 1593, "left": 585995.4178000001, "top": 4507842.4247000003, "right": 586854.4178000001, "bottom": 4506983.4247000003, "row_index": 26, "col_index": 27, "sq_id": 1593 }, "geometry": { "type": "Polygon", "coordinates": [ [ [ -73.981831279103147, 40.717016343352483 ], [ -73.971662440629416, 40.716926195658267 ], [ -73.971781484841415, 40.709188981016709 ], [ -73.98194914663037, 40.709279104253604 ], [ -73.981831279103147, 40.717016343352483 ] ] ] } },
{ "type": "Feature", "properties": { "id": 1594, "left": 585995.4178000001, "top": 4506983.4247000003, "right": 586854.4178000001, "bottom": 4506124.4247000003, "row_index": 27, "col_index": 27, "sq_id": 1594 }, "geometry": { "type": "Polygon", "coordinates": [ [ [ -73.98194914663037, 40.709279104253604 ], [ -73.971781484841415, 40.709188981016709 ], [ -73.971900482821837, 40.701451755683387 ], [ -73.982066968382796, 40.701541854468552 ], [ -73.98194914663037, 40.709279104253604 ] ] ] } },
{ "type": "Feature", "properties": { "id": 1595, "left": 585995.4178000001, "top": 4506124.4247000003, "right": 586854.4178000001, "bottom": 4505265.4247000003, "row_index": 28, "col_index": 27, "sq_id": 1595 }, "geometry": { "type": "Polygon", "coordinates": [ [ [ -73.982066968382796, 40.701541854468552 ], [ -73.971900482821837, 40.701451755683387 ], [ -73.972019434591019, 40.69371451965884 ], [ -73.982184744380575, 40.693804593997882 ], [ -73.982066968382796, 40.701541854468552 ] ] ] } },
{ "type": "Feature", "properties": { "id": 1588, "left": 585995.4178000001, "top": 4512137.4247000003, "right": 586854.4178000001, "bottom": 4511278.4247000003, "row_index": 21, "col_index": 27, "sq_id": 1588 }, "geometry": { "type": "Polygon", "coordinates": [ [ [ -73.981241254139746, 40.755702378535304 ], [ -73.97106652538298, 40.755612108470508 ], [ -73.971185801058397, 40.747874947295955 ], [ -73.981359350843334, 40.747965192875434 ], [ -73.981241254139746, 40.755702378535304 ] ] ] } },
{ "type": "Feature", "properties": { "id": 1589, "left": 585995.4178000001, "top": 4511278.4247000003, "right": 586854.4178000001, "bottom": 4510419.4247000003, "row_index": 22, "col_index": 27, "sq_id": 1589 }, "geometry": { "type": "Polygon", "coordinates": [ [ [ -73.981359350843334, 40.747965192875434 ], [ -73.971185801058397, 40.747874947295955 ], [ -73.971305030400345, 40.740137775426916 ], [ -73.98147740167127, 40.740227996526663 ], [ -73.981359350843334, 40.747965192875434 ] ] ] } },
{ "type": "Feature", "properties": { "id": 1590, "left": 585995.4178000001, "top": 4510419.4247000003, "right": 586854.4178000001, "bottom": 4509560.4247000003, "row_index": 23, "col_index": 27, "sq_id": 1590 }, "geometry": { "type": "Polygon", "coordinates": [ [ [ -73.98147740167127, 40.740227996526663 ], [ -73.971305030400345, 40.740137775426916 ], [ -73.971424213429245, 40.732400592863911 ], [ -73.981595406643777, 40.732490789489553 ], [ -73.98147740167127, 40.740227996526663 ] ] ] } },
{ "type": "Feature", "properties": { "id": 1591, "left": 585995.4178000001, "top": 4509560.4247000003, "right": 586854.4178000001, "bottom": 4508701.4247000003, "row_index": 24, "col_index": 27, "sq_id": 1591 }, "geometry": { "type": "Polygon", "coordinates": [ [ [ -73.981595406643777, 40.732490789489553 ], [ -73.971424213429245, 40.732400592863911 ], [ -73.971543350165476, 40.724663399607515 ], [ -73.981713365781005, 40.724753571764658 ], [ -73.981595406643777, 40.732490789489553 ] ] ] } },
{ "type": "Feature", "properties": { "id": 1584, "left": 585995.4178000001, "top": 4515573.4247000003, "right": 586854.4178000001, "bottom": 4514714.4247000003, "row_index": 17, "col_index": 27, "sq_id": 1584 }, "geometry": { "type": "Polygon", "coordinates": [ [ [ -73.980768408164408, 40.786651014275016 ], [ -73.970588958938336, 40.78656064621282 ], [ -73.970708420151837, 40.778823527821707 ], [ -73.980886688572852, 40.77891387137614 ], [ -73.980768408164408, 40.786651014275016 ] ] ] } },
{ "type": "Feature", "properties": { "id": 1585, "left": 585995.4178000001, "top": 4514714.4247000003, "right": 586854.4178000001, "bottom": 4513855.4247000003, "row_index": 18, "col_index": 27, "sq_id": 1585 }, "geometry": { "type": "Polygon", "coordinates": [ [ [ -73.980886688572852, 40.77891387137614 ], [ -73.970708420151837, 40.778823527821707 ], [ -73.970827834950143, 40.771086398733921 ], [ -73.981004923024727, 40.771176717786197 ], [ -73.980886688572852, 40.77891387137614 ] ] ] } },
{ "type": "Feature", "properties": { "id": 1586, "left": 585995.4178000001, "top": 4513855.4247000003, "right": 586854.4178000001, "bottom": 4512996.4247000003, "row_index": 19, "col_index": 27, "sq_id": 1586 }, "geometry": { "type": "Polygon", "coordinates": [ [ [ -73.981004923024727, 40.771176717786197 ], [ -73.970827834950143, 40.771086398733921 ], [ -73.970947203353717, 40.763349258950015 ], [ -73.981123111540271, 40.763439553505734 ], [ -73.981004923024727, 40.771176717786197 ] ] ] } },
{ "type": "Feature", "properties": { "id": 1587, "left": 585995.4178000001, "top": 4512996.4247000003, "right": 586854.4178000001, "bottom": 4512137.4247000003, "row_index": 20, "col_index": 27, "sq_id": 1587 }, "geometry": { "type": "Polygon", "coordinates": [ [ [ -73.981123111540271, 40.763439553505734 ], [ -73.970947203353717, 40.763349258950015 ], [ -73.97106652538298, 40.755612108470508 ], [ -73.981241254139746, 40.755702378535304 ], [ -73.981123111540271, 40.763439553505734 ] ] ] } },
{ "type": "Feature", "properties": { "id": 1548, "left": 585136.4178000001, "top": 4496675.4247000003, "right": 585995.4178000001, "bottom": 4495816.4247000003, "row_index": 39, "col_index": 26, "sq_id": 1548 }, "geometry": { "type": "Polygon", "coordinates": [ [ [ -73.993513614951596, 40.616520339427574 ], [ -73.983359992273066, 40.616431401703075 ], [ -73.983477266294898, 40.608694023726898 ], [ -73.993629718191428, 40.608782937308767 ], [ -73.993513614951596, 40.616520339427574 ] ] ] } },
{ "type": "Feature", "properties": { "id": 1549, "left": 585136.4178000001, "top": 4495816.4247000003, "right": 585995.4178000001, "bottom": 4494957.4247000003, "row_index": 40, "col_index": 26, "sq_id": 1549 }, "geometry": { "type": "Polygon", "coordinates": [ [ [ -73.993629718191428, 40.608782937308767 ], [ -73.983477266294898, 40.608694023726898 ], [ -73.983594494802674, 40.600956635071739 ], [ -73.993745776371426, 40.601045524516458 ], [ -73.993629718191428, 40.608782937308767 ] ] ] } },
{ "type": "Feature", "properties": { "id": 1550, "left": 585136.4178000001, "top": 4494957.4247000003, "right": 585995.4178000001, "bottom": 4494098.4247000003, "row_index": 41, "col_index": 26, "sq_id": 1550 }, "geometry": { "type": "Polygon", "coordinates": [ [ [ -73.993745776371426, 40.601045524516458 ], [ -73.983594494802674, 40.600956635071739 ], [ -73.983711677816373, 40.593219235738133 ], [ -73.993861789511357, 40.5933081010512 ], [ -73.993745776371426, 40.601045524516458 ] ] ] } },
{ "type": "Feature", "properties": { "id": 1551, "left": 585136.4178000001, "top": 4494098.4247000003, "right": 585995.4178000001, "bottom": 4493239.4247000003, "row_index": 42, "col_index": 26, "sq_id": 1551 }, "geometry": { "type": "Polygon", "coordinates": [ [ [ -73.993861789511357, 40.5933081010512 ], [ -73.983711677816373, 40.593219235738133 ], [ -73.983828815355963, 40.585481825726639 ], [ -73.993977757630987, 40.58557066691354 ], [ -73.993861789511357, 40.5933081010512 ] ] ] } },
{ "type": "Feature", "properties": { "id": 1544, "left": 585136.4178000001, "top": 4500111.4247000003, "right": 585995.4178000001, "bottom": 4499252.4247000003, "row_index": 35, "col_index": 26, "sq_id": 1544 }, "geometry": { "type": "Polygon", "coordinates": [ [ [ -73.99304875099817, 40.647469841156791 ], [ -73.982890440645548, 40.64738080680663 ], [ -73.983007896923482, 40.63964347155202 ], [ -73.993165034675258, 40.639732481737504 ], [ -73.99304875099817, 40.647469841156791 ] ] ] } },
{ "type": "Feature", "properties": { "id": 1545, "left": 585136.4178000001, "top": 4499252.4247000003, "right": 585995.4178000001, "bottom": 4498393.4247000003, "row_index": 36, "col_index": 26, "sq_id": 1545 }, "geometry": { "type": "Polygon", "coordinates": [ [ [ -73.993165034675258, 40.639732481737504 ], [ -73.983007896923482, 40.63964347155202 ], [ -73.983125307607352, 40.631906125616183 ], [ -73.993281273213313, 40.631995111642503 ], [ -73.993165034675258, 40.639732481737504 ] ] ] } },
{ "type": "Feature", "properties": { "id": 1546, "left": 585136.4178000001, "top": 4498393.4247000003, "right": 585995.4178000001, "bottom": 4497534.4247000003, "row_index": 37, "col_index": 26, "sq_id": 1546 }, "geometry": { "type": "Polygon", "coordinates": [ [ [ -73.993281273213313, 40.631995111642503 ], [ -73.983125307607352, 40.631906125616183 ], [ -73.983242672717225, 40.624168768999674 ], [ -73.99339746663216, 40.624257730872351 ], [ -73.993281273213313, 40.631995111642503 ] ] ] } },
{ "type": "Feature", "properties": { "id": 1547, "left": 585136.4178000001, "top": 4497534.4247000003, "right": 585995.4178000001, "bottom": 4496675.4247000003, "row_index": 38, "col_index": 26, "sq_id": 1547 }, "geometry": { "type": "Polygon", "coordinates": [ [ [ -73.99339746663216, 40.624257730872351 ], [ -73.983242672717225, 40.624168768999674 ], [ -73.983359992273066, 40.616431401703075 ], [ -73.993513614951596, 40.616520339427574 ], [ -73.99339746663216, 40.624257730872351 ] ] ] } },
{ "type": "Feature", "properties": { "id": 1540, "left": 585136.4178000001, "top": 4503547.4247000003, "right": 585995.4178000001, "bottom": 4502688.4247000003, "row_index": 31, "col_index": 26, "sq_id": 1540 }, "geometry": { "type": "Polygon", "coordinates": [ [ [ -73.992583164502747, 40.678419172065929 ], [ -73.982420159192671, 40.678330041001892 ], [ -73.98253779804719, 40.670592748477667 ], [ -73.992699628934389, 40.67068185535495 ], [ -73.992583164502747, 40.678419172065929 ] ] ] } },
{ "type": "Feature", "properties": { "id": 1541, "left": 585136.4178000001, "top": 4502688.4247000003, "right": 585995.4178000001, "bottom": 4501829.4247000003, "row_index": 32, "col_index": 26, "sq_id": 1541 }, "geometry": { "type": "Polygon", "coordinates": [ [ [ -73.992699628934389, 40.67068185535495 ], [ -73.98253779804719, 40.670592748477667 ], [ -73.982655391227453, 40.662855445270004 ], [ -73.992816048147589, 40.662944527966076 ], [ -73.992699628934389, 40.67068185535495 ] ] ] } },
{ "type": "Feature", "properties": { "id": 1542, "left": 585136.4178000001, "top": 4501829.4247000003, "right": 585995.4178000001, "bottom": 4500970.4247000003, "row_index": 33, "col_index": 26, "sq_id": 1542 }, "geometry": { "type": "Polygon", "coordinates": [ [ [ -73.992816048147589, 40.662944527966076 ], [ -73.982655391227453, 40.662855445270004 ], [ -73.982772938753556, 40.655118131379474 ], [ -73.992932422162227, 40.655207189899826 ], [ -73.992816048147589, 40.662944527966076 ] ] ] } },
{ "type": "Feature", "properties": { "id": 1543, "left": 585136.4178000001, "top": 4500970.4247000003, "right": 585995.4178000001, "bottom": 4500111.4247000003, "row_index": 34, "col_index": 26, "sq_id": 1543 }, "geometry": { "type": "Polygon", "coordinates": [ [ [ -73.992932422162227, 40.655207189899826 ], [ -73.982772938753556, 40.655118131379474 ], [ -73.982890440645548, 40.64738080680663 ], [ -73.99304875099817, 40.647469841156791 ], [ -73.992932422162227, 40.655207189899826 ] ] ] } },
{ "type": "Feature", "properties": { "id": 1536, "left": 585136.4178000001, "top": 4506983.4247000003, "right": 585995.4178000001, "bottom": 4506124.4247000003, "row_index": 27, "col_index": 26, "sq_id": 1536 }, "geometry": { "type": "Polygon", "coordinates": [ [ [ -73.992116854194094, 40.709368332119915 ], [ -73.98194914663037, 40.709279104253604 ], [ -73.982066968382796, 40.701541854468552 ], [ -73.992233499698386, 40.701631058125997 ], [ -73.992116854194094, 40.709368332119915 ] ] ] } },
{ "type": "Feature", "properties": { "id": 1537, "left": 585136.4178000001, "top": 4506124.4247000003, "right": 585995.4178000001, "bottom": 4505265.4247000003, "row_index": 28, "col_index": 26, "sq_id": 1537 }, "geometry": { "type": "Polygon", "coordinates": [ [ [ -73.992233499698386, 40.701631058125997 ], [ -73.982066968382796, 40.701541854468552 ], [ -73.982184744380575, 40.693804593997882 ], [ -73.992350099904655, 40.69389377345199 ], [ -73.992233499698386, 40.701631058125997 ] ] ] } },
{ "type": "Feature", "properties": { "id": 1538, "left": 585136.4178000001, "top": 4505265.4247000003, "right": 585995.4178000001, "bottom": 4504406.4247000003, "row_index": 29, "col_index": 26, "sq_id": 1538 }, "geometry": { "type": "Polygon", "coordinates": [ [ [ -73.992350099904655, 40.69389377345199 ], [ -73.982184744380575, 40.693804593997882 ], [ -73.982302474643831, 40.686067322842156 ], [ -73.99246665483281, 40.686156478098461 ], [ -73.992350099904655, 40.69389377345199 ] ] ] } },
{ "type": "Feature", "properties": { "id": 1539, "left": 585136.4178000001, "top": 4504406.4247000003, "right": 585995.4178000001, "bottom": 4503547.4247000003, "row_index": 30, "col_index": 26, "sq_id": 1539 }, "geometry": { "type": "Polygon", "coordinates": [ [ [ -73.99246665483281, 40.686156478098461 ], [ -73.982302474643831, 40.686067322842156 ], [ -73.982420159192671, 40.678330041001892 ], [ -73.992583164502747, 40.678419172065929 ], [ -73.99246665483281, 40.686156478098461 ] ] ] } },
{ "type": "Feature", "properties": { "id": 1552, "left": 585136.4178000001, "top": 4493239.4247000003, "right": 585995.4178000001, "bottom": 4492380.4247000003, "row_index": 43, "col_index": 26, "sq_id": 1552 }, "geometry": { "type": "Polygon", "coordinates": [ [ [ -73.993977757630987, 40.58557066691354 ], [ -73.983828815355963, 40.585481825726639 ], [ -73.983945907441367, 40.577744405037812 ], [ -73.994093680750055, 40.577833222104047 ], [ -73.993977757630987, 40.58557066691354 ] ] ] } },
{ "type": "Feature", "properties": { "id": 1553, "left": 585136.4178000001, "top": 4492380.4247000003, "right": 585995.4178000001, "bottom": 4491521.4247000003, "row_index": 44, "col_index": 26, "sq_id": 1553 }, "geometry": { "type": "Polygon", "coordinates": [ [ [ -73.994093680750055, 40.577833222104047 ], [ -73.983945907441367, 40.577744405037812 ], [ -73.984062954092508, 40.570006973672207 ], [ -73.994209558888286, 40.570095766623275 ], [ -73.994093680750055, 40.577833222104047 ] ] ] } },
{ "type": "Feature", "properties": { "id": 1644, "left": 586854.4178000001, "top": 4513855.4247000003, "right": 587713.4178000001, "bottom": 4512996.4247000003, "row_index": 19, "col_index": 28, "sq_id": 1644 }, "geometry": { "type": "Polygon", "coordinates": [ [ [ -73.970827834950143, 40.771086398733921 ], [ -73.96065079327029, 40.770995182377945 ], [ -73.960771341541445, 40.763258067333886 ], [ -73.970947203353717, 40.763349258950015 ], [ -73.970827834950143, 40.771086398733921 ] ] ] } },
{ "type": "Feature", "properties": { "id": 1645, "left": 586854.4178000001, "top": 4512996.4247000003, "right": 587713.4178000001, "bottom": 4512137.4247000003, "row_index": 20, "col_index": 28, "sq_id": 1645 }, "geometry": { "type": "Polygon", "coordinates": [ [ [ -73.970947203353717, 40.763349258950015 ], [ -73.960771341541445, 40.763258067333886 ], [ -73.960891842980118, 40.755520941588557 ], [ -73.97106652538298, 40.755612108470508 ], [ -73.970947203353717, 40.763349258950015 ] ] ] } },
{ "type": "Feature", "properties": { "id": 1646, "left": 586854.4178000001, "top": 4512137.4247000003, "right": 587713.4178000001, "bottom": 4511278.4247000003, "row_index": 21, "col_index": 28, "sq_id": 1646 }, "geometry": { "type": "Polygon", "coordinates": [ [ [ -73.97106652538298, 40.755612108470508 ], [ -73.960891842980118, 40.755520941588557 ], [ -73.961012297606914, 40.747783805142518 ], [ -73.971185801058397, 40.747874947295955 ], [ -73.97106652538298, 40.755612108470508 ] ] ] } },
{ "type": "Feature", "properties": { "id": 1647, "left": 586854.4178000001, "top": 4511278.4247000003, "right": 587713.4178000001, "bottom": 4510419.4247000003, "row_index": 22, "col_index": 28, "sq_id": 1647 }, "geometry": { "type": "Polygon", "coordinates": [ [ [ -73.971185801058397, 40.747874947295955 ], [ -73.961012297606914, 40.747783805142518 ], [ -73.961132705442481, 40.740046657996317 ], [ -73.971305030400345, 40.740137775426916 ], [ -73.971185801058397, 40.747874947295955 ] ] ] } },
{ "type": "Feature", "properties": { "id": 1640, "left": 586854.4178000001, "top": 4517291.4247000003, "right": 587713.4178000001, "bottom": 4516432.4247000003, "row_index": 15, "col_index": 28, "sq_id": 1640 }, "geometry": { "type": "Polygon", "coordinates": [ [ [ -73.97034989718388, 40.802034850902828 ], [ -73.960168131447674, 40.801943535530739 ], [ -73.960288867255358, 40.794206463297158 ], [ -73.970469451289176, 40.794297753906712 ], [ -73.97034989718388, 40.802034850902828 ] ] ] } },
{ "type": "Feature", "properties": { "id": 1641, "left": 586854.4178000001, "top": 4516432.4247000003, "right": 587713.4178000001, "bottom": 4515573.4247000003, "row_index": 16, "col_index": 28, "sq_id": 1641 }, "geometry": { "type": "Polygon", "coordinates": [ [ [ -73.970469451289176, 40.794297753906712 ], [ -73.960288867255358, 40.794206463297158 ], [ -73.960409556147908, 40.786469380360145 ], [ -73.970588958938336, 40.78656064621282 ], [ -73.970469451289176, 40.794297753906712 ] ] ] } },
{ "type": "Feature", "properties": { "id": 1642, "left": 586854.4178000001, "top": 4515573.4247000003, "right": 587713.4178000001, "bottom": 4514714.4247000003, "row_index": 17, "col_index": 28, "sq_id": 1642 }, "geometry": { "type": "Polygon", "coordinates": [ [ [ -73.970588958938336, 40.78656064621282 ], [ -73.960409556147908, 40.786469380360145 ], [ -73.960530198145989, 40.778732286720221 ], [ -73.970708420151837, 40.778823527821707 ], [ -73.970588958938336, 40.78656064621282 ] ] ] } },
{ "type": "Feature", "properties": { "id": 1643, "left": 586854.4178000001, "top": 4514714.4247000003, "right": 587713.4178000001, "bottom": 4513855.4247000003, "row_index": 18, "col_index": 28, "sq_id": 1643 }, "geometry": { "type": "Polygon", "coordinates": [ [ [ -73.970708420151837, 40.778823527821707 ], [ -73.960530198145989, 40.778732286720221 ], [ -73.96065079327029, 40.770995182377945 ], [ -73.970827834950143, 40.771086398733921 ], [ -73.970708420151837, 40.778823527821707 ] ] ] } },
{ "type": "Feature", "properties": { "id": 1637, "left": 586854.4178000001, "top": 4519868.4247000003, "right": 587713.4178000001, "bottom": 4519009.4247000003, "row_index": 12, "col_index": 28, "sq_id": 1637 }, "geometry": { "type": "Polygon", "coordinates": [ [ [ -73.969990955926178, 40.825246077699198 ], [ -73.959805642326756, 40.825154688005391 ], [ -73.959926519004085, 40.817417647885399 ], [ -73.970110649522894, 40.817509012799619 ], [ -73.969990955926178, 40.825246077699198 ] ] ] } },
{ "type": "Feature", "properties": { "id": 1638, "left": 586854.4178000001, "top": 4519009.4247000003, "right": 587713.4178000001, "bottom": 4518150.4247000003, "row_index": 13, "col_index": 28, "sq_id": 1638 }, "geometry": { "type": "Polygon", "coordinates": [ [ [ -73.970110649522894, 40.817509012799619 ], [ -73.959926519004085, 40.817417647885399 ], [ -73.960047348704151, 40.809680597060336 ], [ -73.970230296601969, 40.809771937200637 ], [ -73.970110649522894, 40.817509012799619 ] ] ] } },
{ "type": "Feature", "properties": { "id": 1639, "left": 586854.4178000001, "top": 4518150.4247000003, "right": 587713.4178000001, "bottom": 4517291.4247000003, "row_index": 14, "col_index": 28, "sq_id": 1639 }, "geometry": { "type": "Polygon", "coordinates": [ [ [ -73.970230296601969, 40.809771937200637 ], [ -73.960047348704151, 40.809680597060336 ], [ -73.960168131447674, 40.801943535530739 ], [ -73.97034989718388, 40.802034850902828 ], [ -73.970230296601969, 40.809771937200637 ] ] ] } },
{ "type": "Feature", "properties": { "id": 1660, "left": 586854.4178000001, "top": 4500111.4247000003, "right": 587713.4178000001, "bottom": 4499252.4247000003, "row_index": 35, "col_index": 28, "sq_id": 1660 }, "geometry": { "type": "Polygon", "coordinates": [ [ [ -73.972732175907012, 40.647290879027231 ], [ -73.962573957237709, 40.647200057830283 ], [ -73.962693758657025, 40.639462771632282 ], [ -73.972850804765727, 40.6395535681797 ], [ -73.972732175907012, 40.647290879027231 ] ] ] } },
{ "type": "Feature", "properties": { "id": 1661, "left": 586854.4178000001, "top": 4499252.4247000003, "right": 587713.4178000001, "bottom": 4498393.4247000003, "row_index": 36, "col_index": 28, "sq_id": 1661 }, "geometry": { "type": "Polygon", "coordinates": [ [ [ -73.972850804765727, 40.6395535681797 ], [ -73.962693758657025, 40.639462771632282 ], [ -73.962813513572314, 40.631725474741863 ], [ -73.972969387575418, 40.6318162466454 ], [ -73.972850804765727, 40.6395535681797 ] ] ] } },
{ "type": "Feature", "properties": { "id": 1662, "left": 586854.4178000001, "top": 4498393.4247000003, "right": 587713.4178000001, "bottom": 4497534.4247000003, "row_index": 37, "col_index": 28, "sq_id": 1662 }, "geometry": { "type": "Polygon", "coordinates": [ [ [ -73.972969387575418, 40.6318162466454 ], [ -73.962813513572314, 40.631725474741863 ], [ -73.962933222003997, 40.623988167159602 ], [ -73.973087924356307, 40.624078914424878 ], [ -73.972969387575418, 40.6318162466454 ] ] ] } },
{ "type": "Feature", "properties": { "id": 1663, "left": 586854.4178000001, "top": 4497534.4247000003, "right": 587713.4178000001, "bottom": 4496675.4247000003, "row_index": 38, "col_index": 28, "sq_id": 1663 }, "geometry": { "type": "Polygon", "coordinates": [ [ [ -73.973087924356307, 40.624078914424878 ], [ -73.962933222003997, 40.623988167159602 ], [ -73.96305288397248, 40.61625084888604 ], [ -73.973206415128558, 40.61634157151866 ], [ -73.973087924356307, 40.624078914424878 ] ] ] } },
{ "type": "Feature", "properties": { "id": 1656, "left": 586854.4178000001, "top": 4503547.4247000003, "right": 587713.4178000001, "bottom": 4502688.4247000003, "row_index": 31, "col_index": 28, "sq_id": 1656 }, "geometry": { "type": "Polygon", "coordinates": [ [ [ -73.972257199576902, 40.678240015538385 ], [ -73.962094286111451, 40.678149095687139 ], [ -73.962214273751286, 40.670411852264309 ], [ -73.972376012834218, 40.67050274744355 ], [ -73.972257199576902, 40.678240015538385 ] ] ] } },
{ "type": "Feature", "properties": { "id": 1657, "left": 586854.4178000001, "top": 4502688.4247000003, "right": 587713.4178000001, "bottom": 4501829.4247000003, "row_index": 32, "col_index": 28, "sq_id": 1657 }, "geometry": { "type": "Polygon", "coordinates": [ [ [ -73.972376012834218, 40.67050274744355 ], [ -73.962214273751286, 40.670411852264309 ], [ -73.962334214805296, 40.662674598146872 ], [ -73.972494779961494, 40.662765468659707 ], [ -73.972376012834218, 40.67050274744355 ] ] ] } },
{ "type": "Feature", "properties": { "id": 1658, "left": 586854.4178000001, "top": 4501829.4247000003, "right": 587713.4178000001, "bottom": 4500970.4247000003, "row_index": 33, "col_index": 28, "sq_id": 1658 }, "geometry": { "type": "Polygon", "coordinates": [ [ [ -73.972494779961494, 40.662765468659707 ], [ -73.962334214805296, 40.662674598146872 ], [ -73.962454109293944, 40.654937333335333 ], [ -73.972613500979008, 40.655028179187404 ], [ -73.972494779961494, 40.662765468659707 ] ] ] } },
{ "type": "Feature", "properties": { "id": 1659, "left": 586854.4178000001, "top": 4500970.4247000003, "right": 587713.4178000001, "bottom": 4500111.4247000003, "row_index": 34, "col_index": 28, "sq_id": 1659 }, "geometry": { "type": "Polygon", "coordinates": [ [ [ -73.972613500979008, 40.655028179187404 ], [ -73.962454109293944, 40.654937333335333 ], [ -73.962573957237709, 40.647200057830283 ], [ -73.972732175907012, 40.647290879027231 ], [ -73.972613500979008, 40.655028179187404 ] ] ] } },
{ "type": "Feature", "properties": { "id": 1652, "left": 586854.4178000001, "top": 4506983.4247000003, "right": 587713.4178000001, "bottom": 4506124.4247000003, "row_index": 27, "col_index": 28, "sq_id": 1652 }, "geometry": { "type": "Polygon", "coordinates": [ [ [ -73.971781484841415, 40.709188981016709 ], [ -73.961613869284051, 40.709097962420962 ], [ -73.961734043472148, 40.701360761782226 ], [ -73.971900482821837, 40.701451755683387 ], [ -73.971781484841415, 40.709188981016709 ] ] ] } },
{ "type": "Feature", "properties": { "id": 1653, "left": 586854.4178000001, "top": 4506124.4247000003, "right": 587713.4178000001, "bottom": 4505265.4247000003, "row_index": 28, "col_index": 28, "sq_id": 1653 }, "geometry": { "type": "Polygon", "coordinates": [ [ [ -73.971900482821837, 40.701451755683387 ], [ -73.961734043472148, 40.701360761782226 ], [ -73.961854170992396, 40.693623550446631 ], [ -73.972019434591019, 40.69371451965884 ], [ -73.971900482821837, 40.701451755683387 ] ] ] } },
{ "type": "Feature", "properties": { "id": 1654, "left": 586854.4178000001, "top": 4505265.4247000003, "right": 587713.4178000001, "bottom": 4504406.4247000003, "row_index": 29, "col_index": 28, "sq_id": 1654 }, "geometry": { "type": "Polygon", "coordinates": [ [ [ -73.972019434591019, 40.69371451965884 ], [ -73.961854170992396, 40.693623550446631 ], [ -73.961974251865328, 40.685886328414753 ], [ -73.972138340169266, 40.685977272943674 ], [ -73.972019434591019, 40.69371451965884 ] ] ] } },
{ "type": "Feature", "properties": { "id": 1655, "left": 586854.4178000001, "top": 4504406.4247000003, "right": 587713.4178000001, "bottom": 4503547.4247000003, "row_index": 30, "col_index": 28, "sq_id": 1655 }, "geometry": { "type": "Polygon", "coordinates": [ [ [ -73.972138340169266, 40.685977272943674 ], [ -73.961974251865328, 40.685886328414753 ], [ -73.962094286111451, 40.678149095687139 ], [ -73.972257199576902, 40.678240015538385 ], [ -73.972138340169266, 40.685977272943674 ] ] ] } },
{ "type": "Feature", "properties": { "id": 1648, "left": 586854.4178000001, "top": 4510419.4247000003, "right": 587713.4178000001, "bottom": 4509560.4247000003, "row_index": 23, "col_index": 28, "sq_id": 1648 }, "geometry": { "type": "Polygon", "coordinates": [ [ [ -73.971305030400345, 40.740137775426916 ], [ -73.961132705442481, 40.740046657996317 ], [ -73.961253066507382, 40.732309500150521 ], [ -73.971424213429245, 40.732400592863911 ], [ -73.971305030400345, 40.740137775426916 ] ] ] } },
{ "type": "Feature", "properties": { "id": 1649, "left": 586854.4178000001, "top": 4509560.4247000003, "right": 587713.4178000001, "bottom": 4508701.4247000003, "row_index": 24, "col_index": 28, "sq_id": 1649 }, "geometry": { "type": "Polygon", "coordinates": [ [ [ -73.971424213429245, 40.732400592863911 ], [ -73.961253066507382, 40.732309500150521 ], [ -73.961373380822224, 40.724572331605657 ], [ -73.971543350165476, 40.724663399607515 ], [ -73.971424213429245, 40.732400592863911 ] ] ] } },
{ "type": "Feature", "properties": { "id": 1650, "left": 586854.4178000001, "top": 4508701.4247000003, "right": 587713.4178000001, "bottom": 4507842.4247000003, "row_index": 25, "col_index": 28, "sq_id": 1650 }, "geometry": { "type": "Polygon", "coordinates": [ [ [ -73.971543350165476, 40.724663399607515 ], [ -73.961373380822224, 40.724572331605657 ], [ -73.961493648407597, 40.716835152362293 ], [ -73.971662440629416, 40.716926195658267 ], [ -73.971543350165476, 40.724663399607515 ] ] ] } },
{ "type": "Feature", "properties": { "id": 1651, "left": 586854.4178000001, "top": 4507842.4247000003, "right": 587713.4178000001, "bottom": 4506983.4247000003, "row_index": 26, "col_index": 28, "sq_id": 1651 }, "geometry": { "type": "Polygon", "coordinates": [ [ [ -73.971662440629416, 40.716926195658267 ], [ -73.961493648407597, 40.716835152362293 ], [ -73.961613869284051, 40.709097962420962 ], [ -73.971781484841415, 40.709188981016709 ], [ -73.971662440629416, 40.716926195658267 ] ] ] } },
{ "type": "Feature", "properties": { "id": 1612, "left": 585995.4178000001, "top": 4491521.4247000003, "right": 586854.4178000001, "bottom": 4490662.4247000003, "row_index": 45, "col_index": 27, "sq_id": 1612 }, "geometry": { "type": "Polygon", "coordinates": [ [ [ -73.984062954092508, 40.570006973672207 ], [ -73.973916394711082, 40.569917289713622 ], [ -73.974034563987686, 40.562179872023364 ], [ -73.984179955329324, 40.562269531630399 ], [ -73.984062954092508, 40.570006973672207 ] ] ] } },
{ "type": "Feature", "properties": { "id": 1608, "left": 585995.4178000001, "top": 4494957.4247000003, "right": 586854.4178000001, "bottom": 4494098.4247000003, "row_index": 41, "col_index": 27, "sq_id": 1608 }, "geometry": { "type": "Polygon", "coordinates": [ [ [ -73.983594494802674, 40.600956635071739 ], [ -73.973443258727997, 40.600866853651475 ], [ -73.973561611595528, 40.593129478691608 ], [ -73.983711677816373, 40.593219235738133 ], [ -73.983594494802674, 40.600956635071739 ] ] ] } },
{ "type": "Feature", "properties": { "id": 1609, "left": 585995.4178000001, "top": 4494098.4247000003, "right": 586854.4178000001, "bottom": 4493239.4247000003, "row_index": 42, "col_index": 27, "sq_id": 1609 }, "geometry": { "type": "Polygon", "coordinates": [ [ [ -73.983711677816373, 40.593219235738133 ], [ -73.973561611595528, 40.593129478691608 ], [ -73.973679918535112, 40.585392093048306 ], [ -73.983828815355963, 40.585481825726639 ], [ -73.983711677816373, 40.593219235738133 ] ] ] } },
{ "type": "Feature", "properties": { "id": 1610, "left": 585995.4178000001, "top": 4493239.4247000003, "right": 586854.4178000001, "bottom": 4492380.4247000003, "row_index": 43, "col_index": 27, "sq_id": 1610 }, "geometry": { "type": "Polygon", "coordinates": [ [ [ -73.983828815355963, 40.585481825726639 ], [ -73.973679918535112, 40.585392093048306 ], [ -73.973798179566927, 40.577654696722121 ], [ -73.983945907441367, 40.577744405037812 ], [ -73.983828815355963, 40.585481825726639 ] ] ] } },
{ "type": "Feature", "properties": { "id": 1611, "left": 585995.4178000001, "top": 4492380.4247000003, "right": 586854.4178000001, "bottom": 4491521.4247000003, "row_index": 44, "col_index": 27, "sq_id": 1611 }, "geometry": { "type": "Polygon", "coordinates": [ [ [ -73.983945907441367, 40.577744405037812 ], [ -73.973798179566927, 40.577654696722121 ], [ -73.973916394711082, 40.569917289713622 ], [ -73.984062954092508, 40.570006973672207 ], [ -73.983945907441367, 40.577744405037812 ] ] ] } },
{ "type": "Feature", "properties": { "id": 1604, "left": 585995.4178000001, "top": 4498393.4247000003, "right": 586854.4178000001, "bottom": 4497534.4247000003, "row_index": 37, "col_index": 27, "sq_id": 1604 }, "geometry": { "type": "Polygon", "coordinates": [ [ [ -73.983125307607352, 40.631906125616183 ], [ -73.972969387575418, 40.6318162466454 ], [ -73.973087924356307, 40.624078914424878 ], [ -73.983242672717225, 40.624168768999674 ], [ -73.983125307607352, 40.631906125616183 ] ] ] } },
{ "type": "Feature", "properties": { "id": 1605, "left": 585995.4178000001, "top": 4497534.4247000003, "right": 586854.4178000001, "bottom": 4496675.4247000003, "row_index": 38, "col_index": 27, "sq_id": 1605 }, "geometry": { "type": "Polygon", "coordinates": [ [ [ -73.983242672717225, 40.624168768999674 ], [ -73.973087924356307, 40.624078914424878 ], [ -73.973206415128558, 40.61634157151866 ], [ -73.983359992273066, 40.616431401703075 ], [ -73.983242672717225, 40.624168768999674 ] ] ] } },
{ "type": "Feature", "properties": { "id": 1606, "left": 585995.4178000001, "top": 4496675.4247000003, "right": 586854.4178000001, "bottom": 4495816.4247000003, "row_index": 39, "col_index": 27, "sq_id": 1606 }, "geometry": { "type": "Polygon", "coordinates": [ [ [ -73.983359992273066, 40.616431401703075 ], [ -73.973206415128558, 40.61634157151866 ], [ -73.973324859912395, 40.608604217927343 ], [ -73.983477266294898, 40.608694023726898 ], [ -73.983359992273066, 40.616431401703075 ] ] ] } },
{ "type": "Feature", "properties": { "id": 1607, "left": 585995.4178000001, "top": 4495816.4247000003, "right": 586854.4178000001, "bottom": 4494957.4247000003, "row_index": 40, "col_index": 27, "sq_id": 1607 }, "geometry": { "type": "Polygon", "coordinates": [ [ [ -73.983477266294898, 40.608694023726898 ], [ -73.973324859912395, 40.608604217927343 ], [ -73.973443258727997, 40.600866853651475 ], [ -73.983594494802674, 40.600956635071739 ], [ -73.983477266294898, 40.608694023726898 ] ] ] } },
{ "type": "Feature", "properties": { "id": 1600, "left": 585995.4178000001, "top": 4501829.4247000003, "right": 586854.4178000001, "bottom": 4500970.4247000003, "row_index": 33, "col_index": 27, "sq_id": 1600 }, "geometry": { "type": "Polygon", "coordinates": [ [ [ -73.982655391227453, 40.662855445270004 ], [ -73.972494779961494, 40.662765468659707 ], [ -73.972613500979008, 40.655028179187404 ], [ -73.982772938753556, 40.655118131379474 ], [ -73.982655391227453, 40.662855445270004 ] ] ] } },
{ "type": "Feature", "properties": { "id": 1601, "left": 585995.4178000001, "top": 4500970.4247000003, "right": 586854.4178000001, "bottom": 4500111.4247000003, "row_index": 34, "col_index": 27, "sq_id": 1601 }, "geometry": { "type": "Polygon", "coordinates": [ [ [ -73.982772938753556, 40.655118131379474 ], [ -73.972613500979008, 40.655028179187404 ], [ -73.972732175907012, 40.647290879027231 ], [ -73.982890440645548, 40.64738080680663 ], [ -73.982772938753556, 40.655118131379474 ] ] ] } },
{ "type": "Feature", "properties": { "id": 1602, "left": 585995.4178000001, "top": 4500111.4247000003, "right": 586854.4178000001, "bottom": 4499252.4247000003, "row_index": 35, "col_index": 27, "sq_id": 1602 }, "geometry": { "type": "Polygon", "coordinates": [ [ [ -73.982890440645548, 40.64738080680663 ], [ -73.972732175907012, 40.647290879027231 ], [ -73.972850804765727, 40.6395535681797 ], [ -73.983007896923482, 40.63964347155202 ], [ -73.982890440645548, 40.64738080680663 ] ] ] } },
{ "type": "Feature", "properties": { "id": 1603, "left": 585995.4178000001, "top": 4499252.4247000003, "right": 586854.4178000001, "bottom": 4498393.4247000003, "row_index": 36, "col_index": 27, "sq_id": 1603 }, "geometry": { "type": "Polygon", "coordinates": [ [ [ -73.983007896923482, 40.63964347155202 ], [ -73.972850804765727, 40.6395535681797 ], [ -73.972969387575418, 40.6318162466454 ], [ -73.983125307607352, 40.631906125616183 ], [ -73.983007896923482, 40.63964347155202 ] ] ] } },
{ "type": "Feature", "properties": { "id": 1960, "left": 591149.4178000001, "top": 4491521.4247000003, "right": 592008.4178000001, "bottom": 4490662.4247000003, "row_index": 45, "col_index": 33, "sq_id": 1960 }, "geometry": { "type": "Polygon", "coordinates": [ [ [ -73.923184294880699, 40.569455505219501 ], [ -73.913038017502146, 40.569360475464407 ], [ -73.913163194588478, 40.561623208962466 ], [ -73.923308304050806, 40.561718212914897 ], [ -73.923184294880699, 40.569455505219501 ] ] ] } },
{ "type": "Feature", "properties": { "id": 1961, "left": 591149.4178000001, "top": 4490662.4247000003, "right": 592008.4178000001, "bottom": 4489803.4247000003, "row_index": 46, "col_index": 33, "sq_id": 1961 }, "geometry": { "type": "Polygon", "coordinates": [ [ [ -73.923308304050806, 40.561718212914897 ], [ -73.913163194588478, 40.561623208962466 ], [ -73.913288323109597, 40.553885931744944 ], [ -73.923432265108644, 40.553980909900588 ], [ -73.923308304050806, 40.561718212914897 ] ] ] } },
{ "type": "Feature", "properties": { "id": 1962, "left": 591149.4178000001, "top": 4489803.4247000003, "right": 592008.4178000001, "bottom": 4488944.4247000003, "row_index": 47, "col_index": 33, "sq_id": 1962 }, "geometry": { "type": "Polygon", "coordinates": [ [ [ -73.923432265108644, 40.553980909900588 ], [ -73.913288323109597, 40.553885931744944 ], [ -73.913413403086778, 40.546148643812437 ], [ -73.923556178075273, 40.546243596177142 ], [ -73.923432265108644, 40.553980909900588 ] ] ] } },
{ "type": "Feature", "properties": { "id": 1956, "left": 591149.4178000001, "top": 4494957.4247000003, "right": 592008.4178000001, "bottom": 4494098.4247000003, "row_index": 41, "col_index": 33, "sq_id": 1956 }, "geometry": { "type": "Polygon", "coordinates": [ [ [ -73.922687776655337, 40.600404567329342 ], [ -73.912536823078668, 40.600309434304876 ], [ -73.912662194638898, 40.592572210671008 ], [ -73.922811978485655, 40.592667317869335 ], [ -73.922687776655337, 40.600404567329342 ] ] ] } },
{ "type": "Feature", "properties": { "id": 1957, "left": 591149.4178000001, "top": 4494098.4247000003, "right": 592008.4178000001, "bottom": 4493239.4247000003, "row_index": 42, "col_index": 33, "sq_id": 1957 }, "geometry": { "type": "Polygon", "coordinates": [ [ [ -73.922811978485655, 40.592667317869335 ], [ -73.912662194638898, 40.592572210671008 ], [ -73.912787517548665, 40.584834976319264 ], [ -73.922936132119219, 40.584930057697306 ], [ -73.922811978485655, 40.592667317869335 ] ] ] } },
{ "type": "Feature", "properties": { "id": 1958, "left": 591149.4178000001, "top": 4493239.4247000003, "right": 592008.4178000001, "bottom": 4492380.4247000003, "row_index": 43, "col_index": 33, "sq_id": 1958 }, "geometry": { "type": "Polygon", "coordinates": [ [ [ -73.922936132119219, 40.584930057697306 ], [ -73.912787517548665, 40.584834976319264 ], [ -73.912912791829314, 40.577097731250205 ], [ -73.923060237577204, 40.577192786813825 ], [ -73.922936132119219, 40.584930057697306 ] ] ] } },
{ "type": "Feature", "properties": { "id": 1952, "left": 591149.4178000001, "top": 4498393.4247000003, "right": 592008.4178000001, "bottom": 4497534.4247000003, "row_index": 37, "col_index": 33, "sq_id": 1952 }, "geometry": { "type": "Polygon", "coordinates": [ [ [ -73.922190486943521, 40.631353458037864 ], [ -73.912034849906007, 40.631258221649873 ], [ -73.912160416281679, 40.62352104089333 ], [ -73.922314881772408, 40.623616251431613 ], [ -73.922190486943521, 40.631353458037864 ] ] ] } },
{ "type": "Feature", "properties": { "id": 1953, "left": 591149.4178000001, "top": 4497534.4247000003, "right": 592008.4178000001, "bottom": 4496675.4247000003, "row_index": 38, "col_index": 33, "sq_id": 1953 }, "geometry": { "type": "Polygon", "coordinates": [ [ [ -73.922314881772408, 40.623616251431613 ], [ -73.912160416281679, 40.62352104089333 ], [ -73.912285933921424, 40.615783849416601 ], [ -73.922439228319874, 40.615879034111053 ], [ -73.922314881772408, 40.623616251431613 ] ] ] } },
{ "type": "Feature", "properties": { "id": 1954, "left": 591149.4178000001, "top": 4496675.4247000003, "right": 592008.4178000001, "bottom": 4495816.4247000003, "row_index": 39, "col_index": 33, "sq_id": 1954 }, "geometry": { "type": "Polygon", "coordinates": [ [ [ -73.922439228319874, 40.615879034111053 ], [ -73.912285933921424, 40.615783849416601 ], [ -73.912411402846629, 40.608046647220256 ], [ -73.922563526607121, 40.60814180607678 ], [ -73.922439228319874, 40.615879034111053 ] ] ] } },
{ "type": "Feature", "properties": { "id": 1955, "left": 591149.4178000001, "top": 4495816.4247000003, "right": 592008.4178000001, "bottom": 4494957.4247000003, "row_index": 40, "col_index": 33, "sq_id": 1955 }, "geometry": { "type": "Polygon", "coordinates": [ [ [ -73.922563526607121, 40.60814180607678 ], [ -73.912411402846629, 40.608046647220256 ], [ -73.912536823078668, 40.600309434304876 ], [ -73.922687776655337, 40.600404567329342 ], [ -73.922563526607121, 40.60814180607678 ] ] ] } },
{ "type": "Feature", "properties": { "id": 1980, "left": 592008.4178000001, "top": 4524163.4247000003, "right": 592867.4178000001, "bottom": 4523304.4247000003, "row_index": 7, "col_index": 34, "sq_id": 1980 }, "geometry": { "type": "Polygon", "coordinates": [ [ [ -73.908245089780195, 40.86336865663165 ], [ -73.898054143399662, 40.863271741843633 ], [ -73.898182367120981, 40.855534909228737 ], [ -73.908372128247663, 40.855631797744962 ], [ -73.908245089780195, 40.86336865663165 ] ] ] } },
{ "type": "Feature", "properties": { "id": 1981, "left": 592008.4178000001, "top": 4523304.4247000003, "right": 592867.4178000001, "bottom": 4522445.4247000003, "row_index": 8, "col_index": 34, "sq_id": 1981 }, "geometry": { "type": "Polygon", "coordinates": [ [ [ -73.908372128247663, 40.855631797744962 ], [ -73.898182367120981, 40.855534909228737 ], [ -73.898310540997741, 40.847798065870677 ], [ -73.908499117331118, 40.847894928121129 ], [ -73.908372128247663, 40.855631797744962 ] ] ] } },
{ "type": "Feature", "properties": { "id": 1982, "left": 592008.4178000001, "top": 4522445.4247000003, "right": 592867.4178000001, "bottom": 4521586.4247000003, "row_index": 9, "col_index": 34, "sq_id": 1982 }, "geometry": { "type": "Polygon", "coordinates": [ [ [ -73.908499117331118, 40.847894928121129 ], [ -73.898310540997741, 40.847798065870677 ], [ -73.89843866505197, 40.840061211770006 ], [ -73.908626057052373, 40.840158047760731 ], [ -73.908499117331118, 40.847894928121129 ] ] ] } },
{ "type": "Feature", "properties": { "id": 1983, "left": 592008.4178000001, "top": 4521586.4247000003, "right": 592867.4178000001, "bottom": 4520727.4247000003, "row_index": 10, "col_index": 34, "sq_id": 1983 }, "geometry": { "type": "Polygon", "coordinates": [ [ [ -73.908626057052373, 40.840158047760731 ], [ -73.89843866505197, 40.840061211770006 ], [ -73.898566739305636, 40.83232434692728 ], [ -73.908752947433214, 40.83242115666431 ], [ -73.908626057052373, 40.840158047760731 ] ] ] } },
{ "type": "Feature", "properties": { "id": 1976, "left": 592008.4178000001, "top": 4527599.4247000003, "right": 592867.4178000001, "bottom": 4526740.4247000003, "row_index": 3, "col_index": 34, "sq_id": 1976 }, "geometry": { "type": "Polygon", "coordinates": [ [ [ -73.907736441633659, 40.89431598479603 ], [ -73.897540749628192, 40.894218964860357 ], [ -73.897669172948099, 40.886482175223726 ], [ -73.907863677855488, 40.886579168863399 ], [ -73.907736441633659, 40.89431598479603 ] ] ] } },
{ "type": "Feature", "properties": { "id": 1977, "left": 592008.4178000001, "top": 4526740.4247000003, "right": 592867.4178000001, "bottom": 4525881.4247000003, "row_index": 4, "col_index": 34, "sq_id": 1977 }, "geometry": { "type": "Polygon", "coordinates": [ [ [ -73.907863677855488, 40.886579168863399 ], [ -73.897669172948099, 40.886482175223726 ], [ -73.897797546335255, 40.878745374841692 ], [ -73.907990864605949, 40.878842342191426 ], [ -73.907863677855488, 40.886579168863399 ] ] ] } },
{ "type": "Feature", "properties": { "id": 1978, "left": 592008.4178000001, "top": 4525881.4247000003, "right": 592867.4178000001, "bottom": 4525022.4247000003, "row_index": 5, "col_index": 34, "sq_id": 1978 }, "geometry": { "type": "Polygon", "coordinates": [ [ [ -73.907990864605949, 40.878842342191426 ], [ -73.897797546335255, 40.878745374841692 ], [ -73.897925869811758, 40.87100856371481 ], [ -73.9081180019069, 40.871105504780672 ], [ -73.907990864605949, 40.878842342191426 ] ] ] } },
{ "type": "Feature", "properties": { "id": 1979, "left": 592008.4178000001, "top": 4525022.4247000003, "right": 592867.4178000001, "bottom": 4524163.4247000003, "row_index": 6, "col_index": 34, "sq_id": 1979 }, "geometry": { "type": "Polygon", "coordinates": [ [ [ -73.9081180019069, 40.871105504780672 ], [ -73.897925869811758, 40.87100856371481 ], [ -73.898054143399662, 40.863271741843633 ], [ -73.908245089780195, 40.86336865663165 ], [ -73.9081180019069, 40.871105504780672 ] ] ] } },
{ "type": "Feature", "properties": { "id": 1973, "left": 592008.4178000001, "top": 4530176.4247000003, "right": 592867.4178000001, "bottom": 4529317.4247000003, "row_index": 0, "col_index": 34, "sq_id": 1973 }, "geometry": { "type": "Polygon", "coordinates": [ [ [ -73.907354435921121, 40.917526368152338 ], [ -73.897155179851296, 40.917429269292384 ], [ -73.897283753101888, 40.909692511895251 ], [ -73.907481820688375, 40.90978958444105 ], [ -73.907354435921121, 40.917526368152338 ] ] ] } },
{ "type": "Feature", "properties": { "id": 1974, "left": 592008.4178000001, "top": 4529317.4247000003, "right": 592867.4178000001, "bottom": 4528458.4247000003, "row_index": 1, "col_index": 34, "sq_id": 1974 }, "geometry": { "type": "Polygon", "coordinates": [ [ [ -73.907481820688375, 40.90978958444105 ], [ -73.897283753101888, 40.909692511895251 ], [ -73.897412276353506, 40.90195574375106 ], [ -73.907609155918578, 40.902052789988772 ], [ -73.907481820688375, 40.90978958444105 ] ] ] } },
{ "type": "Feature", "properties": { "id": 1975, "left": 592008.4178000001, "top": 4528458.4247000003, "right": 592867.4178000001, "bottom": 4527599.4247000003, "row_index": 2, "col_index": 34, "sq_id": 1975 }, "geometry": { "type": "Polygon", "coordinates": [ [ [ -73.907609155918578, 40.902052789988772 ], [ -73.897412276353506, 40.90195574375106 ], [ -73.897540749628192, 40.894218964860357 ], [ -73.907736441633659, 40.89431598479603 ], [ -73.907609155918578, 40.902052789988772 ] ] ] } },
{ "type": "Feature", "properties": { "id": 1932, "left": 591149.4178000001, "top": 4515573.4247000003, "right": 592008.4178000001, "bottom": 4514714.4247000003, "row_index": 17, "col_index": 33, "sq_id": 1932 }, "geometry": { "type": "Polygon", "coordinates": [ [ [ -73.919692418518579, 40.786095339284593 ], [ -73.90951325478818, 40.785999584660509 ], [ -73.909639800395126, 40.778262618427547 ], [ -73.919817783446305, 40.778358347083461 ], [ -73.919692418518579, 40.786095339284593 ] ] ] } },
{ "type": "Feature", "properties": { "id": 1933, "left": 591149.4178000001, "top": 4514714.4247000003, "right": 592008.4178000001, "bottom": 4513855.4247000003, "row_index": 18, "col_index": 33, "sq_id": 1933 }, "geometry": { "type": "Polygon", "coordinates": [ [ [ -73.919817783446305, 40.778358347083461 ], [ -73.909639800395126, 40.778262618427547 ], [ -73.909766296835485, 40.770525641463038 ], [ -73.919943099665957, 40.770621344156716 ], [ -73.919817783446305, 40.778358347083461 ] ] ] } },
{ "type": "Feature", "properties": { "id": 1934, "left": 591149.4178000001, "top": 4513855.4247000003, "right": 592008.4178000001, "bottom": 4512996.4247000003, "row_index": 19, "col_index": 33, "sq_id": 1934 }, "geometry": { "type": "Polygon", "coordinates": [ [ [ -73.919943099665957, 40.770621344156716 ], [ -73.909766296835485, 40.770525641463038 ], [ -73.9098927441309, 40.762788653767529 ], [ -73.920068367199036, 40.762884330504939 ], [ -73.919943099665957, 40.770621344156716 ] ] ] } },
{ "type": "Feature", "properties": { "id": 1935, "left": 591149.4178000001, "top": 4512996.4247000003, "right": 592008.4178000001, "bottom": 4512137.4247000003, "row_index": 20, "col_index": 33, "sq_id": 1935 }, "geometry": { "type": "Polygon", "coordinates": [ [ [ -73.920068367199036, 40.762884330504939 ], [ -73.9098927441309, 40.762788653767529 ], [ -73.910019142303071, 40.755051655341603 ], [ -73.920193586066958, 40.755147306128684 ], [ -73.920068367199036, 40.762884330504939 ] ] ] } },
{ "type": "Feature", "properties": { "id": 1928, "left": 591149.4178000001, "top": 4519009.4247000003, "right": 592008.4178000001, "bottom": 4518150.4247000003, "row_index": 13, "col_index": 33, "sq_id": 1928 }, "geometry": { "type": "Polygon", "coordinates": [ [ [ -73.919190471297412, 40.817043200821985 ], [ -73.90900658026078, 40.816947342265607 ], [ -73.909133322750989, 40.809210418964469 ], [ -73.91931603127226, 40.809306251528817 ], [ -73.919190471297412, 40.817043200821985 ] ] ] } },
{ "type": "Feature", "properties": { "id": 1929, "left": 591149.4178000001, "top": 4518150.4247000003, "right": 592008.4178000001, "bottom": 4517291.4247000003, "row_index": 14, "col_index": 33, "sq_id": 1929 }, "geometry": { "type": "Polygon", "coordinates": [ [ [ -73.91931603127226, 40.809306251528817 ], [ -73.909133322750989, 40.809210418964469 ], [ -73.909260015987812, 40.801473484929524 ], [ -73.919441542453058, 40.801569291507832 ], [ -73.91931603127226, 40.809306251528817 ] ] ] } },
{ "type": "Feature", "properties": { "id": 1930, "left": 591149.4178000001, "top": 4517291.4247000003, "right": 592008.4178000001, "bottom": 4516432.4247000003, "row_index": 15, "col_index": 33, "sq_id": 1930 }, "geometry": { "type": "Polygon", "coordinates": [ [ [ -73.919441542453058, 40.801569291507832 ], [ -73.909260015987812, 40.801473484929524 ], [ -73.909386659992975, 40.793736540161355 ], [ -73.919567004861321, 40.79383232075957 ], [ -73.919441542453058, 40.801569291507832 ] ] ] } },
{ "type": "Feature", "properties": { "id": 1931, "left": 591149.4178000001, "top": 4516432.4247000003, "right": 592008.4178000001, "bottom": 4515573.4247000003, "row_index": 16, "col_index": 33, "sq_id": 1931 }, "geometry": { "type": "Polygon", "coordinates": [ [ [ -73.919567004861321, 40.79383232075957 ], [ -73.909386659992975, 40.793736540161355 ], [ -73.90951325478818, 40.785999584660509 ], [ -73.919692418518579, 40.786095339284593 ], [ -73.919567004861321, 40.79383232075957 ] ] ] } },
{ "type": "Feature", "properties": { "id": 1924, "left": 591149.4178000001, "top": 4522445.4247000003, "right": 592008.4178000001, "bottom": 4521586.4247000003, "row_index": 9, "col_index": 33, "sq_id": 1924 }, "geometry": { "type": "Polygon", "coordinates": [ [ [ -73.918687743026695, 40.847990890705255 ], [ -73.908499117331118, 40.847894928121129 ], [ -73.908626057052373, 40.840158047760731 ], [ -73.918813498393192, 40.84025398432896 ], [ -73.918687743026695, 40.847990890705255 ] ] ] } },
{ "type": "Feature", "properties": { "id": 1925, "left": 591149.4178000001, "top": 4521586.4247000003, "right": 592008.4178000001, "bottom": 4520727.4247000003, "row_index": 10, "col_index": 33, "sq_id": 1925 }, "geometry": { "type": "Polygon", "coordinates": [ [ [ -73.918813498393192, 40.84025398432896 ], [ -73.908626057052373, 40.840158047760731 ], [ -73.908752947433214, 40.83242115666431 ], [ -73.918939204879436, 40.832517067222604 ], [ -73.918813498393192, 40.84025398432896 ] ] ] } },
{ "type": "Feature", "properties": { "id": 1926, "left": 591149.4178000001, "top": 4520727.4247000003, "right": 592008.4178000001, "bottom": 4519868.4247000003, "row_index": 11, "col_index": 33, "sq_id": 1926 }, "geometry": { "type": "Polygon", "coordinates": [ [ [ -73.918939204879436, 40.832517067222604 ], [ -73.908752947433214, 40.83242115666431 ], [ -73.90887978849544, 40.824684254832412 ], [ -73.919064862506985, 40.824780139386768 ], [ -73.918939204879436, 40.832517067222604 ] ] ] } },
{ "type": "Feature", "properties": { "id": 1927, "left": 591149.4178000001, "top": 4519868.4247000003, "right": 592008.4178000001, "bottom": 4519009.4247000003, "row_index": 12, "col_index": 33, "sq_id": 1927 }, "geometry": { "type": "Polygon", "coordinates": [ [ [ -73.919064862506985, 40.824780139386768 ], [ -73.90887978849544, 40.824684254832412 ], [ -73.90900658026078, 40.816947342265607 ], [ -73.919190471297412, 40.817043200821985 ], [ -73.919064862506985, 40.824780139386768 ] ] ] } },
{ "type": "Feature", "properties": { "id": 1920, "left": 591149.4178000001, "top": 4525881.4247000003, "right": 592008.4178000001, "bottom": 4525022.4247000003, "row_index": 5, "col_index": 33, "sq_id": 1920 }, "geometry": { "type": "Polygon", "coordinates": [ [ [ -73.918184232326155, 40.878938408898975 ], [ -73.907990864605949, 40.878842342191426 ], [ -73.9081180019069, 40.871105504780672 ], [ -73.91831018342971, 40.871201545448379 ], [ -73.918184232326155, 40.878938408898975 ] ] ] } },
{ "type": "Feature", "properties": { "id": 1921, "left": 591149.4178000001, "top": 4525022.4247000003, "right": 592008.4178000001, "bottom": 4524163.4247000003, "row_index": 6, "col_index": 33, "sq_id": 1921 }, "geometry": { "type": "Polygon", "coordinates": [ [ [ -73.91831018342971, 40.871201545448379 ], [ -73.9081180019069, 40.871105504780672 ], [ -73.908245089780195, 40.86336865663165 ], [ -73.918436085566555, 40.863464671265525 ], [ -73.91831018342971, 40.871201545448379 ] ] ] } },
{ "type": "Feature", "properties": { "id": 1922, "left": 591149.4178000001, "top": 4524163.4247000003, "right": 592008.4178000001, "bottom": 4523304.4247000003, "row_index": 7, "col_index": 33, "sq_id": 1922 }, "geometry": { "type": "Polygon", "coordinates": [ [ [ -73.918436085566555, 40.863464671265525 ], [ -73.908245089780195, 40.86336865663165 ], [ -73.908372128247663, 40.855631797744962 ], [ -73.918561938758359, 40.855727786350961 ], [ -73.918436085566555, 40.863464671265525 ] ] ] } },
{ "type": "Feature", "properties": { "id": 1923, "left": 591149.4178000001, "top": 4523304.4247000003, "right": 592008.4178000001, "bottom": 4522445.4247000003, "row_index": 8, "col_index": 33, "sq_id": 1923 }, "geometry": { "type": "Polygon", "coordinates": [ [ [ -73.918561938758359, 40.855727786350961 ], [ -73.908372128247663, 40.855631797744962 ], [ -73.908499117331118, 40.847894928121129 ], [ -73.918687743026695, 40.847990890705255 ], [ -73.918561938758359, 40.855727786350961 ] ] ] } },
{ "type": "Feature", "properties": { "id": 1948, "left": 591149.4178000001, "top": 4501829.4247000003, "right": 592008.4178000001, "bottom": 4500970.4247000003, "row_index": 33, "col_index": 33, "sq_id": 1948 }, "geometry": { "type": "Polygon", "coordinates": [ [ [ -73.921692424389647, 40.662302177308419 ], [ -73.911532096615787, 40.662206837462605 ], [ -73.911657858149326, 40.654469699592568 ], [ -73.921817012556332, 40.654565013565076 ], [ -73.921692424389647, 40.662302177308419 ] ] ] } },
{ "type": "Feature", "properties": { "id": 1949, "left": 591149.4178000001, "top": 4500970.4247000003, "right": 592008.4178000001, "bottom": 4500111.4247000003, "row_index": 34, "col_index": 33, "sq_id": 1949 }, "geometry": { "type": "Polygon", "coordinates": [ [ [ -73.921817012556332, 40.654565013565076 ], [ -73.911657858149326, 40.654469699592568 ], [ -73.911783570861246, 40.646732551000056 ], [ -73.921941552356714, 40.646827839105157 ], [ -73.921817012556332, 40.654565013565076 ] ] ] } },
{ "type": "Feature", "properties": { "id": 1950, "left": 591149.4178000001, "top": 4500111.4247000003, "right": 592008.4178000001, "bottom": 4499252.4247000003, "row_index": 35, "col_index": 33, "sq_id": 1950 }, "geometry": { "type": "Polygon", "coordinates": [ [ [ -73.921941552356714, 40.646827839105157 ], [ -73.911783570861246, 40.646732551000056 ], [ -73.911909234773006, 40.63899539168564 ], [ -73.922066043812038, 40.639090653929223 ], [ -73.921941552356714, 40.646827839105157 ] ] ] } },
{ "type": "Feature", "properties": { "id": 1951, "left": 591149.4178000001, "top": 4499252.4247000003, "right": 592008.4178000001, "bottom": 4498393.4247000003, "row_index": 36, "col_index": 33, "sq_id": 1951 }, "geometry": { "type": "Polygon", "coordinates": [ [ [ -73.922066043812038, 40.639090653929223 ], [ -73.911909234773006, 40.63899539168564 ], [ -73.912034849906007, 40.631258221649873 ], [ -73.922190486943521, 40.631353458037864 ], [ -73.922066043812038, 40.639090653929223 ] ] ] } },
{ "type": "Feature", "properties": { "id": 1944, "left": 591149.4178000001, "top": 4505265.4247000003, "right": 592008.4178000001, "bottom": 4504406.4247000003, "row_index": 29, "col_index": 33, "sq_id": 1944 }, "geometry": { "type": "Polygon", "coordinates": [ [ [ -73.921193587634605, 40.693250725104548 ], [ -73.911028561836105, 40.693155281706424 ], [ -73.911154518870816, 40.685418186732065 ], [ -73.921318369479181, 40.685513604233236 ], [ -73.921193587634605, 40.693250725104548 ] ] ] } },
{ "type": "Feature", "properties": { "id": 1945, "left": 591149.4178000001, "top": 4504406.4247000003, "right": 592008.4178000001, "bottom": 4503547.4247000003, "row_index": 30, "col_index": 33, "sq_id": 1945 }, "geometry": { "type": "Polygon", "coordinates": [ [ [ -73.921318369479181, 40.685513604233236 ], [ -73.911154518870816, 40.685418186732065 ], [ -73.911280426998005, 40.677681081032915 ], [ -73.92144310287236, 40.67777647264306 ], [ -73.921318369479181, 40.685513604233236 ] ] ] } },
{ "type": "Feature", "properties": { "id": 1946, "left": 591149.4178000001, "top": 4503547.4247000003, "right": 592008.4178000001, "bottom": 4502688.4247000003, "row_index": 31, "col_index": 33, "sq_id": 1946 }, "geometry": { "type": "Polygon", "coordinates": [ [ [ -73.92144310287236, 40.67777647264306 ], [ -73.911280426998005, 40.677681081032915 ], [ -73.911406286239171, 40.669943964609573 ], [ -73.921567787835414, 40.670039330334603 ], [ -73.92144310287236, 40.67777647264306 ] ] ] } },
{ "type": "Feature", "properties": { "id": 1947, "left": 591149.4178000001, "top": 4502688.4247000003, "right": 592008.4178000001, "bottom": 4501829.4247000003, "row_index": 32, "col_index": 33, "sq_id": 1947 }, "geometry": { "type": "Polygon", "coordinates": [ [ [ -73.921567787835414, 40.670039330334603 ], [ -73.911406286239171, 40.669943964609573 ], [ -73.911532096615787, 40.662206837462605 ], [ -73.921692424389647, 40.662302177308419 ], [ -73.921567787835414, 40.670039330334603 ] ] ] } },
{ "type": "Feature", "properties": { "id": 1940, "left": 591149.4178000001, "top": 4508701.4247000003, "right": 592008.4178000001, "bottom": 4507842.4247000003, "row_index": 25, "col_index": 33, "sq_id": 1940 }, "geometry": { "type": "Polygon", "coordinates": [ [ [ -73.920693975315743, 40.72419910139002 ], [ -73.910524244191535, 40.724103554344865 ], [ -73.910650397071606, 40.71636650227525 ], [ -73.920818951179214, 40.716462023399764 ], [ -73.920693975315743, 40.72419910139002 ] ] ] } },
{ "type": "Feature", "properties": { "id": 1941, "left": 591149.4178000001, "top": 4507842.4247000003, "right": 592008.4178000001, "bottom": 4506983.4247000003, "row_index": 26, "col_index": 33, "sq_id": 1941 }, "geometry": { "type": "Polygon", "coordinates": [ [ [ -73.920818951179214, 40.716462023399764 ], [ -73.910650397071606, 40.71636650227525 ], [ -73.910776500958036, 40.708629439478585 ], [ -73.920943878505952, 40.708724934688391 ], [ -73.920818951179214, 40.716462023399764 ] ] ] } },
{ "type": "Feature", "properties": { "id": 1942, "left": 591149.4178000001, "top": 4506983.4247000003, "right": 592008.4178000001, "bottom": 4506124.4247000003, "row_index": 27, "col_index": 33, "sq_id": 1942 }, "geometry": { "type": "Polygon", "coordinates": [ [ [ -73.920943878505952, 40.708724934688391 ], [ -73.910776500958036, 40.708629439478585 ], [ -73.910902555872354, 40.700892365955461 ], [ -73.9210687573173, 40.700987835256463 ], [ -73.920943878505952, 40.708724934688391 ] ] ] } },
{ "type": "Feature", "properties": { "id": 1943, "left": 591149.4178000001, "top": 4506124.4247000003, "right": 592008.4178000001, "bottom": 4505265.4247000003, "row_index": 28, "col_index": 33, "sq_id": 1943 }, "geometry": { "type": "Polygon", "coordinates": [ [ [ -73.9210687573173, 40.700987835256463 ], [ -73.910902555872354, 40.700892365955461 ], [ -73.911028561836105, 40.693155281706424 ], [ -73.921193587634605, 40.693250725104548 ], [ -73.9210687573173, 40.700987835256463 ] ] ] } },
{ "type": "Feature", "properties": { "id": 1936, "left": 591149.4178000001, "top": 4512137.4247000003, "right": 592008.4178000001, "bottom": 4511278.4247000003, "row_index": 21, "col_index": 33, "sq_id": 1936 }, "geometry": { "type": "Polygon", "coordinates": [ [ [ -73.920193586066958, 40.755147306128684 ], [ -73.910019142303071, 40.755051655341603 ], [ -73.910145491373598, 40.747314646185799 ], [ -73.920318756291195, 40.7474102710285 ], [ -73.920193586066958, 40.755147306128684 ] ] ] } },
{ "type": "Feature", "properties": { "id": 1937, "left": 591149.4178000001, "top": 4511278.4247000003, "right": 592008.4178000001, "bottom": 4510419.4247000003, "row_index": 22, "col_index": 33, "sq_id": 1937 }, "geometry": { "type": "Polygon", "coordinates": [ [ [ -73.920318756291195, 40.7474102710285 ], [ -73.910145491373598, 40.747314646185799 ], [ -73.91027179136411, 40.739577626300701 ], [ -73.920443877893121, 40.73967322520496 ], [ -73.920318756291195, 40.7474102710285 ] ] ] } },
{ "type": "Feature", "properties": { "id": 1938, "left": 591149.4178000001, "top": 4510419.4247000003, "right": 592008.4178000001, "bottom": 4509560.4247000003, "row_index": 23, "col_index": 33, "sq_id": 1938 }, "geometry": { "type": "Polygon", "coordinates": [ [ [ -73.920443877893121, 40.73967322520496 ], [ -73.91027179136411, 40.739577626300701 ], [ -73.910398042296222, 40.731840595686862 ], [ -73.920568950894179, 40.731936168658599 ], [ -73.920443877893121, 40.73967322520496 ] ] ] } },
{ "type": "Feature", "properties": { "id": 1939, "left": 591149.4178000001, "top": 4509560.4247000003, "right": 592008.4178000001, "bottom": 4508701.4247000003, "row_index": 24, "col_index": 33, "sq_id": 1939 }, "geometry": { "type": "Polygon", "coordinates": [ [ [ -73.920568950894179, 40.731936168658599 ], [ -73.910398042296222, 40.731840595686862 ], [ -73.910524244191535, 40.724103554344865 ], [ -73.920693975315743, 40.72419910139002 ], [ -73.920568950894179, 40.731936168658599 ] ] ] } },
{ "type": "Feature", "properties": { "id": 2031, "left": 592867.4178000001, "top": 4530176.4247000003, "right": 593726.4178000001, "bottom": 4529317.4247000003, "row_index": 0, "col_index": 35, "sq_id": 2031 }, "geometry": { "type": "Polygon", "coordinates": [ [ [ -73.897155179851296, 40.917429269292384 ], [ -73.886955973802586, 40.917331268581826 ], [ -73.887085735514418, 40.909594537743168 ], [ -73.897283753101888, 40.909692511895251 ], [ -73.897155179851296, 40.917429269292384 ] ] ] } },
{ "type": "Feature", "properties": { "id": 2020, "left": 592008.4178000001, "top": 4489803.4247000003, "right": 592867.4178000001, "bottom": 4488944.4247000003, "row_index": 47, "col_index": 34, "sq_id": 2020 }, "geometry": { "type": "Polygon", "coordinates": [ [ [ -73.913288323109597, 40.553885931744944 ], [ -73.903144429654475, 40.553790063149357 ], [ -73.903270676620963, 40.546052801249495 ], [ -73.913413403086778, 40.546148643812437 ], [ -73.913288323109597, 40.553885931744944 ] ] ] } },
{ "type": "Feature", "properties": { "id": 2016, "left": 592008.4178000001, "top": 4493239.4247000003, "right": 592867.4178000001, "bottom": 4492380.4247000003, "row_index": 43, "col_index": 34, "sq_id": 2016 }, "geometry": { "type": "Polygon", "coordinates": [ [ [ -73.912787517548665, 40.584834976319264 ], [ -73.90263895160723, 40.584739003533848 ], [ -73.902765394689226, 40.577001784521137 ], [ -73.912912791829314, 40.577097731250205 ], [ -73.912787517548665, 40.584834976319264 ] ] ] } },
{ "type": "Feature", "properties": { "id": 2018, "left": 592008.4178000001, "top": 4491521.4247000003, "right": 592867.4178000001, "bottom": 4490662.4247000003, "row_index": 45, "col_index": 34, "sq_id": 2018 }, "geometry": { "type": "Polygon", "coordinates": [ [ [ -73.913038017502146, 40.569360475464407 ], [ -73.902891788710093, 40.569264554785761 ], [ -73.903018133691347, 40.561527314328302 ], [ -73.913163194588478, 40.561623208962466 ], [ -73.913038017502146, 40.569360475464407 ] ] ] } },
{ "type": "Feature", "properties": { "id": 2019, "left": 592008.4178000001, "top": 4490662.4247000003, "right": 592867.4178000001, "bottom": 4489803.4247000003, "row_index": 46, "col_index": 34, "sq_id": 2019 }, "geometry": { "type": "Polygon", "coordinates": [ [ [ -73.913163194588478, 40.561623208962466 ], [ -73.903018133691347, 40.561527314328302 ], [ -73.903144429654475, 40.553790063149357 ], [ -73.913288323109597, 40.553885931744944 ], [ -73.913163194588478, 40.561623208962466 ] ] ] } },
{ "type": "Feature", "properties": { "id": 2044, "left": 592867.4178000001, "top": 4519009.4247000003, "right": 593726.4178000001, "bottom": 4518150.4247000003, "row_index": 13, "col_index": 35, "sq_id": 2044 }, "geometry": { "type": "Polygon", "coordinates": [ [ [ -73.898822738499263, 40.816850585017882 ], [ -73.888638946472383, 40.81675292909145 ], [ -73.888768053927933, 40.809016058505144 ], [ -73.898950663483106, 40.809113687952369 ], [ -73.898822738499263, 40.816850585017882 ] ] ] } },
{ "type": "Feature", "properties": { "id": 2045, "left": 592867.4178000001, "top": 4518150.4247000003, "right": 593726.4178000001, "bottom": 4517291.4247000003, "row_index": 14, "col_index": 35, "sq_id": 2045 }, "geometry": { "type": "Polygon", "coordinates": [ [ [ -73.898950663483106, 40.809113687952369 ], [ -73.888768053927933, 40.809016058505144 ], [ -73.888897111211449, 40.801279177172944 ], [ -73.899078538754253, 40.801376780147024 ], [ -73.898950663483106, 40.809113687952369 ] ] ] } },
{ "type": "Feature", "properties": { "id": 2046, "left": 592867.4178000001, "top": 4517291.4247000003, "right": 593726.4178000001, "bottom": 4516432.4247000003, "row_index": 15, "col_index": 35, "sq_id": 2046 }, "geometry": { "type": "Polygon", "coordinates": [ [ [ -73.899078538754253, 40.801376780147024 ], [ -73.888897111211449, 40.801279177172944 ], [ -73.889026118345086, 40.79354228509542 ], [ -73.899206364334603, 40.793639861602429 ], [ -73.899078538754253, 40.801376780147024 ] ] ] } },
{ "type": "Feature", "properties": { "id": 2047, "left": 592867.4178000001, "top": 4516432.4247000003, "right": 593726.4178000001, "bottom": 4515573.4247000003, "row_index": 16, "col_index": 35, "sq_id": 2047 }, "geometry": { "type": "Polygon", "coordinates": [ [ [ -73.899206364334603, 40.793639861602429 ], [ -73.889026118345086, 40.79354228509542 ], [ -73.889155075350914, 40.785805382273139 ], [ -73.899334140246054, 40.785902932319154 ], [ -73.899206364334603, 40.793639861602429 ] ] ] } },
{ "type": "Feature", "properties": { "id": 2040, "left": 592867.4178000001, "top": 4522445.4247000003, "right": 593726.4178000001, "bottom": 4521586.4247000003, "row_index": 9, "col_index": 35, "sq_id": 2040 }, "geometry": { "type": "Polygon", "coordinates": [ [ [ -73.898310540997741, 40.847798065870677 ], [ -73.88812201448691, 40.847700303966555 ], [ -73.888251322852099, 40.839963476369427 ], [ -73.89843866505197, 40.840061211770006 ], [ -73.898310540997741, 40.847798065870677 ] ] ] } },
{ "type": "Feature", "properties": { "id": 2041, "left": 592867.4178000001, "top": 4521586.4247000003, "right": 593726.4178000001, "bottom": 4520727.4247000003, "row_index": 10, "col_index": 35, "sq_id": 2041 }, "geometry": { "type": "Polygon", "coordinates": [ [ [ -73.89843866505197, 40.840061211770006 ], [ -73.888251322852099, 40.839963476369427 ], [ -73.888380580956621, 40.832226638024167 ], [ -73.898566739305636, 40.83232434692728 ], [ -73.89843866505197, 40.840061211770006 ] ] ] } },
{ "type": "Feature", "properties": { "id": 2042, "left": 592867.4178000001, "top": 4520727.4247000003, "right": 593726.4178000001, "bottom": 4519868.4247000003, "row_index": 11, "col_index": 35, "sq_id": 2042 }, "geometry": { "type": "Polygon", "coordinates": [ [ [ -73.898566739305636, 40.83232434692728 ], [ -73.888380580956621, 40.832226638024167 ], [ -73.88850978882266, 40.824489788931317 ], [ -73.898694763780753, 40.824587471343058 ], [ -73.898566739305636, 40.83232434692728 ] ] ] } },
{ "type": "Feature", "properties": { "id": 2043, "left": 592867.4178000001, "top": 4519868.4247000003, "right": 593726.4178000001, "bottom": 4519009.4247000003, "row_index": 12, "col_index": 35, "sq_id": 2043 }, "geometry": { "type": "Polygon", "coordinates": [ [ [ -73.898694763780753, 40.824587471343058 ], [ -73.88850978882266, 40.824489788931317 ], [ -73.888638946472383, 40.81675292909145 ], [ -73.898822738499263, 40.816850585017882 ], [ -73.898694763780753, 40.824587471343058 ] ] ] } },
{ "type": "Feature", "properties": { "id": 2036, "left": 592867.4178000001, "top": 4525881.4247000003, "right": 593726.4178000001, "bottom": 4525022.4247000003, "row_index": 5, "col_index": 35, "sq_id": 2036 }, "geometry": { "type": "Polygon", "coordinates": [ [ [ -73.897797546335255, 40.878745374841692 ], [ -73.887604277975228, 40.878647506862414 ], [ -73.887733787605228, 40.870910722263467 ], [ -73.897925869811758, 40.87100856371481 ], [ -73.897797546335255, 40.878745374841692 ] ] ] } },
{ "type": "Feature", "properties": { "id": 2037, "left": 592867.4178000001, "top": 4525022.4247000003, "right": 593726.4178000001, "bottom": 4524163.4247000003, "row_index": 6, "col_index": 35, "sq_id": 2037 }, "geometry": { "type": "Polygon", "coordinates": [ [ [ -73.897925869811758, 40.87100856371481 ], [ -73.887733787605228, 40.870910722263467 ], [ -73.887863246885672, 40.863173926914129 ], [ -73.898054143399662, 40.863271741843633 ], [ -73.897925869811758, 40.87100856371481 ] ] ] } },
{ "type": "Feature", "properties": { "id": 2038, "left": 592867.4178000001, "top": 4524163.4247000003, "right": 593726.4178000001, "bottom": 4523304.4247000003, "row_index": 7, "col_index": 35, "sq_id": 2038 }, "geometry": { "type": "Polygon", "coordinates": [ [ [ -73.898054143399662, 40.863271741843633 ], [ -73.887863246885672, 40.863173926914129 ], [ -73.887992655838829, 40.855437120814976 ], [ -73.898182367120981, 40.855534909228737 ], [ -73.898054143399662, 40.863271741843633 ] ] ] } },
{ "type": "Feature", "properties": { "id": 2039, "left": 592867.4178000001, "top": 4523304.4247000003, "right": 593726.4178000001, "bottom": 4522445.4247000003, "row_index": 8, "col_index": 35, "sq_id": 2039 }, "geometry": { "type": "Polygon", "coordinates": [ [ [ -73.898182367120981, 40.855534909228737 ], [ -73.887992655838829, 40.855437120814976 ], [ -73.88812201448691, 40.847700303966555 ], [ -73.898310540997741, 40.847798065870677 ], [ -73.898182367120981, 40.855534909228737 ] ] ] } },
{ "type": "Feature", "properties": { "id": 2032, "left": 592867.4178000001, "top": 4529317.4247000003, "right": 593726.4178000001, "bottom": 4528458.4247000003, "row_index": 1, "col_index": 35, "sq_id": 2032 }, "geometry": { "type": "Polygon", "coordinates": [ [ [ -73.897283753101888, 40.909692511895251 ], [ -73.887085735514418, 40.909594537743168 ], [ -73.88721544676531, 40.901857796151354 ], [ -73.897412276353506, 40.90195574375106 ], [ -73.897283753101888, 40.909692511895251 ] ] ] } },
{ "type": "Feature", "properties": { "id": 2033, "left": 592867.4178000001, "top": 4528458.4247000003, "right": 593726.4178000001, "bottom": 4527599.4247000003, "row_index": 2, "col_index": 35, "sq_id": 2033 }, "geometry": { "type": "Polygon", "coordinates": [ [ [ -73.897412276353506, 40.90195574375106 ], [ -73.88721544676531, 40.901857796151354 ], [ -73.887345107577531, 40.894121043806912 ], [ -73.897540749628192, 40.894218964860357 ], [ -73.897412276353506, 40.90195574375106 ] ] ] } },
{ "type": "Feature", "properties": { "id": 2034, "left": 592867.4178000001, "top": 4527599.4247000003, "right": 593726.4178000001, "bottom": 4526740.4247000003, "row_index": 3, "col_index": 35, "sq_id": 2034 }, "geometry": { "type": "Polygon", "coordinates": [ [ [ -73.897540749628192, 40.894218964860357 ], [ -73.887345107577531, 40.894121043806912 ], [ -73.887474717973419, 40.886384280710416 ], [ -73.897669172948099, 40.886482175223726 ], [ -73.897540749628192, 40.894218964860357 ] ] ] } },
{ "type": "Feature", "properties": { "id": 2035, "left": 592867.4178000001, "top": 4526740.4247000003, "right": 593726.4178000001, "bottom": 4525881.4247000003, "row_index": 4, "col_index": 35, "sq_id": 2035 }, "geometry": { "type": "Polygon", "coordinates": [ [ [ -73.897669172948099, 40.886482175223726 ], [ -73.887474717973419, 40.886384280710416 ], [ -73.887604277975228, 40.878647506862414 ], [ -73.897797546335255, 40.878745374841692 ], [ -73.897669172948099, 40.886482175223726 ] ] ] } },
{ "type": "Feature", "properties": { "id": 1996, "left": 592008.4178000001, "top": 4510419.4247000003, "right": 592867.4178000001, "bottom": 4509560.4247000003, "row_index": 23, "col_index": 34, "sq_id": 1996 }, "geometry": { "type": "Polygon", "coordinates": [ [ [ -73.91027179136411, 40.739577626300701 ], [ -73.9000997538935, 40.739481131138632 ], [ -73.900227182735065, 40.731744126700349 ], [ -73.910398042296222, 40.731840595686862 ], [ -73.91027179136411, 40.739577626300701 ] ] ] } },
{ "type": "Feature", "properties": { "id": 1997, "left": 592008.4178000001, "top": 4509560.4247000003, "right": 592867.4178000001, "bottom": 4508701.4247000003, "row_index": 24, "col_index": 34, "sq_id": 1997 }, "geometry": { "type": "Polygon", "coordinates": [ [ [ -73.910398042296222, 40.731840595686862 ], [ -73.900227182735065, 40.731744126700349 ], [ -73.900354562082526, 40.724007111527925 ], [ -73.910524244191535, 40.724103554344865 ], [ -73.910398042296222, 40.731840595686862 ] ] ] } },
{ "type": "Feature", "properties": { "id": 1998, "left": 592008.4178000001, "top": 4508701.4247000003, "right": 592867.4178000001, "bottom": 4507842.4247000003, "row_index": 25, "col_index": 34, "sq_id": 1998 }, "geometry": { "type": "Polygon", "coordinates": [ [ [ -73.910524244191535, 40.724103554344865 ], [ -73.900354562082526, 40.724007111527925 ], [ -73.900481891957639, 40.716270085621886 ], [ -73.910650397071606, 40.71636650227525 ], [ -73.910524244191535, 40.724103554344865 ] ] ] } },
{ "type": "Feature", "properties": { "id": 1999, "left": 592008.4178000001, "top": 4507842.4247000003, "right": 592867.4178000001, "bottom": 4506983.4247000003, "row_index": 26, "col_index": 34, "sq_id": 1999 }, "geometry": { "type": "Polygon", "coordinates": [ [ [ -73.910650397071606, 40.71636650227525 ], [ -73.900481891957639, 40.716270085621886 ], [ -73.900609172382204, 40.708533048982837 ], [ -73.910776500958036, 40.708629439478585 ], [ -73.910650397071606, 40.71636650227525 ] ] ] } },
{ "type": "Feature", "properties": { "id": 1992, "left": 592008.4178000001, "top": 4513855.4247000003, "right": 592867.4178000001, "bottom": 4512996.4247000003, "row_index": 19, "col_index": 34, "sq_id": 1992 }, "geometry": { "type": "Polygon", "coordinates": [ [ [ -73.909766296835485, 40.770525641463038 ], [ -73.899589543149915, 40.770429041538783 ], [ -73.899717170186051, 40.762692080042818 ], [ -73.9098927441309, 40.762788653767529 ], [ -73.909766296835485, 40.770525641463038 ] ] ] } },
{ "type": "Feature", "properties": { "id": 1993, "left": 592008.4178000001, "top": 4512996.4247000003, "right": 592867.4178000001, "bottom": 4512137.4247000003, "row_index": 20, "col_index": 34, "sq_id": 1993 }, "geometry": { "type": "Polygon", "coordinates": [ [ [ -73.9098927441309, 40.762788653767529 ], [ -73.899717170186051, 40.762692080042818 ], [ -73.899844747640799, 40.754955107810439 ], [ -73.910019142303071, 40.755051655341603 ], [ -73.9098927441309, 40.762788653767529 ] ] ] } },
{ "type": "Feature", "properties": { "id": 1994, "left": 592008.4178000001, "top": 4512137.4247000003, "right": 592867.4178000001, "bottom": 4511278.4247000003, "row_index": 21, "col_index": 34, "sq_id": 1994 }, "geometry": { "type": "Polygon", "coordinates": [ [ [ -73.910019142303071, 40.755051655341603 ], [ -73.899844747640799, 40.754955107810439 ], [ -73.899972275536015, 40.747218124842199 ], [ -73.910145491373598, 40.747314646185799 ], [ -73.910019142303071, 40.755051655341603 ] ] ] } },
{ "type": "Feature", "properties": { "id": 1995, "left": 592008.4178000001, "top": 4511278.4247000003, "right": 592867.4178000001, "bottom": 4510419.4247000003, "row_index": 22, "col_index": 34, "sq_id": 1995 }, "geometry": { "type": "Polygon", "coordinates": [ [ [ -73.910145491373598, 40.747314646185799 ], [ -73.899972275536015, 40.747218124842199 ], [ -73.9000997538935, 40.739481131138632 ], [ -73.91027179136411, 40.739577626300701 ], [ -73.910145491373598, 40.747314646185799 ] ] ] } },
{ "type": "Feature", "properties": { "id": 1988, "left": 592008.4178000001, "top": 4517291.4247000003, "right": 592867.4178000001, "bottom": 4516432.4247000003, "row_index": 15, "col_index": 34, "sq_id": 1988 }, "geometry": { "type": "Polygon", "coordinates": [ [ [ -73.909260015987812, 40.801473484929524 ], [ -73.899078538754253, 40.801376780147024 ], [ -73.899206364334603, 40.793639861602429 ], [ -73.909386659992975, 40.793736540161355 ], [ -73.909260015987812, 40.801473484929524 ] ] ] } },
{ "type": "Feature", "properties": { "id": 1989, "left": 592008.4178000001, "top": 4516432.4247000003, "right": 592867.4178000001, "bottom": 4515573.4247000003, "row_index": 16, "col_index": 34, "sq_id": 1989 }, "geometry": { "type": "Polygon", "coordinates": [ [ [ -73.909386659992975, 40.793736540161355 ], [ -73.899206364334603, 40.793639861602429 ], [ -73.899334140246054, 40.785902932319154 ], [ -73.90951325478818, 40.785999584660509 ], [ -73.909386659992975, 40.793736540161355 ] ] ] } },
{ "type": "Feature", "properties": { "id": 1990, "left": 592008.4178000001, "top": 4515573.4247000003, "right": 592867.4178000001, "bottom": 4514714.4247000003, "row_index": 17, "col_index": 34, "sq_id": 1990 }, "geometry": { "type": "Polygon", "coordinates": [ [ [ -73.90951325478818, 40.785999584660509 ], [ -73.899334140246054, 40.785902932319154 ], [ -73.899461866510535, 40.778165992297751 ], [ -73.909639800395126, 40.778262618427547 ], [ -73.90951325478818, 40.785999584660509 ] ] ] } },
{ "type": "Feature", "properties": { "id": 1991, "left": 592008.4178000001, "top": 4514714.4247000003, "right": 592867.4178000001, "bottom": 4513855.4247000003, "row_index": 18, "col_index": 34, "sq_id": 1991 }, "geometry": { "type": "Polygon", "coordinates": [ [ [ -73.909639800395126, 40.778262618427547 ], [ -73.899461866510535, 40.778165992297751 ], [ -73.899589543149915, 40.770429041538783 ], [ -73.909766296835485, 40.770525641463038 ], [ -73.909639800395126, 40.778262618427547 ] ] ] } },
{ "type": "Feature", "properties": { "id": 1984, "left": 592008.4178000001, "top": 4520727.4247000003, "right": 592867.4178000001, "bottom": 4519868.4247000003, "row_index": 11, "col_index": 34, "sq_id": 1984 }, "geometry": { "type": "Polygon", "coordinates": [ [ [ -73.908752947433214, 40.83242115666431 ], [ -73.898566739305636, 40.83232434692728 ], [ -73.898694763780753, 40.824587471343058 ], [ -73.90887978849544, 40.824684254832412 ], [ -73.908752947433214, 40.83242115666431 ] ] ] } },
{ "type": "Feature", "properties": { "id": 1985, "left": 592008.4178000001, "top": 4519868.4247000003, "right": 592867.4178000001, "bottom": 4519009.4247000003, "row_index": 12, "col_index": 34, "sq_id": 1985 }, "geometry": { "type": "Polygon", "coordinates": [ [ [ -73.90887978849544, 40.824684254832412 ], [ -73.898694763780753, 40.824587471343058 ], [ -73.898822738499263, 40.816850585017882 ], [ -73.90900658026078, 40.816947342265607 ], [ -73.90887978849544, 40.824684254832412 ] ] ] } },
{ "type": "Feature", "properties": { "id": 1986, "left": 592008.4178000001, "top": 4519009.4247000003, "right": 592867.4178000001, "bottom": 4518150.4247000003, "row_index": 13, "col_index": 34, "sq_id": 1986 }, "geometry": { "type": "Polygon", "coordinates": [ [ [ -73.90900658026078, 40.816947342265607 ], [ -73.898822738499263, 40.816850585017882 ], [ -73.898950663483106, 40.809113687952369 ], [ -73.909133322750989, 40.809210418964469 ], [ -73.90900658026078, 40.816947342265607 ] ] ] } },
{ "type": "Feature", "properties": { "id": 1987, "left": 592008.4178000001, "top": 4518150.4247000003, "right": 592867.4178000001, "bottom": 4517291.4247000003, "row_index": 14, "col_index": 34, "sq_id": 1987 }, "geometry": { "type": "Polygon", "coordinates": [ [ [ -73.909133322750989, 40.809210418964469 ], [ -73.898950663483106, 40.809113687952369 ], [ -73.899078538754253, 40.801376780147024 ], [ -73.909260015987812, 40.801473484929524 ], [ -73.909133322750989, 40.809210418964469 ] ] ] } },
{ "type": "Feature", "properties": { "id": 2012, "left": 592008.4178000001, "top": 4496675.4247000003, "right": 592867.4178000001, "bottom": 4495816.4247000003, "row_index": 39, "col_index": 34, "sq_id": 2012 }, "geometry": { "type": "Polygon", "coordinates": [ [ [ -73.912285933921424, 40.615783849416601 ], [ -73.902132688237515, 40.615687772346433 ], [ -73.902259327779305, 40.607950596230197 ], [ -73.912411402846629, 40.608046647220256 ], [ -73.912285933921424, 40.615783849416601 ] ] ] } },
{ "type": "Feature", "properties": { "id": 2013, "left": 592008.4178000001, "top": 4495816.4247000003, "right": 592867.4178000001, "bottom": 4494957.4247000003, "row_index": 40, "col_index": 34, "sq_id": 2013 }, "geometry": { "type": "Polygon", "coordinates": [ [ [ -73.912411402846629, 40.608046647220256 ], [ -73.902259327779305, 40.607950596230197 ], [ -73.902385918173806, 40.600213409388957 ], [ -73.912536823078668, 40.600309434304876 ], [ -73.912411402846629, 40.608046647220256 ] ] ] } },
{ "type": "Feature", "properties": { "id": 2014, "left": 592008.4178000001, "top": 4494957.4247000003, "right": 592867.4178000001, "bottom": 4494098.4247000003, "row_index": 41, "col_index": 34, "sq_id": 2014 }, "geometry": { "type": "Polygon", "coordinates": [ [ [ -73.912536823078668, 40.600309434304876 ], [ -73.902385918173806, 40.600213409388957 ], [ -73.902512459442605, 40.59247621182331 ], [ -73.912662194638898, 40.592572210671008 ], [ -73.912536823078668, 40.600309434304876 ] ] ] } },
{ "type": "Feature", "properties": { "id": 2015, "left": 592008.4178000001, "top": 4494098.4247000003, "right": 592867.4178000001, "bottom": 4493239.4247000003, "row_index": 42, "col_index": 34, "sq_id": 2015 }, "geometry": { "type": "Polygon", "coordinates": [ [ [ -73.912662194638898, 40.592572210671008 ], [ -73.902512459442605, 40.59247621182331 ], [ -73.90263895160723, 40.584739003533848 ], [ -73.912787517548665, 40.584834976319264 ], [ -73.912662194638898, 40.592572210671008 ] ] ] } },
{ "type": "Feature", "properties": { "id": 2008, "left": 592008.4178000001, "top": 4500111.4247000003, "right": 592867.4178000001, "bottom": 4499252.4247000003, "row_index": 35, "col_index": 34, "sq_id": 2008 }, "geometry": { "type": "Polygon", "coordinates": [ [ [ -73.911783570861246, 40.646732551000056 ], [ -73.901625638165967, 40.646636369550059 ], [ -73.901752474512705, 40.638899236339526 ], [ -73.911909234773006, 40.63899539168564 ], [ -73.911783570861246, 40.646732551000056 ] ] ] } },
{ "type": "Feature", "properties": { "id": 2009, "left": 592008.4178000001, "top": 4499252.4247000003, "right": 592867.4178000001, "bottom": 4498393.4247000003, "row_index": 36, "col_index": 34, "sq_id": 2009 }, "geometry": { "type": "Polygon", "coordinates": [ [ [ -73.911909234773006, 40.63899539168564 ], [ -73.901752474512705, 40.638899236339526 ], [ -73.901879261625808, 40.631162092401688 ], [ -73.912034849906007, 40.631258221649873 ], [ -73.911909234773006, 40.63899539168564 ] ] ] } },
{ "type": "Feature", "properties": { "id": 2010, "left": 592008.4178000001, "top": 4498393.4247000003, "right": 592867.4178000001, "bottom": 4497534.4247000003, "row_index": 37, "col_index": 34, "sq_id": 2010 }, "geometry": { "type": "Polygon", "coordinates": [ [ [ -73.912034849906007, 40.631258221649873 ], [ -73.901879261625808, 40.631162092401688 ], [ -73.902005999526878, 40.623424937737141 ], [ -73.912160416281679, 40.62352104089333 ], [ -73.912034849906007, 40.631258221649873 ] ] ] } },
{ "type": "Feature", "properties": { "id": 2011, "left": 592008.4178000001, "top": 4497534.4247000003, "right": 592867.4178000001, "bottom": 4496675.4247000003, "row_index": 38, "col_index": 34, "sq_id": 2011 }, "geometry": { "type": "Polygon", "coordinates": [ [ [ -73.912160416281679, 40.62352104089333 ], [ -73.902005999526878, 40.623424937737141 ], [ -73.902132688237515, 40.615687772346433 ], [ -73.912285933921424, 40.615783849416601 ], [ -73.912160416281679, 40.62352104089333 ] ] ] } },
{ "type": "Feature", "properties": { "id": 2004, "left": 592008.4178000001, "top": 4503547.4247000003, "right": 592867.4178000001, "bottom": 4502688.4247000003, "row_index": 31, "col_index": 34, "sq_id": 2004 }, "geometry": { "type": "Polygon", "coordinates": [ [ [ -73.911280426998005, 40.677681081032915 ], [ -73.901117800009686, 40.677584795107776 ], [ -73.901244833507462, 40.669847704812163 ], [ -73.911406286239171, 40.669943964609573 ], [ -73.911280426998005, 40.677681081032915 ] ] ] } },
{ "type": "Feature", "properties": { "id": 2005, "left": 592008.4178000001, "top": 4502688.4247000003, "right": 592867.4178000001, "bottom": 4501829.4247000003, "row_index": 32, "col_index": 34, "sq_id": 2005 }, "geometry": { "type": "Polygon", "coordinates": [ [ [ -73.911406286239171, 40.669943964609573 ], [ -73.901244833507462, 40.669847704812163 ], [ -73.901371817684989, 40.662110603786964 ], [ -73.911532096615787, 40.662206837462605 ], [ -73.911406286239171, 40.669943964609573 ] ] ] } },
{ "type": "Feature", "properties": { "id": 2006, "left": 592008.4178000001, "top": 4501829.4247000003, "right": 592867.4178000001, "bottom": 4500970.4247000003, "row_index": 33, "col_index": 34, "sq_id": 2006 }, "geometry": { "type": "Polygon", "coordinates": [ [ [ -73.911532096615787, 40.662206837462605 ], [ -73.901371817684989, 40.662110603786964 ], [ -73.901498752563938, 40.654373492032732 ], [ -73.911657858149326, 40.654469699592568 ], [ -73.911532096615787, 40.662206837462605 ] ] ] } },
{ "type": "Feature", "properties": { "id": 2007, "left": 592008.4178000001, "top": 4500970.4247000003, "right": 592867.4178000001, "bottom": 4500111.4247000003, "row_index": 34, "col_index": 34, "sq_id": 2007 }, "geometry": { "type": "Polygon", "coordinates": [ [ [ -73.911657858149326, 40.654469699592568 ], [ -73.901498752563938, 40.654373492032732 ], [ -73.901625638165967, 40.646636369550059 ], [ -73.911783570861246, 40.646732551000056 ], [ -73.911657858149326, 40.654469699592568 ] ] ] } },
{ "type": "Feature", "properties": { "id": 2000, "left": 592008.4178000001, "top": 4506983.4247000003, "right": 592867.4178000001, "bottom": 4506124.4247000003, "row_index": 27, "col_index": 34, "sq_id": 2000 }, "geometry": { "type": "Polygon", "coordinates": [ [ [ -73.910776500958036, 40.708629439478585 ], [ -73.900609172382204, 40.708533048982837 ], [ -73.900736403377962, 40.700796001611316 ], [ -73.910902555872354, 40.700892365955461 ], [ -73.910776500958036, 40.708629439478585 ] ] ] } },
{ "type": "Feature", "properties": { "id": 2001, "left": 592008.4178000001, "top": 4506124.4247000003, "right": 592867.4178000001, "bottom": 4505265.4247000003, "row_index": 28, "col_index": 34, "sq_id": 2001 }, "geometry": { "type": "Polygon", "coordinates": [ [ [ -73.910902555872354, 40.700892365955461 ], [ -73.900736403377962, 40.700796001611316 ], [ -73.900863584966629, 40.693058943507921 ], [ -73.911028561836105, 40.693155281706424 ], [ -73.910902555872354, 40.700892365955461 ] ] ] } },
{ "type": "Feature", "properties": { "id": 2002, "left": 592008.4178000001, "top": 4505265.4247000003, "right": 592867.4178000001, "bottom": 4504406.4247000003, "row_index": 29, "col_index": 34, "sq_id": 2002 }, "geometry": { "type": "Polygon", "coordinates": [ [ [ -73.911028561836105, 40.693155281706424 ], [ -73.900863584966629, 40.693058943507921 ], [ -73.900990717169975, 40.685321874673214 ], [ -73.911154518870816, 40.685418186732065 ], [ -73.911028561836105, 40.693155281706424 ] ] ] } },
{ "type": "Feature", "properties": { "id": 2003, "left": 592008.4178000001, "top": 4504406.4247000003, "right": 592867.4178000001, "bottom": 4503547.4247000003, "row_index": 30, "col_index": 34, "sq_id": 2003 }, "geometry": { "type": "Polygon", "coordinates": [ [ [ -73.911154518870816, 40.685418186732065 ], [ -73.900990717169975, 40.685321874673214 ], [ -73.901117800009686, 40.677584795107776 ], [ -73.911280426998005, 40.677681081032915 ], [ -73.911154518870816, 40.685418186732065 ] ] ] } },
{ "type": "Feature", "properties": { "id": 1836, "left": 589431.4178000001, "top": 4498393.4247000003, "right": 590290.4178000001, "bottom": 4497534.4247000003, "row_index": 37, "col_index": 31, "sq_id": 1836 }, "geometry": { "type": "Polygon", "coordinates": [ [ [ -73.942501905471659, 40.631541252183808 ], [ -73.932346172283658, 40.631447801553257 ], [ -73.932469395544544, 40.623710569339586 ], [ -73.942623957143553, 40.623803994604977 ], [ -73.942501905471659, 40.631541252183808 ] ] ] } },
{ "type": "Feature", "properties": { "id": 1837, "left": 589431.4178000001, "top": 4497534.4247000003, "right": 590290.4178000001, "bottom": 4496675.4247000003, "row_index": 38, "col_index": 31, "sq_id": 1837 }, "geometry": { "type": "Polygon", "coordinates": [ [ [ -73.942623957143553, 40.623803994604977 ], [ -73.932469395544544, 40.623710569339586 ], [ -73.932592570978542, 40.615973326417418 ], [ -73.942745961443109, 40.61606672632346 ], [ -73.942623957143553, 40.623803994604977 ] ] ] } },
{ "type": "Feature", "properties": { "id": 1838, "left": 589431.4178000001, "top": 4496675.4247000003, "right": 590290.4178000001, "bottom": 4495816.4247000003, "row_index": 39, "col_index": 31, "sq_id": 1838 }, "geometry": { "type": "Polygon", "coordinates": [ [ [ -73.942745961443109, 40.61606672632346 ], [ -73.932592570978542, 40.615973326417418 ], [ -73.932715698606671, 40.608236072787378 ], [ -73.94286791839113, 40.60832944733982 ], [ -73.942745961443109, 40.61606672632346 ] ] ] } },
{ "type": "Feature", "properties": { "id": 1839, "left": 589431.4178000001, "top": 4495816.4247000003, "right": 590290.4178000001, "bottom": 4494957.4247000003, "row_index": 40, "col_index": 31, "sq_id": 1839 }, "geometry": { "type": "Polygon", "coordinates": [ [ [ -73.94286791839113, 40.60832944733982 ], [ -73.932715698606671, 40.608236072787378 ], [ -73.932838778449877, 40.60049880845002 ], [ -73.942989828008379, 40.600592157654638 ], [ -73.94286791839113, 40.60832944733982 ] ] ] } },
{ "type": "Feature", "properties": { "id": 1832, "left": 589431.4178000001, "top": 4501829.4247000003, "right": 590290.4178000001, "bottom": 4500970.4247000003, "row_index": 33, "col_index": 31, "sq_id": 1832 }, "geometry": { "type": "Polygon", "coordinates": [ [ [ -73.942013224644526, 40.662490175461009 ], [ -73.93185280055107, 40.66239662331197 ], [ -73.931976215329627, 40.654659433937823 ], [ -73.942135466013909, 40.654752960698545 ], [ -73.942013224644526, 40.662490175461009 ] ] ] } },
{ "type": "Feature", "properties": { "id": 1833, "left": 589431.4178000001, "top": 4500970.4247000003, "right": 590290.4178000001, "bottom": 4500111.4247000003, "row_index": 34, "col_index": 31, "sq_id": 1833 }, "geometry": { "type": "Polygon", "coordinates": [ [ [ -73.942135466013909, 40.654752960698545 ], [ -73.931976215329627, 40.654659433937823 ], [ -73.932099582197225, 40.646922233852948 ], [ -73.942257659927648, 40.647015735231165 ], [ -73.942135466013909, 40.654752960698545 ] ] ] } },
{ "type": "Feature", "properties": { "id": 1834, "left": 589431.4178000001, "top": 4500111.4247000003, "right": 590290.4178000001, "bottom": 4499252.4247000003, "row_index": 35, "col_index": 31, "sq_id": 1834 }, "geometry": { "type": "Polygon", "coordinates": [ [ [ -73.942257659927648, 40.647015735231165 ], [ -73.932099582197225, 40.646922233852948 ], [ -73.932222901174896, 40.639185023057905 ], [ -73.942379806406635, 40.639278499059387 ], [ -73.942257659927648, 40.647015735231165 ] ] ] } },
{ "type": "Feature", "properties": { "id": 1835, "left": 589431.4178000001, "top": 4499252.4247000003, "right": 590290.4178000001, "bottom": 4498393.4247000003, "row_index": 36, "col_index": 31, "sq_id": 1835 }, "geometry": { "type": "Polygon", "coordinates": [ [ [ -73.942379806406635, 40.639278499059387 ], [ -73.932222901174896, 40.639185023057905 ], [ -73.932346172283658, 40.631447801553257 ], [ -73.942501905471659, 40.631541252183808 ], [ -73.942379806406635, 40.639278499059387 ] ] ] } },
{ "type": "Feature", "properties": { "id": 1828, "left": 589431.4178000001, "top": 4505265.4247000003, "right": 590290.4178000001, "bottom": 4504406.4247000003, "row_index": 29, "col_index": 31, "sq_id": 1828 }, "geometry": { "type": "Polygon", "coordinates": [ [ [ -73.941523784193407, 40.693438927450138 ], [ -73.931358661905819, 40.6933452736899 ], [ -73.931482268538957, 40.685608127164343 ], [ -73.941646215594005, 40.685701755513072 ], [ -73.941523784193407, 40.693438927450138 ] ] ] } },
{ "type": "Feature", "properties": { "id": 1829, "left": 589431.4178000001, "top": 4504406.4247000003, "right": 590290.4178000001, "bottom": 4503547.4247000003, "row_index": 30, "col_index": 31, "sq_id": 1829 }, "geometry": { "type": "Polygon", "coordinates": [ [ [ -73.941646215594005, 40.685701755513072 ], [ -73.931482268538957, 40.685608127164343 ], [ -73.93160582717681, 40.677870969925806 ], [ -73.941768599455457, 40.677964572868817 ], [ -73.941646215594005, 40.685701755513072 ] ] ] } },
{ "type": "Feature", "properties": { "id": 1830, "left": 589431.4178000001, "top": 4503547.4247000003, "right": 590290.4178000001, "bottom": 4502688.4247000003, "row_index": 31, "col_index": 31, "sq_id": 1830 }, "geometry": { "type": "Polygon", "coordinates": [ [ [ -73.941768599455457, 40.677964572868817 ], [ -73.93160582717681, 40.677870969925806 ], [ -73.931729337840494, 40.670133801974821 ], [ -73.941890935798668, 40.670227379517947 ], [ -73.941768599455457, 40.677964572868817 ] ] ] } },
{ "type": "Feature", "properties": { "id": 1831, "left": 589431.4178000001, "top": 4502688.4247000003, "right": 590290.4178000001, "bottom": 4501829.4247000003, "row_index": 32, "col_index": 31, "sq_id": 1831 }, "geometry": { "type": "Polygon", "coordinates": [ [ [ -73.941890935798668, 40.670227379517947 ], [ -73.931729337840494, 40.670133801974821 ], [ -73.93185280055107, 40.66239662331197 ], [ -73.942013224644526, 40.662490175461009 ], [ -73.941890935798668, 40.670227379517947 ] ] ] } },
{ "type": "Feature", "properties": { "id": 1824, "left": 589431.4178000001, "top": 4508701.4247000003, "right": 590290.4178000001, "bottom": 4507842.4247000003, "row_index": 25, "col_index": 31, "sq_id": 1824 }, "geometry": { "type": "Polygon", "coordinates": [ [ [ -73.941033582781358, 40.724387508115328 ], [ -73.930863754998072, 40.724293752650958 ], [ -73.93098755382357, 40.716556648982994 ], [ -73.94115620454771, 40.716650379012613 ], [ -73.941033582781358, 40.724387508115328 ] ] ] } },
{ "type": "Feature", "properties": { "id": 1825, "left": 589431.4178000001, "top": 4507842.4247000003, "right": 590290.4178000001, "bottom": 4506983.4247000003, "row_index": 26, "col_index": 31, "sq_id": 1825 }, "geometry": { "type": "Polygon", "coordinates": [ [ [ -73.94115620454771, 40.716650379012613 ], [ -73.93098755382357, 40.716556648982994 ], [ -73.931111304569257, 40.70881953459979 ], [ -73.941278778691199, 40.708913239200477 ], [ -73.94115620454771, 40.716650379012613 ] ] ] } },
{ "type": "Feature", "properties": { "id": 1826, "left": 589431.4178000001, "top": 4506983.4247000003, "right": 590290.4178000001, "bottom": 4506124.4247000003, "row_index": 27, "col_index": 31, "sq_id": 1826 }, "geometry": { "type": "Polygon", "coordinates": [ [ [ -73.941278778691199, 40.708913239200477 ], [ -73.931111304569257, 40.70881953459979 ], [ -73.931235007256291, 40.701082409501907 ], [ -73.941401305232787, 40.70117608867946 ], [ -73.941278778691199, 40.708913239200477 ] ] ] } },
{ "type": "Feature", "properties": { "id": 1827, "left": 589431.4178000001, "top": 4506124.4247000003, "right": 590290.4178000001, "bottom": 4505265.4247000003, "row_index": 28, "col_index": 31, "sq_id": 1827 }, "geometry": { "type": "Polygon", "coordinates": [ [ [ -73.941401305232787, 40.70117608867946 ], [ -73.931235007256291, 40.701082409501907 ], [ -73.931358661905819, 40.6933452736899 ], [ -73.941523784193407, 40.693438927450138 ], [ -73.941401305232787, 40.70117608867946 ] ] ] } },
{ "type": "Feature", "properties": { "id": 1845, "left": 589431.4178000001, "top": 4490662.4247000003, "right": 590290.4178000001, "bottom": 4489803.4247000003, "row_index": 46, "col_index": 31, "sq_id": 1845 }, "geometry": { "type": "Polygon", "coordinates": [ [ [ -73.943598666859387, 40.561905548725342 ], [ -73.933453461625433, 40.561812326173261 ], [ -73.933576255198886, 40.554074997603948 ], [ -73.943720292927608, 40.554168194842788 ], [ -73.943598666859387, 40.561905548725342 ] ] ] } },
{ "type": "Feature", "properties": { "id": 1846, "left": 589431.4178000001, "top": 4489803.4247000003, "right": 590290.4178000001, "bottom": 4488944.4247000003, "row_index": 47, "col_index": 31, "sq_id": 1846 }, "geometry": { "type": "Polygon", "coordinates": [ [ [ -73.943720292927608, 40.554168194842788 ], [ -73.933576255198886, 40.554074997603948 ], [ -73.933699001133888, 40.546337658331296 ], [ -73.943841871810122, 40.546430830262686 ], [ -73.943720292927608, 40.554168194842788 ] ] ] } },
{ "type": "Feature", "properties": { "id": 1847, "left": 589431.4178000001, "top": 4488944.4247000003, "right": 590290.4178000001, "bottom": 4488085.4247000003, "row_index": 48, "col_index": 31, "sq_id": 1847 }, "geometry": { "type": "Polygon", "coordinates": [ [ [ -73.943841871810122, 40.546430830262686 ], [ -73.933699001133888, 40.546337658331296 ], [ -73.933821699451315, 40.538600308355896 ], [ -73.943963403527604, 40.538693454985562 ], [ -73.943841871810122, 40.546430830262686 ] ] ] } },
{ "type": "Feature", "properties": { "id": 1840, "left": 589431.4178000001, "top": 4494957.4247000003, "right": 590290.4178000001, "bottom": 4494098.4247000003, "row_index": 41, "col_index": 31, "sq_id": 1840 }, "geometry": { "type": "Polygon", "coordinates": [ [ [ -73.942989828008379, 40.600592157654638 ], [ -73.932838778449877, 40.60049880845002 ], [ -73.932961810529136, 40.592761533405898 ], [ -73.943111690315618, 40.592854857268478 ], [ -73.942989828008379, 40.600592157654638 ] ] ] } },
{ "type": "Feature", "properties": { "id": 1841, "left": 589431.4178000001, "top": 4494098.4247000003, "right": 590290.4178000001, "bottom": 4493239.4247000003, "row_index": 42, "col_index": 31, "sq_id": 1841 }, "geometry": { "type": "Polygon", "coordinates": [ [ [ -73.943111690315618, 40.592854857268478 ], [ -73.932961810529136, 40.592761533405898 ], [ -73.933084794865394, 40.585024247655589 ], [ -73.943233505333623, 40.585117546181898 ], [ -73.943111690315618, 40.592854857268478 ] ] ] } },
{ "type": "Feature", "properties": { "id": 1842, "left": 589431.4178000001, "top": 4493239.4247000003, "right": 590290.4178000001, "bottom": 4492380.4247000003, "row_index": 43, "col_index": 31, "sq_id": 1842 }, "geometry": { "type": "Polygon", "coordinates": [ [ [ -73.943233505333623, 40.585117546181898 ], [ -73.933084794865394, 40.585024247655589 ], [ -73.933207731479584, 40.57728695119966 ], [ -73.9433552730831, 40.577380224395455 ], [ -73.943233505333623, 40.585117546181898 ] ] ] } },
{ "type": "Feature", "properties": { "id": 1843, "left": 589431.4178000001, "top": 4492380.4247000003, "right": 590290.4178000001, "bottom": 4491521.4247000003, "row_index": 44, "col_index": 31, "sq_id": 1843 }, "geometry": { "type": "Polygon", "coordinates": [ [ [ -73.9433552730831, 40.577380224395455 ], [ -73.933207731479584, 40.57728695119966 ], [ -73.933330620392624, 40.569549644038695 ], [ -73.943476993584781, 40.569642891909751 ], [ -73.9433552730831, 40.577380224395455 ] ] ] } },
{ "type": "Feature", "properties": { "id": 1804, "left": 589431.4178000001, "top": 4525881.4247000003, "right": 590290.4178000001, "bottom": 4525022.4247000003, "row_index": 5, "col_index": 31, "sq_id": 1804 }, "geometry": { "type": "Polygon", "coordinates": [ [ [ -73.938571114270374, 40.879127840337361 ], [ -73.928377649034687, 40.879033574951762 ], [ -73.92850241391919, 40.871296685705389 ], [ -73.93869469291441, 40.871390925539259 ], [ -73.938571114270374, 40.879127840337361 ] ] ] } },
{ "type": "Feature", "properties": { "id": 1805, "left": 589431.4178000001, "top": 4525022.4247000003, "right": 590290.4178000001, "bottom": 4524163.4247000003, "row_index": 6, "col_index": 31, "sq_id": 1805 }, "geometry": { "type": "Polygon", "coordinates": [ [ [ -73.93869469291441, 40.871390925539259 ], [ -73.92850241391919, 40.871296685705389 ], [ -73.928627130297997, 40.86355978573269 ], [ -73.938818223513707, 40.863654000020723 ], [ -73.93869469291441, 40.871390925539259 ] ] ] } },
{ "type": "Feature", "properties": { "id": 1806, "left": 589431.4178000001, "top": 4524163.4247000003, "right": 590290.4178000001, "bottom": 4523304.4247000003, "row_index": 7, "col_index": 31, "sq_id": 1806 }, "geometry": { "type": "Polygon", "coordinates": [ [ [ -73.938818223513707, 40.863654000020723 ], [ -73.928627130297997, 40.86355978573269 ], [ -73.928751798192508, 40.855822875034214 ], [ -73.938941706089523, 40.855917063782279 ], [ -73.938818223513707, 40.863654000020723 ] ] ] } },
{ "type": "Feature", "properties": { "id": 1807, "left": 589431.4178000001, "top": 4523304.4247000003, "right": 590290.4178000001, "bottom": 4522445.4247000003, "row_index": 8, "col_index": 31, "sq_id": 1807 }, "geometry": { "type": "Polygon", "coordinates": [ [ [ -73.938941706089523, 40.855917063782279 ], [ -73.928751798192508, 40.855822875034214 ], [ -73.928876417624124, 40.848085953610514 ], [ -73.939065140663018, 40.848180116824494 ], [ -73.938941706089523, 40.855917063782279 ] ] ] } },
{ "type": "Feature", "properties": { "id": 1820, "left": 589431.4178000001, "top": 4512137.4247000003, "right": 590290.4178000001, "bottom": 4511278.4247000003, "row_index": 21, "col_index": 31, "sq_id": 1820 }, "geometry": { "type": "Polygon", "coordinates": [ [ [ -73.940542619067926, 40.755335917420844 ], [ -73.930368078474558, 40.755242060159219 ], [ -73.930492069831061, 40.747504999357808 ], [ -73.940665431535479, 40.747598831161397 ], [ -73.940542619067926, 40.755335917420844 ] ] ] } },
{ "type": "Feature", "properties": { "id": 1821, "left": 589431.4178000001, "top": 4511278.4247000003, "right": 590290.4178000001, "bottom": 4510419.4247000003, "row_index": 22, "col_index": 31, "sq_id": 1821 }, "geometry": { "type": "Polygon", "coordinates": [ [ [ -73.940665431535479, 40.747598831161397 ], [ -73.930492069831061, 40.747504999357808 ], [ -73.930616013023013, 40.739767927838926 ], [ -73.940788196296225, 40.739861734190278 ], [ -73.940665431535479, 40.747598831161397 ] ] ] } },
{ "type": "Feature", "properties": { "id": 1822, "left": 589431.4178000001, "top": 4510419.4247000003, "right": 590290.4178000001, "bottom": 4509560.4247000003, "row_index": 23, "col_index": 31, "sq_id": 1822 }, "geometry": { "type": "Polygon", "coordinates": [ [ [ -73.940788196296225, 40.739861734190278 ], [ -73.930616013023013, 40.739767927838926 ], [ -73.930739908071601, 40.73203084560312 ], [ -73.940910913371184, 40.732124626508067 ], [ -73.940788196296225, 40.739861734190278 ] ] ] } },
{ "type": "Feature", "properties": { "id": 1823, "left": 589431.4178000001, "top": 4509560.4247000003, "right": 590290.4178000001, "bottom": 4508701.4247000003, "row_index": 24, "col_index": 31, "sq_id": 1823 }, "geometry": { "type": "Polygon", "coordinates": [ [ [ -73.940910913371184, 40.732124626508067 ], [ -73.930739908071601, 40.73203084560312 ], [ -73.930863754998072, 40.724293752650958 ], [ -73.941033582781358, 40.724387508115328 ], [ -73.940910913371184, 40.732124626508067 ] ] ] } },
{ "type": "Feature", "properties": { "id": 1816, "left": 589431.4178000001, "top": 4515573.4247000003, "right": 590290.4178000001, "bottom": 4514714.4247000003, "row_index": 17, "col_index": 31, "sq_id": 1816 }, "geometry": { "type": "Polygon", "coordinates": [ [ [ -73.940050891709205, 40.786284155331103 ], [ -73.929871630978511, 40.786190196178929 ], [ -73.92999581520553, 40.778453178252988 ], [ -73.940173895214258, 40.778547111923785 ], [ -73.940050891709205, 40.786284155331103 ] ] ] } },
{ "type": "Feature", "properties": { "id": 1817, "left": 589431.4178000001, "top": 4514714.4247000003, "right": 590290.4178000001, "bottom": 4513855.4247000003, "row_index": 18, "col_index": 31, "sq_id": 1817 }, "geometry": { "type": "Polygon", "coordinates": [ [ [ -73.940173895214258, 40.778547111923785 ], [ -73.92999581520553, 40.778453178252988 ], [ -73.930119951183045, 40.77071614960736 ], [ -73.940296850928348, 40.770810057802592 ], [ -73.940173895214258, 40.778547111923785 ] ] ] } },
{ "type": "Feature", "properties": { "id": 1818, "left": 589431.4178000001, "top": 4513855.4247000003, "right": 590290.4178000001, "bottom": 4512996.4247000003, "row_index": 19, "col_index": 31, "sq_id": 1818 }, "geometry": { "type": "Polygon", "coordinates": [ [ [ -73.940296850928348, 40.770810057802592 ], [ -73.930119951183045, 40.77071614960736 ], [ -73.930244038932301, 40.76297911024259 ], [ -73.940419758872551, 40.763072992968098 ], [ -73.940296850928348, 40.770810057802592 ] ] ] } },
{ "type": "Feature", "properties": { "id": 1819, "left": 589431.4178000001, "top": 4512996.4247000003, "right": 590290.4178000001, "bottom": 4512137.4247000003, "row_index": 20, "col_index": 31, "sq_id": 1819 }, "geometry": { "type": "Polygon", "coordinates": [ [ [ -73.940419758872551, 40.763072992968098 ], [ -73.930244038932301, 40.76297911024259 ], [ -73.930368078474558, 40.755242060159219 ], [ -73.940542619067926, 40.755335917420844 ], [ -73.940419758872551, 40.763072992968098 ] ] ] } },
{ "type": "Feature", "properties": { "id": 1812, "left": 589431.4178000001, "top": 4519009.4247000003, "right": 590290.4178000001, "bottom": 4518150.4247000003, "row_index": 13, "col_index": 31, "sq_id": 1812 }, "geometry": { "type": "Polygon", "coordinates": [ [ [ -73.93955839935785, 40.81723222181072 ], [ -73.929374411149624, 40.817138160674475 ], [ -73.92949878858758, 40.809401185632922 ], [ -73.93968159423757, 40.809495221264378 ], [ -73.93955839935785, 40.81723222181072 ] ] ] } },
{ "type": "Feature", "properties": { "id": 1813, "left": 589431.4178000001, "top": 4518150.4247000003, "right": 590290.4178000001, "bottom": 4517291.4247000003, "row_index": 14, "col_index": 31, "sq_id": 1813 }, "geometry": { "type": "Polygon", "coordinates": [ [ [ -73.93968159423757, 40.809495221264378 ], [ -73.92949878858758, 40.809401185632922 ], [ -73.929623117690824, 40.801664199869435 ], [ -73.939804741241971, 40.801758210001957 ], [ -73.93968159423757, 40.809495221264378 ] ] ] } },
{ "type": "Feature", "properties": { "id": 1814, "left": 589431.4178000001, "top": 4517291.4247000003, "right": 590290.4178000001, "bottom": 4516432.4247000003, "row_index": 15, "col_index": 31, "sq_id": 1814 }, "geometry": { "type": "Polygon", "coordinates": [ [ [ -73.939804741241971, 40.801758210001957 ], [ -73.929623117690824, 40.801664199869435 ], [ -73.9297473984807, 40.793927203384584 ], [ -73.93992784039213, 40.794021188024018 ], [ -73.939804741241971, 40.801758210001957 ] ] ] } },
{ "type": "Feature", "properties": { "id": 1815, "left": 589431.4178000001, "top": 4516432.4247000003, "right": 590290.4178000001, "bottom": 4515573.4247000003, "row_index": 16, "col_index": 31, "sq_id": 1815 }, "geometry": { "type": "Polygon", "coordinates": [ [ [ -73.93992784039213, 40.794021188024018 ], [ -73.9297473984807, 40.793927203384584 ], [ -73.929871630978511, 40.786190196178929 ], [ -73.940050891709205, 40.786284155331103 ], [ -73.93992784039213, 40.794021188024018 ] ] ] } },
{ "type": "Feature", "properties": { "id": 1808, "left": 589431.4178000001, "top": 4522445.4247000003, "right": 590290.4178000001, "bottom": 4521586.4247000003, "row_index": 9, "col_index": 31, "sq_id": 1808 }, "geometry": { "type": "Polygon", "coordinates": [ [ [ -73.939065140663018, 40.848180116824494 ], [ -73.928876417624124, 40.848085953610514 ], [ -73.929000988614277, 40.840349021462146 ], [ -73.939188527255439, 40.840443159147895 ], [ -73.939065140663018, 40.848180116824494 ] ] ] } },
{ "type": "Feature", "properties": { "id": 1809, "left": 589431.4178000001, "top": 4521586.4247000003, "right": 590290.4178000001, "bottom": 4520727.4247000003, "row_index": 10, "col_index": 31, "sq_id": 1809 }, "geometry": { "type": "Polygon", "coordinates": [ [ [ -73.939188527255439, 40.840443159147895 ], [ -73.929000988614277, 40.840349021462146 ], [ -73.929125511184324, 40.832612078589648 ], [ -73.939311865887944, 40.832706190753044 ], [ -73.939188527255439, 40.840443159147895 ] ] ] } },
{ "type": "Feature", "properties": { "id": 1810, "left": 589431.4178000001, "top": 4520727.4247000003, "right": 590290.4178000001, "bottom": 4519868.4247000003, "row_index": 11, "col_index": 31, "sq_id": 1810 }, "geometry": { "type": "Polygon", "coordinates": [ [ [ -73.939311865887944, 40.832706190753044 ], [ -73.929125511184324, 40.832612078589648 ], [ -73.929249985355668, 40.824875124993589 ], [ -73.939435156581695, 40.824969211640472 ], [ -73.939311865887944, 40.832706190753044 ] ] ] } },
{ "type": "Feature", "properties": { "id": 1811, "left": 589431.4178000001, "top": 4519868.4247000003, "right": 590290.4178000001, "bottom": 4519009.4247000003, "row_index": 12, "col_index": 31, "sq_id": 1811 }, "geometry": { "type": "Polygon", "coordinates": [ [ [ -73.939435156581695, 40.824969211640472 ], [ -73.929249985355668, 40.824875124993589 ], [ -73.929374411149624, 40.817138160674475 ], [ -73.93955839935785, 40.81723222181072 ], [ -73.939435156581695, 40.824969211640472 ] ] ] } },
{ "type": "Feature", "properties": { "id": 1900, "left": 590290.4178000001, "top": 4493239.4247000003, "right": 591149.4178000001, "bottom": 4492380.4247000003, "row_index": 43, "col_index": 32, "sq_id": 1900 }, "geometry": { "type": "Polygon", "coordinates": [ [ [ -73.933084794865394, 40.585024247655589 ], [ -73.922936132119219, 40.584930057697306 ], [ -73.923060237577204, 40.577192786813825 ], [ -73.933207731479584, 40.57728695119966 ], [ -73.933084794865394, 40.585024247655589 ] ] ] } },
{ "type": "Feature", "properties": { "id": 1901, "left": 590290.4178000001, "top": 4492380.4247000003, "right": 591149.4178000001, "bottom": 4491521.4247000003, "row_index": 44, "col_index": 32, "sq_id": 1901 }, "geometry": { "type": "Polygon", "coordinates": [ [ [ -73.933207731479584, 40.57728695119966 ], [ -73.923060237577204, 40.577192786813825 ], [ -73.923184294880699, 40.569455505219501 ], [ -73.933330620392624, 40.569549644038695 ], [ -73.933207731479584, 40.57728695119966 ] ] ] } },
{ "type": "Feature", "properties": { "id": 1902, "left": 590290.4178000001, "top": 4491521.4247000003, "right": 591149.4178000001, "bottom": 4490662.4247000003, "row_index": 45, "col_index": 32, "sq_id": 1902 }, "geometry": { "type": "Polygon", "coordinates": [ [ [ -73.933330620392624, 40.569549644038695 ], [ -73.923184294880699, 40.569455505219501 ], [ -73.923308304050806, 40.561718212914897 ], [ -73.933453461625433, 40.561812326173261 ], [ -73.933330620392624, 40.569549644038695 ] ] ] } },
{ "type": "Feature", "properties": { "id": 1903, "left": 590290.4178000001, "top": 4490662.4247000003, "right": 591149.4178000001, "bottom": 4489803.4247000003, "row_index": 46, "col_index": 32, "sq_id": 1903 }, "geometry": { "type": "Polygon", "coordinates": [ [ [ -73.933453461625433, 40.561812326173261 ], [ -73.923308304050806, 40.561718212914897 ], [ -73.923432265108644, 40.553980909900588 ], [ -73.933576255198886, 40.554074997603948 ], [ -73.933453461625433, 40.561812326173261 ] ] ] } },
{ "type": "Feature", "properties": { "id": 1896, "left": 590290.4178000001, "top": 4496675.4247000003, "right": 591149.4178000001, "bottom": 4495816.4247000003, "row_index": 39, "col_index": 32, "sq_id": 1896 }, "geometry": { "type": "Polygon", "coordinates": [ [ [ -73.932592570978542, 40.615973326417418 ], [ -73.922439228319874, 40.615879034111053 ], [ -73.922563526607121, 40.60814180607678 ], [ -73.932715698606671, 40.608236072787378 ], [ -73.932592570978542, 40.615973326417418 ] ] ] } },
{ "type": "Feature", "properties": { "id": 1897, "left": 590290.4178000001, "top": 4495816.4247000003, "right": 591149.4178000001, "bottom": 4494957.4247000003, "row_index": 40, "col_index": 32, "sq_id": 1897 }, "geometry": { "type": "Polygon", "coordinates": [ [ [ -73.932715698606671, 40.608236072787378 ], [ -73.922563526607121, 40.60814180607678 ], [ -73.922687776655337, 40.600404567329342 ], [ -73.932838778449877, 40.60049880845002 ], [ -73.932715698606671, 40.608236072787378 ] ] ] } },
{ "type": "Feature", "properties": { "id": 1898, "left": 590290.4178000001, "top": 4494957.4247000003, "right": 591149.4178000001, "bottom": 4494098.4247000003, "row_index": 41, "col_index": 32, "sq_id": 1898 }, "geometry": { "type": "Polygon", "coordinates": [ [ [ -73.932838778449877, 40.60049880845002 ], [ -73.922687776655337, 40.600404567329342 ], [ -73.922811978485655, 40.592667317869335 ], [ -73.932961810529136, 40.592761533405898 ], [ -73.932838778449877, 40.60049880845002 ] ] ] } },
{ "type": "Feature", "properties": { "id": 1899, "left": 590290.4178000001, "top": 4494098.4247000003, "right": 591149.4178000001, "bottom": 4493239.4247000003, "row_index": 42, "col_index": 32, "sq_id": 1899 }, "geometry": { "type": "Polygon", "coordinates": [ [ [ -73.932961810529136, 40.592761533405898 ], [ -73.922811978485655, 40.592667317869335 ], [ -73.922936132119219, 40.584930057697306 ], [ -73.933084794865394, 40.585024247655589 ], [ -73.932961810529136, 40.592761533405898 ] ] ] } },
{ "type": "Feature", "properties": { "id": 1892, "left": 590290.4178000001, "top": 4500111.4247000003, "right": 591149.4178000001, "bottom": 4499252.4247000003, "row_index": 35, "col_index": 32, "sq_id": 1892 }, "geometry": { "type": "Polygon", "coordinates": [ [ [ -73.932099582197225, 40.646922233852948 ], [ -73.921941552356714, 40.646827839105157 ], [ -73.922066043812038, 40.639090653929223 ], [ -73.932222901174896, 40.639185023057905 ], [ -73.932099582197225, 40.646922233852948 ] ] ] } },
{ "type": "Feature", "properties": { "id": 1893, "left": 590290.4178000001, "top": 4499252.4247000003, "right": 591149.4178000001, "bottom": 4498393.4247000003, "row_index": 36, "col_index": 32, "sq_id": 1893 }, "geometry": { "type": "Polygon", "coordinates": [ [ [ -73.932222901174896, 40.639185023057905 ], [ -73.922066043812038, 40.639090653929223 ], [ -73.922190486943521, 40.631353458037864 ], [ -73.932346172283658, 40.631447801553257 ], [ -73.932222901174896, 40.639185023057905 ] ] ] } },
{ "type": "Feature", "properties": { "id": 1894, "left": 590290.4178000001, "top": 4498393.4247000003, "right": 591149.4178000001, "bottom": 4497534.4247000003, "row_index": 37, "col_index": 32, "sq_id": 1894 }, "geometry": { "type": "Polygon", "coordinates": [ [ [ -73.932346172283658, 40.631447801553257 ], [ -73.922190486943521, 40.631353458037864 ], [ -73.922314881772408, 40.623616251431613 ], [ -73.932469395544544, 40.623710569339586 ], [ -73.932346172283658, 40.631447801553257 ] ] ] } },
{ "type": "Feature", "properties": { "id": 1895, "left": 590290.4178000001, "top": 4497534.4247000003, "right": 591149.4178000001, "bottom": 4496675.4247000003, "row_index": 38, "col_index": 32, "sq_id": 1895 }, "geometry": { "type": "Polygon", "coordinates": [ [ [ -73.932469395544544, 40.623710569339586 ], [ -73.922314881772408, 40.623616251431613 ], [ -73.922439228319874, 40.615879034111053 ], [ -73.932592570978542, 40.615973326417418 ], [ -73.932469395544544, 40.623710569339586 ] ] ] } },
{ "type": "Feature", "properties": { "id": 1888, "left": 590290.4178000001, "top": 4503547.4247000003, "right": 591149.4178000001, "bottom": 4502688.4247000003, "row_index": 31, "col_index": 32, "sq_id": 1888 }, "geometry": { "type": "Polygon", "coordinates": [ [ [ -73.93160582717681, 40.677870969925806 ], [ -73.92144310287236, 40.67777647264306 ], [ -73.921567787835414, 40.670039330334603 ], [ -73.931729337840494, 40.670133801974821 ], [ -73.93160582717681, 40.677870969925806 ] ] ] } },
{ "type": "Feature", "properties": { "id": 1889, "left": 590290.4178000001, "top": 4502688.4247000003, "right": 591149.4178000001, "bottom": 4501829.4247000003, "row_index": 32, "col_index": 32, "sq_id": 1889 }, "geometry": { "type": "Polygon", "coordinates": [ [ [ -73.931729337840494, 40.670133801974821 ], [ -73.921567787835414, 40.670039330334603 ], [ -73.921692424389647, 40.662302177308419 ], [ -73.93185280055107, 40.66239662331197 ], [ -73.931729337840494, 40.670133801974821 ] ] ] } },
{ "type": "Feature", "properties": { "id": 1890, "left": 590290.4178000001, "top": 4501829.4247000003, "right": 591149.4178000001, "bottom": 4500970.4247000003, "row_index": 33, "col_index": 32, "sq_id": 1890 }, "geometry": { "type": "Polygon", "coordinates": [ [ [ -73.93185280055107, 40.66239662331197 ], [ -73.921692424389647, 40.662302177308419 ], [ -73.921817012556332, 40.654565013565076 ], [ -73.931976215329627, 40.654659433937823 ], [ -73.93185280055107, 40.66239662331197 ] ] ] } },
{ "type": "Feature", "properties": { "id": 1891, "left": 590290.4178000001, "top": 4500970.4247000003, "right": 591149.4178000001, "bottom": 4500111.4247000003, "row_index": 34, "col_index": 32, "sq_id": 1891 }, "geometry": { "type": "Polygon", "coordinates": [ [ [ -73.931976215329627, 40.654659433937823 ], [ -73.921817012556332, 40.654565013565076 ], [ -73.921941552356714, 40.646827839105157 ], [ -73.932099582197225, 40.646922233852948 ], [ -73.931976215329627, 40.654659433937823 ] ] ] } },
{ "type": "Feature", "properties": { "id": 1916, "left": 591149.4178000001, "top": 4529317.4247000003, "right": 592008.4178000001, "bottom": 4528458.4247000003, "row_index": 1, "col_index": 33, "sq_id": 1916 }, "geometry": { "type": "Polygon", "coordinates": [ [ [ -73.917679937811883, 40.909885755367874 ], [ -73.907481820688375, 40.90978958444105 ], [ -73.907609155918578, 40.902052789988772 ], [ -73.917806084998801, 40.90214893485178 ], [ -73.917679937811883, 40.909885755367874 ] ] ] } },
{ "type": "Feature", "properties": { "id": 1917, "left": 591149.4178000001, "top": 4528458.4247000003, "right": 592008.4178000001, "bottom": 4527599.4247000003, "row_index": 2, "col_index": 33, "sq_id": 1917 }, "geometry": { "type": "Polygon", "coordinates": [ [ [ -73.917806084998801, 40.90214893485178 ], [ -73.907609155918578, 40.902052789988772 ], [ -73.907736441633659, 40.89431598479603 ], [ -73.917932183132365, 40.894412103601226 ], [ -73.917806084998801, 40.90214893485178 ] ] ] } },
{ "type": "Feature", "properties": { "id": 1918, "left": 591149.4178000001, "top": 4527599.4247000003, "right": 592008.4178000001, "bottom": 4526740.4247000003, "row_index": 3, "col_index": 33, "sq_id": 1918 }, "geometry": { "type": "Polygon", "coordinates": [ [ [ -73.917932183132365, 40.894412103601226 ], [ -73.907736441633659, 40.89431598479603 ], [ -73.907863677855488, 40.886579168863399 ], [ -73.918058232234259, 40.886675261616773 ], [ -73.917932183132365, 40.894412103601226 ] ] ] } },
{ "type": "Feature", "properties": { "id": 1919, "left": 591149.4178000001, "top": 4526740.4247000003, "right": 592008.4178000001, "bottom": 4525881.4247000003, "row_index": 4, "col_index": 33, "sq_id": 1919 }, "geometry": { "type": "Polygon", "coordinates": [ [ [ -73.918058232234259, 40.886675261616773 ], [ -73.907863677855488, 40.886579168863399 ], [ -73.907990864605949, 40.878842342191426 ], [ -73.918184232326155, 40.878938408898975 ], [ -73.918058232234259, 40.886675261616773 ] ] ] } },
{ "type": "Feature", "properties": { "id": 1915, "left": 591149.4178000001, "top": 4530176.4247000003, "right": 592008.4178000001, "bottom": 4529317.4247000003, "row_index": 0, "col_index": 33, "sq_id": 1915 }, "geometry": { "type": "Polygon", "coordinates": [ [ [ -73.917553741549909, 40.917622565148989 ], [ -73.907354435921121, 40.917526368152338 ], [ -73.907481820688375, 40.90978958444105 ], [ -73.917679937811883, 40.909885755367874 ], [ -73.917553741549909, 40.917622565148989 ] ] ] } },
{ "type": "Feature", "properties": { "id": 1904, "left": 590290.4178000001, "top": 4489803.4247000003, "right": 591149.4178000001, "bottom": 4488944.4247000003, "row_index": 47, "col_index": 32, "sq_id": 1904 }, "geometry": { "type": "Polygon", "coordinates": [ [ [ -73.933576255198886, 40.554074997603948 ], [ -73.923432265108644, 40.553980909900588 ], [ -73.923556178075273, 40.546243596177142 ], [ -73.933699001133888, 40.546337658331296 ], [ -73.933576255198886, 40.554074997603948 ] ] ] } },
{ "type": "Feature", "properties": { "id": 1905, "left": 590290.4178000001, "top": 4488944.4247000003, "right": 591149.4178000001, "bottom": 4488085.4247000003, "row_index": 48, "col_index": 32, "sq_id": 1905 }, "geometry": { "type": "Polygon", "coordinates": [ [ [ -73.933699001133888, 40.546337658331296 ], [ -73.923556178075273, 40.546243596177142 ], [ -73.923680042971768, 40.538506271745142 ], [ -73.933821699451315, 40.538600308355896 ], [ -73.933699001133888, 40.546337658331296 ] ] ] } },
{ "type": "Feature", "properties": { "id": 1868, "left": 590290.4178000001, "top": 4520727.4247000003, "right": 591149.4178000001, "bottom": 4519868.4247000003, "row_index": 11, "col_index": 32, "sq_id": 1868 }, "geometry": { "type": "Polygon", "coordinates": [ [ [ -73.929125511184324, 40.832612078589648 ], [ -73.918939204879436, 40.832517067222604 ], [ -73.919064862506985, 40.824780139386768 ], [ -73.929249985355668, 40.824875124993589 ], [ -73.929125511184324, 40.832612078589648 ] ] ] } },
{ "type": "Feature", "properties": { "id": 1869, "left": 590290.4178000001, "top": 4519868.4247000003, "right": 591149.4178000001, "bottom": 4519009.4247000003, "row_index": 12, "col_index": 32, "sq_id": 1869 }, "geometry": { "type": "Polygon", "coordinates": [ [ [ -73.929249985355668, 40.824875124993589 ], [ -73.919064862506985, 40.824780139386768 ], [ -73.919190471297412, 40.817043200821985 ], [ -73.929374411149624, 40.817138160674475 ], [ -73.929249985355668, 40.824875124993589 ] ] ] } },
{ "type": "Feature", "properties": { "id": 1870, "left": 590290.4178000001, "top": 4519009.4247000003, "right": 591149.4178000001, "bottom": 4518150.4247000003, "row_index": 13, "col_index": 32, "sq_id": 1870 }, "geometry": { "type": "Polygon", "coordinates": [ [ [ -73.929374411149624, 40.817138160674475 ], [ -73.919190471297412, 40.817043200821985 ], [ -73.91931603127226, 40.809306251528817 ], [ -73.92949878858758, 40.809401185632922 ], [ -73.929374411149624, 40.817138160674475 ] ] ] } },
{ "type": "Feature", "properties": { "id": 1871, "left": 590290.4178000001, "top": 4518150.4247000003, "right": 591149.4178000001, "bottom": 4517291.4247000003, "row_index": 14, "col_index": 32, "sq_id": 1871 }, "geometry": { "type": "Polygon", "coordinates": [ [ [ -73.92949878858758, 40.809401185632922 ], [ -73.91931603127226, 40.809306251528817 ], [ -73.919441542453058, 40.801569291507832 ], [ -73.929623117690824, 40.801664199869435 ], [ -73.92949878858758, 40.809401185632922 ] ] ] } },
{ "type": "Feature", "properties": { "id": 1864, "left": 590290.4178000001, "top": 4524163.4247000003, "right": 591149.4178000001, "bottom": 4523304.4247000003, "row_index": 7, "col_index": 32, "sq_id": 1864 }, "geometry": { "type": "Polygon", "coordinates": [ [ [ -73.928627130297997, 40.86355978573269 ], [ -73.918436085566555, 40.863464671265525 ], [ -73.918561938758359, 40.855727786350961 ], [ -73.928751798192508, 40.855822875034214 ], [ -73.928627130297997, 40.86355978573269 ] ] ] } },
{ "type": "Feature", "properties": { "id": 1865, "left": 590290.4178000001, "top": 4523304.4247000003, "right": 591149.4178000001, "bottom": 4522445.4247000003, "row_index": 8, "col_index": 32, "sq_id": 1865 }, "geometry": { "type": "Polygon", "coordinates": [ [ [ -73.928751798192508, 40.855822875034214 ], [ -73.918561938758359, 40.855727786350961 ], [ -73.918687743026695, 40.847990890705255 ], [ -73.928876417624124, 40.848085953610514 ], [ -73.928751798192508, 40.855822875034214 ] ] ] } },
{ "type": "Feature", "properties": { "id": 1866, "left": 590290.4178000001, "top": 4522445.4247000003, "right": 591149.4178000001, "bottom": 4521586.4247000003, "row_index": 9, "col_index": 32, "sq_id": 1866 }, "geometry": { "type": "Polygon", "coordinates": [ [ [ -73.928876417624124, 40.848085953610514 ], [ -73.918687743026695, 40.847990890705255 ], [ -73.918813498393192, 40.84025398432896 ], [ -73.929000988614277, 40.840349021462146 ], [ -73.928876417624124, 40.848085953610514 ] ] ] } },
{ "type": "Feature", "properties": { "id": 1867, "left": 590290.4178000001, "top": 4521586.4247000003, "right": 591149.4178000001, "bottom": 4520727.4247000003, "row_index": 10, "col_index": 32, "sq_id": 1867 }, "geometry": { "type": "Polygon", "coordinates": [ [ [ -73.929000988614277, 40.840349021462146 ], [ -73.918813498393192, 40.84025398432896 ], [ -73.918939204879436, 40.832517067222604 ], [ -73.929125511184324, 40.832612078589648 ], [ -73.929000988614277, 40.840349021462146 ] ] ] } },
{ "type": "Feature", "properties": { "id": 1860, "left": 590290.4178000001, "top": 4527599.4247000003, "right": 591149.4178000001, "bottom": 4526740.4247000003, "row_index": 3, "col_index": 32, "sq_id": 1860 }, "geometry": { "type": "Polygon", "coordinates": [ [ [ -73.92812797366274, 40.894507321263383 ], [ -73.917932183132365, 40.894412103601226 ], [ -73.918058232234259, 40.886675261616773 ], [ -73.928252835623013, 40.886770453471286 ], [ -73.92812797366274, 40.894507321263383 ] ] ] } },
{ "type": "Feature", "properties": { "id": 1861, "left": 590290.4178000001, "top": 4526740.4247000003, "right": 591149.4178000001, "bottom": 4525881.4247000003, "row_index": 4, "col_index": 32, "sq_id": 1861 }, "geometry": { "type": "Polygon", "coordinates": [ [ [ -73.928252835623013, 40.886770453471286 ], [ -73.918058232234259, 40.886675261616773 ], [ -73.918184232326155, 40.878938408898975 ], [ -73.928377649034687, 40.879033574951762 ], [ -73.928252835623013, 40.886770453471286 ] ] ] } },
{ "type": "Feature", "properties": { "id": 1862, "left": 590290.4178000001, "top": 4525881.4247000003, "right": 591149.4178000001, "bottom": 4525022.4247000003, "row_index": 5, "col_index": 32, "sq_id": 1862 }, "geometry": { "type": "Polygon", "coordinates": [ [ [ -73.928377649034687, 40.879033574951762 ], [ -73.918184232326155, 40.878938408898975 ], [ -73.91831018342971, 40.871201545448379 ], [ -73.92850241391919, 40.871296685705389 ], [ -73.928377649034687, 40.879033574951762 ] ] ] } },
{ "type": "Feature", "properties": { "id": 1863, "left": 590290.4178000001, "top": 4525022.4247000003, "right": 591149.4178000001, "bottom": 4524163.4247000003, "row_index": 6, "col_index": 32, "sq_id": 1863 }, "geometry": { "type": "Polygon", "coordinates": [ [ [ -73.92850241391919, 40.871296685705389 ], [ -73.91831018342971, 40.871201545448379 ], [ -73.918436085566555, 40.863464671265525 ], [ -73.928627130297997, 40.86355978573269 ], [ -73.92850241391919, 40.871296685705389 ] ] ] } },
{ "type": "Feature", "properties": { "id": 1884, "left": 590290.4178000001, "top": 4506983.4247000003, "right": 591149.4178000001, "bottom": 4506124.4247000003, "row_index": 27, "col_index": 32, "sq_id": 1884 }, "geometry": { "type": "Polygon", "coordinates": [ [ [ -73.931111304569257, 40.70881953459979 ], [ -73.920943878505952, 40.708724934688391 ], [ -73.9210687573173, 40.700987835256463 ], [ -73.931235007256291, 40.701082409501907 ], [ -73.931111304569257, 40.70881953459979 ] ] ] } },
{ "type": "Feature", "properties": { "id": 1885, "left": 590290.4178000001, "top": 4506124.4247000003, "right": 591149.4178000001, "bottom": 4505265.4247000003, "row_index": 28, "col_index": 32, "sq_id": 1885 }, "geometry": { "type": "Polygon", "coordinates": [ [ [ -73.931235007256291, 40.701082409501907 ], [ -73.9210687573173, 40.700987835256463 ], [ -73.921193587634605, 40.693250725104548 ], [ -73.931358661905819, 40.6933452736899 ], [ -73.931235007256291, 40.701082409501907 ] ] ] } },
{ "type": "Feature", "properties": { "id": 1886, "left": 590290.4178000001, "top": 4505265.4247000003, "right": 591149.4178000001, "bottom": 4504406.4247000003, "row_index": 29, "col_index": 32, "sq_id": 1886 }, "geometry": { "type": "Polygon", "coordinates": [ [ [ -73.931358661905819, 40.6933452736899 ], [ -73.921193587634605, 40.693250725104548 ], [ -73.921318369479181, 40.685513604233236 ], [ -73.931482268538957, 40.685608127164343 ], [ -73.931358661905819, 40.6933452736899 ] ] ] } },
{ "type": "Feature", "properties": { "id": 1887, "left": 590290.4178000001, "top": 4504406.4247000003, "right": 591149.4178000001, "bottom": 4503547.4247000003, "row_index": 30, "col_index": 32, "sq_id": 1887 }, "geometry": { "type": "Polygon", "coordinates": [ [ [ -73.931482268538957, 40.685608127164343 ], [ -73.921318369479181, 40.685513604233236 ], [ -73.92144310287236, 40.67777647264306 ], [ -73.93160582717681, 40.677870969925806 ], [ -73.931482268538957, 40.685608127164343 ] ] ] } },
{ "type": "Feature", "properties": { "id": 1880, "left": 590290.4178000001, "top": 4510419.4247000003, "right": 591149.4178000001, "bottom": 4509560.4247000003, "row_index": 23, "col_index": 32, "sq_id": 1880 }, "geometry": { "type": "Polygon", "coordinates": [ [ [ -73.930616013023013, 40.739767927838926 ], [ -73.920443877893121, 40.73967322520496 ], [ -73.920568950894179, 40.731936168658599 ], [ -73.930739908071601, 40.73203084560312 ], [ -73.930616013023013, 40.739767927838926 ] ] ] } },
{ "type": "Feature", "properties": { "id": 1881, "left": 590290.4178000001, "top": 4509560.4247000003, "right": 591149.4178000001, "bottom": 4508701.4247000003, "row_index": 24, "col_index": 32, "sq_id": 1881 }, "geometry": { "type": "Polygon", "coordinates": [ [ [ -73.930739908071601, 40.73203084560312 ], [ -73.920568950894179, 40.731936168658599 ], [ -73.920693975315743, 40.72419910139002 ], [ -73.930863754998072, 40.724293752650958 ], [ -73.930739908071601, 40.73203084560312 ] ] ] } },
{ "type": "Feature", "properties": { "id": 1882, "left": 590290.4178000001, "top": 4508701.4247000003, "right": 591149.4178000001, "bottom": 4507842.4247000003, "row_index": 25, "col_index": 32, "sq_id": 1882 }, "geometry": { "type": "Polygon", "coordinates": [ [ [ -73.930863754998072, 40.724293752650958 ], [ -73.920693975315743, 40.72419910139002 ], [ -73.920818951179214, 40.716462023399764 ], [ -73.93098755382357, 40.716556648982994 ], [ -73.930863754998072, 40.724293752650958 ] ] ] } },
{ "type": "Feature", "properties": { "id": 1883, "left": 590290.4178000001, "top": 4507842.4247000003, "right": 591149.4178000001, "bottom": 4506983.4247000003, "row_index": 26, "col_index": 32, "sq_id": 1883 }, "geometry": { "type": "Polygon", "coordinates": [ [ [ -73.93098755382357, 40.716556648982994 ], [ -73.920818951179214, 40.716462023399764 ], [ -73.920943878505952, 40.708724934688391 ], [ -73.931111304569257, 40.70881953459979 ], [ -73.93098755382357, 40.716556648982994 ] ] ] } },
{ "type": "Feature", "properties": { "id": 1876, "left": 590290.4178000001, "top": 4513855.4247000003, "right": 591149.4178000001, "bottom": 4512996.4247000003, "row_index": 19, "col_index": 32, "sq_id": 1876 }, "geometry": { "type": "Polygon", "coordinates": [ [ [ -73.930119951183045, 40.77071614960736 ], [ -73.919943099665957, 40.770621344156716 ], [ -73.920068367199036, 40.762884330504939 ], [ -73.930244038932301, 40.76297911024259 ], [ -73.930119951183045, 40.77071614960736 ] ] ] } },
{ "type": "Feature", "properties": { "id": 1877, "left": 590290.4178000001, "top": 4512996.4247000003, "right": 591149.4178000001, "bottom": 4512137.4247000003, "row_index": 20, "col_index": 32, "sq_id": 1877 }, "geometry": { "type": "Polygon", "coordinates": [ [ [ -73.930244038932301, 40.76297911024259 ], [ -73.920068367199036, 40.762884330504939 ], [ -73.920193586066958, 40.755147306128684 ], [ -73.930368078474558, 40.755242060159219 ], [ -73.930244038932301, 40.76297911024259 ] ] ] } },
{ "type": "Feature", "properties": { "id": 1878, "left": 590290.4178000001, "top": 4512137.4247000003, "right": 591149.4178000001, "bottom": 4511278.4247000003, "row_index": 21, "col_index": 32, "sq_id": 1878 }, "geometry": { "type": "Polygon", "coordinates": [ [ [ -73.930368078474558, 40.755242060159219 ], [ -73.920193586066958, 40.755147306128684 ], [ -73.920318756291195, 40.7474102710285 ], [ -73.930492069831061, 40.747504999357808 ], [ -73.930368078474558, 40.755242060159219 ] ] ] } },
{ "type": "Feature", "properties": { "id": 1879, "left": 590290.4178000001, "top": 4511278.4247000003, "right": 591149.4178000001, "bottom": 4510419.4247000003, "row_index": 22, "col_index": 32, "sq_id": 1879 }, "geometry": { "type": "Polygon", "coordinates": [ [ [ -73.930492069831061, 40.747504999357808 ], [ -73.920318756291195, 40.7474102710285 ], [ -73.920443877893121, 40.73967322520496 ], [ -73.930616013023013, 40.739767927838926 ], [ -73.930492069831061, 40.747504999357808 ] ] ] } },
{ "type": "Feature", "properties": { "id": 1872, "left": 590290.4178000001, "top": 4517291.4247000003, "right": 591149.4178000001, "bottom": 4516432.4247000003, "row_index": 15, "col_index": 32, "sq_id": 1872 }, "geometry": { "type": "Polygon", "coordinates": [ [ [ -73.929623117690824, 40.801664199869435 ], [ -73.919441542453058, 40.801569291507832 ], [ -73.919567004861321, 40.79383232075957 ], [ -73.9297473984807, 40.793927203384584 ], [ -73.929623117690824, 40.801664199869435 ] ] ] } },
{ "type": "Feature", "properties": { "id": 1873, "left": 590290.4178000001, "top": 4516432.4247000003, "right": 591149.4178000001, "bottom": 4515573.4247000003, "row_index": 16, "col_index": 32, "sq_id": 1873 }, "geometry": { "type": "Polygon", "coordinates": [ [ [ -73.9297473984807, 40.793927203384584 ], [ -73.919567004861321, 40.79383232075957 ], [ -73.919692418518579, 40.786095339284593 ], [ -73.929871630978511, 40.786190196178929 ], [ -73.9297473984807, 40.793927203384584 ] ] ] } },
{ "type": "Feature", "properties": { "id": 1874, "left": 590290.4178000001, "top": 4515573.4247000003, "right": 591149.4178000001, "bottom": 4514714.4247000003, "row_index": 17, "col_index": 32, "sq_id": 1874 }, "geometry": { "type": "Polygon", "coordinates": [ [ [ -73.929871630978511, 40.786190196178929 ], [ -73.919692418518579, 40.786095339284593 ], [ -73.919817783446305, 40.778358347083461 ], [ -73.92999581520553, 40.778453178252988 ], [ -73.929871630978511, 40.786190196178929 ] ] ] } },
{ "type": "Feature", "properties": { "id": 1875, "left": 590290.4178000001, "top": 4514714.4247000003, "right": 591149.4178000001, "bottom": 4513855.4247000003, "row_index": 18, "col_index": 32, "sq_id": 1875 }, "geometry": { "type": "Polygon", "coordinates": [ [ [ -73.92999581520553, 40.778453178252988 ], [ -73.919817783446305, 40.778358347083461 ], [ -73.919943099665957, 40.770621344156716 ], [ -73.930119951183045, 40.77071614960736 ], [ -73.92999581520553, 40.778453178252988 ] ] ] } },
{ "type": "Feature", "properties": { "id": 1201, "left": 579982.4178000001, "top": 4495816.4247000003, "right": 580841.4178000001, "bottom": 4494957.4247000003, "row_index": 40, "col_index": 20, "sq_id": 1201 }, "geometry": { "type": "Polygon", "coordinates": [ [ [ -74.054545359928653, 40.609297681589254 ], [ -74.044392644486805, 40.609214121552206 ], [ -74.044502850735356, 40.601476591706486 ], [ -74.05465439573382, 40.601560129059344 ], [ -74.054545359928653, 40.609297681589254 ] ] ] } },
{ "type": "Feature", "properties": { "id": 1202, "left": 579982.4178000001, "top": 4494957.4247000003, "right": 580841.4178000001, "bottom": 4494098.4247000003, "row_index": 41, "col_index": 20, "sq_id": 1202 }, "geometry": { "type": "Polygon", "coordinates": [ [ [ -74.05465439573382, 40.601560129059344 ], [ -74.044502850735356, 40.601476591706486 ], [ -74.044613014214107, 40.593739051214463 ], [ -74.054763389223268, 40.593822565888317 ], [ -74.05465439573382, 40.601560129059344 ] ] ] } },
{ "type": "Feature", "properties": { "id": 1256, "left": 580841.4178000001, "top": 4498393.4247000003, "right": 581700.4178000001, "bottom": 4497534.4247000003, "row_index": 37, "col_index": 21, "sq_id": 1256 }, "geometry": { "type": "Polygon", "coordinates": [ [ [ -74.044061768934498, 40.632426647206287 ], [ -74.033905582280866, 40.63234212607351 ], [ -74.034017088739574, 40.624604651111916 ], [ -74.044172103605149, 40.624689149302661 ], [ -74.044061768934498, 40.632426647206287 ] ] ] } },
{ "type": "Feature", "properties": { "id": 1257, "left": 580841.4178000001, "top": 4497534.4247000003, "right": 581700.4178000001, "bottom": 4496675.4247000003, "row_index": 38, "col_index": 21, "sq_id": 1257 }, "geometry": { "type": "Polygon", "coordinates": [ [ [ -74.044172103605149, 40.624689149302661 ], [ -74.034017088739574, 40.624604651111916 ], [ -74.034128551917462, 40.616867165497183 ], [ -74.044282395449656, 40.616951640751111 ], [ -74.044172103605149, 40.624689149302661 ] ] ] } },
{ "type": "Feature", "properties": { "id": 1258, "left": 580841.4178000001, "top": 4496675.4247000003, "right": 581700.4178000001, "bottom": 4495816.4247000003, "row_index": 39, "col_index": 21, "sq_id": 1258 }, "geometry": { "type": "Polygon", "coordinates": [ [ [ -74.044282395449656, 40.616951640751111 ], [ -74.034128551917462, 40.616867165497183 ], [ -74.0342399718335, 40.609129669229866 ], [ -74.044392644486805, 40.609214121552206 ], [ -74.044282395449656, 40.616951640751111 ] ] ] } },
{ "type": "Feature", "properties": { "id": 1259, "left": 580841.4178000001, "top": 4495816.4247000003, "right": 581700.4178000001, "bottom": 4494957.4247000003, "row_index": 40, "col_index": 21, "sq_id": 1259 }, "geometry": { "type": "Polygon", "coordinates": [ [ [ -74.044392644486805, 40.609214121552206 ], [ -74.0342399718335, 40.609129669229866 ], [ -74.034351348506704, 40.601392162310489 ], [ -74.044502850735356, 40.601476591706486 ], [ -74.044392644486805, 40.609214121552206 ] ] ] } },
{ "type": "Feature", "properties": { "id": 1254, "left": 580841.4178000001, "top": 4500111.4247000003, "right": 581700.4178000001, "bottom": 4499252.4247000003, "row_index": 35, "col_index": 21, "sq_id": 1254 }, "geometry": { "type": "Polygon", "coordinates": [ [ [ -74.043840971039472, 40.647901611067681 ], [ -74.033682439444917, 40.647817044035129 ], [ -74.033794032522337, 40.640079590381426 ], [ -74.043951391418886, 40.640164134461472 ], [ -74.043840971039472, 40.647901611067681 ] ] ] } },
{ "type": "Feature", "properties": { "id": 1255, "left": 580841.4178000001, "top": 4499252.4247000003, "right": 581700.4178000001, "bottom": 4498393.4247000003, "row_index": 36, "col_index": 21, "sq_id": 1255 }, "geometry": { "type": "Polygon", "coordinates": [ [ [ -74.043951391418886, 40.640164134461472 ], [ -74.033794032522337, 40.640079590381426 ], [ -74.033905582280866, 40.63234212607351 ], [ -74.044061768934498, 40.632426647206287 ], [ -74.043951391418886, 40.640164134461472 ] ] ] } },
{ "type": "Feature", "properties": { "id": 1084, "left": 578264.4178000001, "top": 4496675.4247000003, "right": 579123.4178000001, "bottom": 4495816.4247000003, "row_index": 39, "col_index": 18, "sq_id": 1084 }, "geometry": { "type": "Polygon", "coordinates": [ [ [ -74.074744181072433, 40.617199711304352 ], [ -74.06459021048164, 40.617117913665503 ], [ -74.064698117704808, 40.609380349330131 ], [ -74.074850917360948, 40.609462124764107 ], [ -74.074744181072433, 40.617199711304352 ] ] ] } },
{ "type": "Feature", "properties": { "id": 1085, "left": 578264.4178000001, "top": 4495816.4247000003, "right": 579123.4178000001, "bottom": 4494957.4247000003, "row_index": 40, "col_index": 18, "sq_id": 1085 }, "geometry": { "type": "Polygon", "coordinates": [ [ [ -74.074850917360948, 40.609462124764107 ], [ -74.064698117704808, 40.609380349330131 ], [ -74.064805983047989, 40.601642774358218 ], [ -74.074957612223798, 40.601724527592367 ], [ -74.074850917360948, 40.609462124764107 ] ] ] } },
{ "type": "Feature", "properties": { "id": 1086, "left": 578264.4178000001, "top": 4494957.4247000003, "right": 579123.4178000001, "bottom": 4494098.4247000003, "row_index": 41, "col_index": 18, "sq_id": 1086 }, "geometry": { "type": "Polygon", "coordinates": [ [ [ -74.074957612223798, 40.601724527592367 ], [ -74.064805983047989, 40.601642774358218 ], [ -74.064913806529574, 40.593905188750291 ], [ -74.075064265679131, 40.593986919789678 ], [ -74.074957612223798, 40.601724527592367 ] ] ] } },
{ "type": "Feature", "properties": { "id": 1087, "left": 578264.4178000001, "top": 4494098.4247000003, "right": 579123.4178000001, "bottom": 4493239.4247000003, "row_index": 42, "col_index": 18, "sq_id": 1087 }, "geometry": { "type": "Polygon", "coordinates": [ [ [ -74.075064265679131, 40.593986919789678 ], [ -74.064913806529574, 40.593905188750291 ], [ -74.06502158816788, 40.586167592506889 ], [ -74.075170877745123, 40.58624930135656 ], [ -74.075064265679131, 40.593986919789678 ] ] ] } },
{ "type": "Feature", "properties": { "id": 1080, "left": 578264.4178000001, "top": 4500111.4247000003, "right": 579123.4178000001, "bottom": 4499252.4247000003, "row_index": 35, "col_index": 18, "sq_id": 1080 }, "geometry": { "type": "Polygon", "coordinates": [ [ [ -74.074316821297643, 40.648149951139899 ], [ -74.064158162421123, 40.648068064630898 ], [ -74.064266237348235, 40.640330542847032 ], [ -74.074423723470872, 40.640412407130903 ], [ -74.074316821297643, 40.648149951139899 ] ] ] } },
{ "type": "Feature", "properties": { "id": 1081, "left": 578264.4178000001, "top": 4499252.4247000003, "right": 579123.4178000001, "bottom": 4498393.4247000003, "row_index": 36, "col_index": 18, "sq_id": 1081 }, "geometry": { "type": "Polygon", "coordinates": [ [ [ -74.074423723470872, 40.640412407130903 ], [ -74.064266237348235, 40.640330542847032 ], [ -74.06437427032175, 40.632593010424486 ], [ -74.074530584145592, 40.6326748524883 ], [ -74.074423723470872, 40.640412407130903 ] ] ] } },
{ "type": "Feature", "properties": { "id": 1082, "left": 578264.4178000001, "top": 4498393.4247000003, "right": 579123.4178000001, "bottom": 4497534.4247000003, "row_index": 37, "col_index": 18, "sq_id": 1082 }, "geometry": { "type": "Polygon", "coordinates": [ [ [ -74.074530584145592, 40.6326748524883 ], [ -74.06437427032175, 40.632593010424486 ], [ -74.06448226136007, 40.624855467363815 ], [ -74.074637403340049, 40.624937287212603 ], [ -74.074530584145592, 40.6326748524883 ] ] ] } },
{ "type": "Feature", "properties": { "id": 1083, "left": 578264.4178000001, "top": 4497534.4247000003, "right": 579123.4178000001, "bottom": 4496675.4247000003, "row_index": 38, "col_index": 18, "sq_id": 1083 }, "geometry": { "type": "Polygon", "coordinates": [ [ [ -74.074637403340049, 40.624937287212603 ], [ -74.06448226136007, 40.624855467363815 ], [ -74.06459021048164, 40.617117913665503 ], [ -74.074744181072433, 40.617199711304352 ], [ -74.074637403340049, 40.624937287212603 ] ] ] } },
{ "type": "Feature", "properties": { "id": 1032, "left": 577405.4178000001, "top": 4491521.4247000003, "right": 578264.4178000001, "bottom": 4490662.4247000003, "row_index": 45, "col_index": 17, "sq_id": 1032 }, "geometry": { "type": "Polygon", "coordinates": [ [ [ -74.085530970910142, 40.57085480597943 ], [ -74.075383977781684, 40.570774032601193 ], [ -74.075490465788505, 40.563036382280018 ], [ -74.085636290687077, 40.563117133725591 ], [ -74.085530970910142, 40.57085480597943 ] ] ] } },
{ "type": "Feature", "properties": { "id": 1028, "left": 577405.4178000001, "top": 4494957.4247000003, "right": 578264.4178000001, "bottom": 4494098.4247000003, "row_index": 41, "col_index": 17, "sq_id": 1028 }, "geometry": { "type": "Polygon", "coordinates": [ [ [ -74.085109282807096, 40.60180538875116 ], [ -74.074957612223798, 40.601724527592367 ], [ -74.075064265679131, 40.593986919789678 ], [ -74.085214766218044, 40.594067758995834 ], [ -74.085109282807096, 40.60180538875116 ] ] ] } },
{ "type": "Feature", "properties": { "id": 1029, "left": 577405.4178000001, "top": 4494098.4247000003, "right": 578264.4178000001, "bottom": 4493239.4247000003, "row_index": 42, "col_index": 17, "sq_id": 1029 }, "geometry": { "type": "Polygon", "coordinates": [ [ [ -74.085214766218044, 40.594067758995834 ], [ -74.075064265679131, 40.593986919789678 ], [ -74.075170877745123, 40.58624930135656 ], [ -74.08532020869356, 40.586330118615081 ], [ -74.085214766218044, 40.594067758995834 ] ] ] } },
{ "type": "Feature", "properties": { "id": 1030, "left": 577405.4178000001, "top": 4493239.4247000003, "right": 578264.4178000001, "bottom": 4492380.4247000003, "row_index": 43, "col_index": 17, "sq_id": 1030 }, "geometry": { "type": "Polygon", "coordinates": [ [ [ -74.08532020869356, 40.586330118615081 ], [ -74.075170877745123, 40.58624930135656 ], [ -74.075277448439934, 40.578511672293544 ], [ -74.085425610251619, 40.578592467609433 ], [ -74.08532020869356, 40.586330118615081 ] ] ] } },
{ "type": "Feature", "properties": { "id": 1031, "left": 577405.4178000001, "top": 4492380.4247000003, "right": 578264.4178000001, "bottom": 4491521.4247000003, "row_index": 44, "col_index": 17, "sq_id": 1031 }, "geometry": { "type": "Polygon", "coordinates": [ [ [ -74.085425610251619, 40.578592467609433 ], [ -74.075277448439934, 40.578511672293544 ], [ -74.075383977781684, 40.570774032601193 ], [ -74.085530970910142, 40.57085480597943 ], [ -74.085425610251619, 40.578592467609433 ] ] ] } },
{ "type": "Feature", "properties": { "id": 1024, "left": 577405.4178000001, "top": 4498393.4247000003, "right": 578264.4178000001, "bottom": 4497534.4247000003, "row_index": 37, "col_index": 17, "sq_id": 1024 }, "geometry": { "type": "Polygon", "coordinates": [ [ [ -74.084686939449696, 40.632755801507656 ], [ -74.074530584145592, 40.6326748524883 ], [ -74.074637403340049, 40.624937287212603 ], [ -74.084792586782058, 40.625018214259313 ], [ -74.084686939449696, 40.632755801507656 ] ] ] } },
{ "type": "Feature", "properties": { "id": 1025, "left": 577405.4178000001, "top": 4497534.4247000003, "right": 578264.4178000001, "bottom": 4496675.4247000003, "row_index": 38, "col_index": 17, "sq_id": 1025 }, "geometry": { "type": "Polygon", "coordinates": [ [ [ -74.084792586782058, 40.625018214259313 ], [ -74.074637403340049, 40.624937287212603 ], [ -74.074744181072433, 40.617199711304352 ], [ -74.08489819310708, 40.617280616383425 ], [ -74.084792586782058, 40.625018214259313 ] ] ] } },
{ "type": "Feature", "properties": { "id": 1026, "left": 577405.4178000001, "top": 4496675.4247000003, "right": 578264.4178000001, "bottom": 4495816.4247000003, "row_index": 39, "col_index": 17, "sq_id": 1026 }, "geometry": { "type": "Polygon", "coordinates": [ [ [ -74.08489819310708, 40.617280616383425 ], [ -74.074744181072433, 40.617199711304352 ], [ -74.074850917360948, 40.609462124764107 ], [ -74.085003758442781, 40.609543007880532 ], [ -74.08489819310708, 40.617280616383425 ] ] ] } },
{ "type": "Feature", "properties": { "id": 1027, "left": 577405.4178000001, "top": 4495816.4247000003, "right": 578264.4178000001, "bottom": 4494957.4247000003, "row_index": 40, "col_index": 17, "sq_id": 1027 }, "geometry": { "type": "Polygon", "coordinates": [ [ [ -74.085003758442781, 40.609543007880532 ], [ -74.074850917360948, 40.609462124764107 ], [ -74.074957612223798, 40.601724527592367 ], [ -74.085109282807096, 40.60180538875116 ], [ -74.085003758442781, 40.609543007880532 ] ] ] } },
{ "type": "Feature", "properties": { "id": 3096, "left": 608329.4178000001, "top": 4512137.4247000003, "right": 609188.4178000001, "bottom": 4511278.4247000003, "row_index": 21, "col_index": 53, "sq_id": 3096 }, "geometry": { "type": "Polygon", "coordinates": [ [ [ -73.71671456204939, 40.75306392392946 ], [ -73.706541187304879, 40.752950340785844 ], [ -73.706691108492734, 40.74521390157345 ], [ -73.716863304861675, 40.745327453910612 ], [ -73.71671456204939, 40.75306392392946 ] ] ] } },
{ "type": "Feature", "properties": { "id": 3097, "left": 608329.4178000001, "top": 4511278.4247000003, "right": 609188.4178000001, "bottom": 4510419.4247000003, "row_index": 22, "col_index": 53, "sq_id": 3097 }, "geometry": { "type": "Polygon", "coordinates": [ [ [ -73.716863304861675, 40.745327453910612 ], [ -73.706691108492734, 40.74521390157345 ], [ -73.706840971449154, 40.73747745150127 ], [ -73.717011989899945, 40.73759097303904 ], [ -73.716863304861675, 40.745327453910612 ] ] ] } },
{ "type": "Feature", "properties": { "id": 3098, "left": 608329.4178000001, "top": 4510419.4247000003, "right": 609188.4178000001, "bottom": 4509560.4247000003, "row_index": 23, "col_index": 53, "sq_id": 3098 }, "geometry": { "type": "Polygon", "coordinates": [ [ [ -73.717011989899945, 40.73759097303904 ], [ -73.706840971449154, 40.73747745150127 ], [ -73.706990776199802, 40.729740990569951 ], [ -73.717160617189663, 40.729854481315364 ], [ -73.717011989899945, 40.73759097303904 ] ] ] } },
{ "type": "Feature", "properties": { "id": 3099, "left": 608329.4178000001, "top": 4509560.4247000003, "right": 609188.4178000001, "bottom": 4508701.4247000003, "row_index": 24, "col_index": 53, "sq_id": 3099 }, "geometry": { "type": "Polygon", "coordinates": [ [ [ -73.717160617189663, 40.729854481315364 ], [ -73.706990776199802, 40.729740990569951 ], [ -73.707140522770274, 40.722004518780132 ], [ -73.717309186756239, 40.722117978740236 ], [ -73.717160617189663, 40.729854481315364 ] ] ] } },
{ "type": "Feature", "properties": { "id": 3094, "left": 608329.4178000001, "top": 4513855.4247000003, "right": 609188.4178000001, "bottom": 4512996.4247000003, "row_index": 19, "col_index": 53, "sq_id": 3094 }, "geometry": { "type": "Polygon", "coordinates": [ [ [ -73.716416903001061, 40.768536831406514 ], [ -73.70624117013233, 40.768423186628816 ], [ -73.706391207859966, 40.760686769137848 ], [ -73.716565761437693, 40.760800383094974 ], [ -73.716416903001061, 40.768536831406514 ] ] ] } },
{ "type": "Feature", "properties": { "id": 3095, "left": 608329.4178000001, "top": 4512996.4247000003, "right": 609188.4178000001, "bottom": 4512137.4247000003, "row_index": 20, "col_index": 53, "sq_id": 3095 }, "geometry": { "type": "Polygon", "coordinates": [ [ [ -73.716565761437693, 40.760800383094974 ], [ -73.706391207859966, 40.760686769137848 ], [ -73.706541187304879, 40.752950340785844 ], [ -73.71671456204939, 40.75306392392946 ], [ -73.716565761437693, 40.760800383094974 ] ] ] } },
{ "type": "Feature", "properties": { "id": 1144, "left": 579123.4178000001, "top": 4494957.4247000003, "right": 579982.4178000001, "bottom": 4494098.4247000003, "row_index": 41, "col_index": 19, "sq_id": 1144 }, "geometry": { "type": "Polygon", "coordinates": [ [ [ -74.064805983047989, 40.601642774358218 ], [ -74.05465439573382, 40.601560129059344 ], [ -74.054763389223268, 40.593822565888317 ], [ -74.064913806529574, 40.593905188750291 ], [ -74.064805983047989, 40.601642774358218 ] ] ] } },
{ "type": "Feature", "properties": { "id": 1145, "left": 579123.4178000001, "top": 4494098.4247000003, "right": 579982.4178000001, "bottom": 4493239.4247000003, "row_index": 42, "col_index": 19, "sq_id": 1145 }, "geometry": { "type": "Polygon", "coordinates": [ [ [ -74.064913806529574, 40.593905188750291 ], [ -74.054763389223268, 40.593822565888317 ], [ -74.054872340415557, 40.586084992076692 ], [ -74.06502158816788, 40.586167592506889 ], [ -74.064913806529574, 40.593905188750291 ] ] ] } },
{ "type": "Feature", "properties": { "id": 1141, "left": 579123.4178000001, "top": 4497534.4247000003, "right": 579982.4178000001, "bottom": 4496675.4247000003, "row_index": 38, "col_index": 19, "sq_id": 1141 }, "geometry": { "type": "Polygon", "coordinates": [ [ [ -74.06448226136007, 40.624855467363815 ], [ -74.054327161296882, 40.624772754723573 ], [ -74.054436281789208, 40.617035223477508 ], [ -74.06459021048164, 40.617117913665503 ], [ -74.06448226136007, 40.624855467363815 ] ] ] } },
{ "type": "Feature", "properties": { "id": 1142, "left": 579123.4178000001, "top": 4496675.4247000003, "right": 579982.4178000001, "bottom": 4495816.4247000003, "row_index": 39, "col_index": 19, "sq_id": 1142 }, "geometry": { "type": "Polygon", "coordinates": [ [ [ -74.06459021048164, 40.617117913665503 ], [ -74.054436281789208, 40.617035223477508 ], [ -74.054545359928653, 40.609297681589254 ], [ -74.064698117704808, 40.609380349330131 ], [ -74.06459021048164, 40.617117913665503 ] ] ] } },
{ "type": "Feature", "properties": { "id": 1143, "left": 579123.4178000001, "top": 4495816.4247000003, "right": 579982.4178000001, "bottom": 4494957.4247000003, "row_index": 40, "col_index": 19, "sq_id": 1143 }, "geometry": { "type": "Polygon", "coordinates": [ [ [ -74.064698117704808, 40.609380349330131 ], [ -74.054545359928653, 40.609297681589254 ], [ -74.05465439573382, 40.601560129059344 ], [ -74.064805983047989, 40.601642774358218 ], [ -74.064698117704808, 40.609380349330131 ] ] ] } },
{ "type": "Feature", "properties": { "id": 1088, "left": 578264.4178000001, "top": 4493239.4247000003, "right": 579123.4178000001, "bottom": 4492380.4247000003, "row_index": 43, "col_index": 18, "sq_id": 1088 }, "geometry": { "type": "Polygon", "coordinates": [ [ [ -74.075170877745123, 40.58624930135656 ], [ -74.06502158816788, 40.586167592506889 ], [ -74.06512932798131, 40.578429985628546 ], [ -74.075277448439934, 40.578511672293544 ], [ -74.075170877745123, 40.58624930135656 ] ] ] } },
{ "type": "Feature", "properties": { "id": 1089, "left": 578264.4178000001, "top": 4492380.4247000003, "right": 579123.4178000001, "bottom": 4491521.4247000003, "row_index": 44, "col_index": 18, "sq_id": 1089 }, "geometry": { "type": "Polygon", "coordinates": [ [ [ -74.075277448439934, 40.578511672293544 ], [ -74.06512932798131, 40.578429985628546 ], [ -74.065237025988139, 40.5706923681158 ], [ -74.075383977781684, 40.570774032601193 ], [ -74.075277448439934, 40.578511672293544 ] ] ] } },
{ "type": "Feature", "properties": { "id": 3156, "left": 609188.4178000001, "top": 4510419.4247000003, "right": 610047.4178000001, "bottom": 4509560.4247000003, "row_index": 23, "col_index": 54, "sq_id": 3156 }, "geometry": { "type": "Polygon", "coordinates": [ [ [ -73.706840971449154, 40.73747745150127 ], [ -73.696670011204134, 40.73736303397942 ], [ -73.696820993390091, 40.729626604083379 ], [ -73.706990776199802, 40.729740990569951 ], [ -73.706840971449154, 40.73747745150127 ] ] ] } },
{ "type": "Feature", "properties": { "id": 3157, "left": 609188.4178000001, "top": 4509560.4247000003, "right": 610047.4178000001, "bottom": 4508701.4247000003, "row_index": 24, "col_index": 54, "sq_id": 3157 }, "geometry": { "type": "Polygon", "coordinates": [ [ [ -73.706990776199802, 40.729740990569951 ], [ -73.696820993390091, 40.729626604083379 ], [ -73.696971916938878, 40.721890163321746 ], [ -73.707140522770274, 40.722004518780132 ], [ -73.706990776199802, 40.729740990569951 ] ] ] } },
{ "type": "Feature", "properties": { "id": 3153, "left": 609188.4178000001, "top": 4512996.4247000003, "right": 610047.4178000001, "bottom": 4512137.4247000003, "row_index": 20, "col_index": 54, "sq_id": 3153 }, "geometry": { "type": "Polygon", "coordinates": [ [ [ -73.706391207859966, 40.760686769137848 ], [ -73.69621671256499, 40.760572258467512 ], [ -73.696367870817426, 40.752835861172123 ], [ -73.706541187304879, 40.752950340785844 ], [ -73.706391207859966, 40.760686769137848 ] ] ] } },
{ "type": "Feature", "properties": { "id": 3154, "left": 609188.4178000001, "top": 4512137.4247000003, "right": 610047.4178000001, "bottom": 4511278.4247000003, "row_index": 21, "col_index": 54, "sq_id": 3154 }, "geometry": { "type": "Polygon", "coordinates": [ [ [ -73.706541187304879, 40.752950340785844 ], [ -73.696367870817426, 40.752835861172123 ], [ -73.696518970355186, 40.74509945300921 ], [ -73.706691108492734, 40.74521390157345 ], [ -73.706541187304879, 40.752950340785844 ] ] ] } },
{ "type": "Feature", "properties": { "id": 3155, "left": 609188.4178000001, "top": 4511278.4247000003, "right": 610047.4178000001, "bottom": 4510419.4247000003, "row_index": 22, "col_index": 54, "sq_id": 3155 }, "geometry": { "type": "Polygon", "coordinates": [ [ [ -73.706691108492734, 40.74521390157345 ], [ -73.696518970355186, 40.74509945300921 ], [ -73.696670011204134, 40.73736303397942 ], [ -73.706840971449154, 40.73747745150127 ], [ -73.706691108492734, 40.74521390157345 ] ] ] } },
{ "type": "Feature", "properties": { "id": 1468, "left": 584277.4178000001, "top": 4515573.4247000003, "right": 585136.4178000001, "bottom": 4514714.4247000003, "row_index": 17, "col_index": 25, "sq_id": 1468 }, "geometry": { "type": "Polygon", "coordinates": [ [ [ -74.001127444088269, 40.786829056980956 ], [ -73.990947903367342, 40.78674048453496 ], [ -73.991065002950478, 40.779003317371718 ], [ -74.001243362826031, 40.779091865796772 ], [ -74.001127444088269, 40.786829056980956 ] ] ] } },
{ "type": "Feature", "properties": { "id": 1469, "left": 584277.4178000001, "top": 4514714.4247000003, "right": 585136.4178000001, "bottom": 4513855.4247000003, "row_index": 18, "col_index": 25, "sq_id": 1469 }, "geometry": { "type": "Polygon", "coordinates": [ [ [ -74.001243362826031, 40.779091865796772 ], [ -73.991065002950478, 40.779003317371718 ], [ -73.991182057035644, 40.771266139522979 ], [ -74.001359236524465, 40.771354663932613 ], [ -74.001243362826031, 40.779091865796772 ] ] ] } },
{ "type": "Feature", "properties": { "id": 1470, "left": 584277.4178000001, "top": 4513855.4247000003, "right": 585136.4178000001, "bottom": 4512996.4247000003, "row_index": 19, "col_index": 25, "sq_id": 1470 }, "geometry": { "type": "Polygon", "coordinates": [ [ [ -74.001359236524465, 40.771354663932613 ], [ -73.991182057035644, 40.771266139522979 ], [ -73.991299065642934, 40.763528950989283 ], [ -74.001475065203437, 40.763617451389003 ], [ -74.001359236524465, 40.771354663932613 ] ] ] } },
{ "type": "Feature", "properties": { "id": 1471, "left": 584277.4178000001, "top": 4512996.4247000003, "right": 585136.4178000001, "bottom": 4512137.4247000003, "row_index": 20, "col_index": 25, "sq_id": 1471 }, "geometry": { "type": "Polygon", "coordinates": [ [ [ -74.001475065203437, 40.763617451389003 ], [ -73.991299065642934, 40.763528950989283 ], [ -73.991416028792344, 40.75579175177117 ], [ -74.001590848882785, 40.755880228166461 ], [ -74.001475065203437, 40.763617451389003 ] ] ] } },
{ "type": "Feature", "properties": { "id": 1420, "left": 583418.4178000001, "top": 4506983.4247000003, "right": 584277.4178000001, "bottom": 4506124.4247000003, "row_index": 27, "col_index": 24, "sq_id": 1420 }, "geometry": { "type": "Polygon", "coordinates": [ [ [ -74.012452404818617, 40.709544101694391 ], [ -74.002284607075779, 40.709456664604019 ], [ -74.002400076312014, 40.701719366644099 ], [ -74.012566697767056, 40.701806780011353 ], [ -74.012452404818617, 40.709544101694391 ] ] ] } },
{ "type": "Feature", "properties": { "id": 1421, "left": 583418.4178000001, "top": 4506124.4247000003, "right": 584277.4178000001, "bottom": 4505265.4247000003, "row_index": 28, "col_index": 24, "sq_id": 1421 }, "geometry": { "type": "Polygon", "coordinates": [ [ [ -74.012566697767056, 40.701806780011353 ], [ -74.002400076312014, 40.701719366644099 ], [ -74.002515500706849, 40.693982058009581 ], [ -74.012680946330732, 40.694069447659125 ], [ -74.012566697767056, 40.701806780011353 ] ] ] } },
{ "type": "Feature", "properties": { "id": 1422, "left": 583418.4178000001, "top": 4505265.4247000003, "right": 584277.4178000001, "bottom": 4504406.4247000003, "row_index": 29, "col_index": 24, "sq_id": 1422 }, "geometry": { "type": "Polygon", "coordinates": [ [ [ -74.012680946330732, 40.694069447659125 ], [ -74.002515500706849, 40.693982058009581 ], [ -74.002630880279995, 40.686244738700999 ], [ -74.012795150529143, 40.686332104638268 ], [ -74.012680946330732, 40.694069447659125 ] ] ] } },
{ "type": "Feature", "properties": { "id": 1423, "left": 583418.4178000001, "top": 4504406.4247000003, "right": 584277.4178000001, "bottom": 4503547.4247000003, "row_index": 30, "col_index": 24, "sq_id": 1423 }, "geometry": { "type": "Polygon", "coordinates": [ [ [ -74.012795150529143, 40.686332104638268 ], [ -74.002630880279995, 40.686244738700999 ], [ -74.002746215051133, 40.678507408718893 ], [ -74.012909310381829, 40.678594750949294 ], [ -74.012795150529143, 40.686332104638268 ] ] ] } },
{ "type": "Feature", "properties": { "id": 1416, "left": 583418.4178000001, "top": 4510419.4247000003, "right": 584277.4178000001, "bottom": 4509560.4247000003, "row_index": 23, "col_index": 24, "sq_id": 1416 }, "geometry": { "type": "Polygon", "coordinates": [ [ [ -74.011994788786268, 40.740493281723943 ], [ -74.001822281321864, 40.740405749686772 ], [ -74.001937930121201, 40.73266849443069 ], [ -74.012109259469256, 40.732756002723015 ], [ -74.011994788786268, 40.740493281723943 ] ] ] } },
{ "type": "Feature", "properties": { "id": 1417, "left": 583418.4178000001, "top": 4509560.4247000003, "right": 584277.4178000001, "bottom": 4508701.4247000003, "row_index": 24, "col_index": 24, "sq_id": 1417 }, "geometry": { "type": "Polygon", "coordinates": [ [ [ -74.012109259469256, 40.732756002723015 ], [ -74.001937930121201, 40.73266849443069 ], [ -74.002053534000126, 40.724931228497844 ], [ -74.012223685689264, 40.725018713050758 ], [ -74.012109259469256, 40.732756002723015 ] ] ] } },
{ "type": "Feature", "properties": { "id": 1418, "left": 583418.4178000001, "top": 4508701.4247000003, "right": 584277.4178000001, "bottom": 4507842.4247000003, "row_index": 25, "col_index": 24, "sq_id": 1418 }, "geometry": { "type": "Polygon", "coordinates": [ [ [ -74.012223685689264, 40.725018713050758 ], [ -74.002053534000126, 40.724931228497844 ], [ -74.002169092978392, 40.717193951888774 ], [ -74.012338067465862, 40.717281412707713 ], [ -74.012223685689264, 40.725018713050758 ] ] ] } },
{ "type": "Feature", "properties": { "id": 1419, "left": 583418.4178000001, "top": 4507842.4247000003, "right": 584277.4178000001, "bottom": 4506983.4247000003, "row_index": 26, "col_index": 24, "sq_id": 1419 }, "geometry": { "type": "Polygon", "coordinates": [ [ [ -74.012338067465862, 40.717281412707713 ], [ -74.002169092978392, 40.717193951888774 ], [ -74.002284607075779, 40.709456664604019 ], [ -74.012452404818617, 40.709544101694391 ], [ -74.012338067465862, 40.717281412707713 ] ] ] } },
{ "type": "Feature", "properties": { "id": 1412, "left": 583418.4178000001, "top": 4513855.4247000003, "right": 584277.4178000001, "bottom": 4512996.4247000003, "row_index": 19, "col_index": 24, "sq_id": 1412 }, "geometry": { "type": "Polygon", "coordinates": [ [ [ -74.011536461032748, 40.771442291003545 ], [ -74.001359236524465, 40.771354663932613 ], [ -74.001475065203437, 40.763617451389003 ], [ -74.011651109763577, 40.763705054693325 ], [ -74.011536461032748, 40.771442291003545 ] ] ] } },
{ "type": "Feature", "properties": { "id": 1413, "left": 583418.4178000001, "top": 4512996.4247000003, "right": 584277.4178000001, "bottom": 4512137.4247000003, "row_index": 20, "col_index": 24, "sq_id": 1413 }, "geometry": { "type": "Polygon", "coordinates": [ [ [ -74.011651109763577, 40.763705054693325 ], [ -74.001475065203437, 40.763617451389003 ], [ -74.001590848882785, 40.755880228166461 ], [ -74.011765713953039, 40.755967807709631 ], [ -74.011651109763577, 40.763705054693325 ] ] ] } },
{ "type": "Feature", "properties": { "id": 1414, "left": 583418.4178000001, "top": 4512137.4247000003, "right": 584277.4178000001, "bottom": 4511278.4247000003, "row_index": 21, "col_index": 24, "sq_id": 1414 }, "geometry": { "type": "Polygon", "coordinates": [ [ [ -74.011765713953039, 40.755967807709631 ], [ -74.001590848882785, 40.755880228166461 ], [ -74.001706587582319, 40.748142994265535 ], [ -74.011880273620733, 40.748230550052988 ], [ -74.011765713953039, 40.755967807709631 ] ] ] } },
{ "type": "Feature", "properties": { "id": 1415, "left": 583418.4178000001, "top": 4511278.4247000003, "right": 584277.4178000001, "bottom": 4510419.4247000003, "row_index": 22, "col_index": 24, "sq_id": 1415 }, "geometry": { "type": "Polygon", "coordinates": [ [ [ -74.011880273620733, 40.748230550052988 ], [ -74.001706587582319, 40.748142994265535 ], [ -74.001822281321864, 40.740405749686772 ], [ -74.011994788786268, 40.740493281723943 ], [ -74.011880273620733, 40.748230550052988 ] ] ] } },
{ "type": "Feature", "properties": { "id": 1436, "left": 583418.4178000001, "top": 4493239.4247000003, "right": 584277.4178000001, "bottom": 4492380.4247000003, "row_index": 43, "col_index": 24, "sq_id": 1436 }, "geometry": { "type": "Polygon", "coordinates": [ [ [ -74.014275776729107, 40.585745674767018 ], [ -74.004126744906586, 40.585658616597485 ], [ -74.00424149903958, 40.577921147909294 ], [ -74.014389361856502, 40.57800818244214 ], [ -74.014275776729107, 40.585745674767018 ] ] ] } },
{ "type": "Feature", "properties": { "id": 1437, "left": 583418.4178000001, "top": 4492380.4247000003, "right": 584277.4178000001, "bottom": 4491521.4247000003, "row_index": 44, "col_index": 24, "sq_id": 1437 }, "geometry": { "type": "Polygon", "coordinates": [ [ [ -74.014389361856502, 40.57800818244214 ], [ -74.00424149903958, 40.577921147909294 ], [ -74.004356208645163, 40.570183668555281 ], [ -74.014502902909939, 40.570270679456797 ], [ -74.014389361856502, 40.57800818244214 ] ] ] } },
{ "type": "Feature", "properties": { "id": 1432, "left": 583418.4178000001, "top": 4496675.4247000003, "right": 584277.4178000001, "bottom": 4495816.4247000003, "row_index": 39, "col_index": 24, "sq_id": 1432 }, "geometry": { "type": "Polygon", "coordinates": [ [ [ -74.013820995093042, 40.616695537450788 ], [ -74.003667282709728, 40.616608384680639 ], [ -74.00378221514778, 40.608870958661385 ], [ -74.013934756709745, 40.608958087773289 ], [ -74.013820995093042, 40.616695537450788 ] ] ] } },
{ "type": "Feature", "properties": { "id": 1433, "left": 583418.4178000001, "top": 4495816.4247000003, "right": 584277.4178000001, "bottom": 4494957.4247000003, "row_index": 40, "col_index": 24, "sq_id": 1433 }, "geometry": { "type": "Polygon", "coordinates": [ [ [ -74.013934756709745, 40.608958087773289 ], [ -74.00378221514778, 40.608870958661385 ], [ -74.003897102980233, 40.60113352197407 ], [ -74.01404847417507, 40.601220627433136 ], [ -74.013934756709745, 40.608958087773289 ] ] ] } },
{ "type": "Feature", "properties": { "id": 1434, "left": 583418.4178000001, "top": 4494957.4247000003, "right": 584277.4178000001, "bottom": 4494098.4247000003, "row_index": 41, "col_index": 24, "sq_id": 1434 }, "geometry": { "type": "Polygon", "coordinates": [ [ [ -74.01404847417507, 40.601220627433136 ], [ -74.003897102980233, 40.60113352197407 ], [ -74.00401194622664, 40.59339607461925 ], [ -74.014162147508415, 40.593483156430857 ], [ -74.01404847417507, 40.601220627433136 ] ] ] } },
{ "type": "Feature", "properties": { "id": 1428, "left": 583418.4178000001, "top": 4500111.4247000003, "right": 584277.4178000001, "bottom": 4499252.4247000003, "row_index": 35, "col_index": 24, "sq_id": 1428 }, "geometry": { "type": "Polygon", "coordinates": [ [ [ -74.013365506724767, 40.647645229523178 ], [ -74.003207106509649, 40.647557982066132 ], [ -74.003322217566051, 40.639820598724583 ], [ -74.01347944514086, 40.639907822501812 ], [ -74.013365506724767, 40.647645229523178 ] ] ] } },
{ "type": "Feature", "properties": { "id": 1429, "left": 583418.4178000001, "top": 4499252.4247000003, "right": 584277.4178000001, "bottom": 4498393.4247000003, "row_index": 36, "col_index": 24, "sq_id": 1429 }, "geometry": { "type": "Polygon", "coordinates": [ [ [ -74.01347944514086, 40.639907822501812 ], [ -74.003322217566051, 40.639820598724583 ], [ -74.003437283938467, 40.632083204712806 ], [ -74.013593339328011, 40.632170404815596 ], [ -74.01347944514086, 40.639907822501812 ] ] ] } },
{ "type": "Feature", "properties": { "id": 1430, "left": 583418.4178000001, "top": 4498393.4247000003, "right": 584277.4178000001, "bottom": 4497534.4247000003, "row_index": 37, "col_index": 24, "sq_id": 1430 }, "geometry": { "type": "Polygon", "coordinates": [ [ [ -74.013593339328011, 40.632170404815596 ], [ -74.003437283938467, 40.632083204712806 ], [ -74.00355230564648, 40.624345800031293 ], [ -74.013707189305606, 40.62443297646508 ], [ -74.013593339328011, 40.632170404815596 ] ] ] } },
{ "type": "Feature", "properties": { "id": 1431, "left": 583418.4178000001, "top": 4497534.4247000003, "right": 584277.4178000001, "bottom": 4496675.4247000003, "row_index": 38, "col_index": 24, "sq_id": 1431 }, "geometry": { "type": "Polygon", "coordinates": [ [ [ -74.013707189305606, 40.62443297646508 ], [ -74.00355230564648, 40.624345800031293 ], [ -74.003667282709728, 40.616608384680639 ], [ -74.013820995093042, 40.616695537450788 ], [ -74.013707189305606, 40.62443297646508 ] ] ] } },
{ "type": "Feature", "properties": { "id": 1424, "left": 583418.4178000001, "top": 4503547.4247000003, "right": 584277.4178000001, "bottom": 4502688.4247000003, "row_index": 31, "col_index": 24, "sq_id": 1424 }, "geometry": { "type": "Polygon", "coordinates": [ [ [ -74.012909310381829, 40.678594750949294 ], [ -74.002746215051133, 40.678507408718893 ], [ -74.002861505040016, 40.670770068063817 ], [ -74.013023425908244, 40.670857386592772 ], [ -74.012909310381829, 40.678594750949294 ] ] ] } },
{ "type": "Feature", "properties": { "id": 1425, "left": 583418.4178000001, "top": 4502688.4247000003, "right": 584277.4178000001, "bottom": 4501829.4247000003, "row_index": 32, "col_index": 24, "sq_id": 1425 }, "geometry": { "type": "Polygon", "coordinates": [ [ [ -74.013023425908244, 40.670857386592772 ], [ -74.002861505040016, 40.670770068063817 ], [ -74.002976750266271, 40.663032716736296 ], [ -74.0131374971279, 40.663120011569205 ], [ -74.013023425908244, 40.670857386592772 ] ] ] } },
{ "type": "Feature", "properties": { "id": 1426, "left": 583418.4178000001, "top": 4501829.4247000003, "right": 584277.4178000001, "bottom": 4500970.4247000003, "row_index": 33, "col_index": 24, "sq_id": 1426 }, "geometry": { "type": "Polygon", "coordinates": [ [ [ -74.0131374971279, 40.663120011569205 ], [ -74.002976750266271, 40.663032716736296 ], [ -74.003091950749592, 40.655295354736872 ], [ -74.013251524060237, 40.655382625879156 ], [ -74.0131374971279, 40.663120011569205 ] ] ] } },
{ "type": "Feature", "properties": { "id": 1427, "left": 583418.4178000001, "top": 4500970.4247000003, "right": 584277.4178000001, "bottom": 4500111.4247000003, "row_index": 34, "col_index": 24, "sq_id": 1427 }, "geometry": { "type": "Polygon", "coordinates": [ [ [ -74.013251524060237, 40.655382625879156 ], [ -74.003091950749592, 40.655295354736872 ], [ -74.003207106509649, 40.647557982066132 ], [ -74.013365506724767, 40.647645229523178 ], [ -74.013251524060237, 40.655382625879156 ] ] ] } },
{ "type": "Feature", "properties": { "id": 1532, "left": 585136.4178000001, "top": 4510419.4247000003, "right": 585995.4178000001, "bottom": 4509560.4247000003, "row_index": 23, "col_index": 26, "sq_id": 1532 }, "geometry": { "type": "Polygon", "coordinates": [ [ [ -73.991649818797654, 40.740317321283847 ], [ -73.98147740167127, 40.740227996526663 ], [ -73.981595406643777, 40.732490789489553 ], [ -73.991766645693573, 40.732580090015695 ], [ -73.991649818797654, 40.740317321283847 ] ] ] } },
{ "type": "Feature", "properties": { "id": 1533, "left": 585136.4178000001, "top": 4509560.4247000003, "right": 585995.4178000001, "bottom": 4508701.4247000003, "row_index": 24, "col_index": 26, "sq_id": 1533 }, "geometry": { "type": "Polygon", "coordinates": [ [ [ -73.991766645693573, 40.732580090015695 ], [ -73.981595406643777, 40.732490789489553 ], [ -73.981713365781005, 40.724753571764658 ], [ -73.991883427211633, 40.724842848065308 ], [ -73.991766645693573, 40.732580090015695 ] ] ] } },
{ "type": "Feature", "properties": { "id": 1534, "left": 585136.4178000001, "top": 4508701.4247000003, "right": 585995.4178000001, "bottom": 4507842.4247000003, "row_index": 25, "col_index": 26, "sq_id": 1534 }, "geometry": { "type": "Polygon", "coordinates": [ [ [ -73.991883427211633, 40.724842848065308 ], [ -73.981713365781005, 40.724753571764658 ], [ -73.981831279103147, 40.717016343352483 ], [ -73.992000163371813, 40.717105595433196 ], [ -73.991883427211633, 40.724842848065308 ] ] ] } },
{ "type": "Feature", "properties": { "id": 1535, "left": 585136.4178000001, "top": 4507842.4247000003, "right": 585995.4178000001, "bottom": 4506983.4247000003, "row_index": 26, "col_index": 26, "sq_id": 1535 }, "geometry": { "type": "Polygon", "coordinates": [ [ [ -73.992000163371813, 40.717105595433196 ], [ -73.981831279103147, 40.717016343352483 ], [ -73.98194914663037, 40.709279104253604 ], [ -73.992116854194094, 40.709368332119915 ], [ -73.992000163371813, 40.717105595433196 ] ] ] } },
{ "type": "Feature", "properties": { "id": 1528, "left": 585136.4178000001, "top": 4513855.4247000003, "right": 585995.4178000001, "bottom": 4512996.4247000003, "row_index": 19, "col_index": 26, "sq_id": 1528 }, "geometry": { "type": "Polygon", "coordinates": [ [ [ -73.991182057035644, 40.771266139522979 ], [ -73.981004923024727, 40.771176717786197 ], [ -73.981123111540271, 40.763439553505734 ], [ -73.991299065642934, 40.763528950989283 ], [ -73.991182057035644, 40.771266139522979 ] ] ] } },
{ "type": "Feature", "properties": { "id": 1529, "left": 585136.4178000001, "top": 4512996.4247000003, "right": 585995.4178000001, "bottom": 4512137.4247000003, "row_index": 20, "col_index": 26, "sq_id": 1529 }, "geometry": { "type": "Polygon", "coordinates": [ [ [ -73.991299065642934, 40.763528950989283 ], [ -73.981123111540271, 40.763439553505734 ], [ -73.981241254139746, 40.755702378535304 ], [ -73.991416028792344, 40.75579175177117 ], [ -73.991299065642934, 40.763528950989283 ] ] ] } },
{ "type": "Feature", "properties": { "id": 1530, "left": 585136.4178000001, "top": 4512137.4247000003, "right": 585995.4178000001, "bottom": 4511278.4247000003, "row_index": 21, "col_index": 26, "sq_id": 1530 }, "geometry": { "type": "Polygon", "coordinates": [ [ [ -73.991416028792344, 40.75579175177117 ], [ -73.981241254139746, 40.755702378535304 ], [ -73.981359350843334, 40.747965192875434 ], [ -73.991532946503924, 40.74805454186918 ], [ -73.991416028792344, 40.75579175177117 ] ] ] } },
{ "type": "Feature", "properties": { "id": 1531, "left": 585136.4178000001, "top": 4511278.4247000003, "right": 585995.4178000001, "bottom": 4510419.4247000003, "row_index": 22, "col_index": 26, "sq_id": 1531 }, "geometry": { "type": "Polygon", "coordinates": [ [ [ -73.991532946503924, 40.74805454186918 ], [ -73.981359350843334, 40.747965192875434 ], [ -73.98147740167127, 40.740227996526663 ], [ -73.991649818797654, 40.740317321283847 ], [ -73.991532946503924, 40.74805454186918 ] ] ] } },
{ "type": "Feature", "properties": { "id": 1525, "left": 585136.4178000001, "top": 4516432.4247000003, "right": 585995.4178000001, "bottom": 4515573.4247000003, "row_index": 16, "col_index": 26, "sq_id": 1525 }, "geometry": { "type": "Polygon", "coordinates": [ [ [ -73.990830758266199, 40.794477641012165 ], [ -73.980650081779132, 40.794388146482298 ], [ -73.980768408164408, 40.786651014275016 ], [ -73.990947903367342, 40.78674048453496 ], [ -73.990830758266199, 40.794477641012165 ] ] ] } },
{ "type": "Feature", "properties": { "id": 1526, "left": 585136.4178000001, "top": 4515573.4247000003, "right": 585995.4178000001, "bottom": 4514714.4247000003, "row_index": 17, "col_index": 26, "sq_id": 1526 }, "geometry": { "type": "Polygon", "coordinates": [ [ [ -73.990947903367342, 40.78674048453496 ], [ -73.980768408164408, 40.786651014275016 ], [ -73.980886688572852, 40.77891387137614 ], [ -73.991065002950478, 40.779003317371718 ], [ -73.990947903367342, 40.78674048453496 ] ] ] } },
{ "type": "Feature", "properties": { "id": 1527, "left": 585136.4178000001, "top": 4514714.4247000003, "right": 585995.4178000001, "bottom": 4513855.4247000003, "row_index": 18, "col_index": 26, "sq_id": 1527 }, "geometry": { "type": "Polygon", "coordinates": [ [ [ -73.991065002950478, 40.779003317371718 ], [ -73.980886688572852, 40.77891387137614 ], [ -73.981004923024727, 40.771176717786197 ], [ -73.991182057035644, 40.771266139522979 ], [ -73.991065002950478, 40.779003317371718 ] ] ] } },
{ "type": "Feature", "properties": { "id": 1484, "left": 584277.4178000001, "top": 4501829.4247000003, "right": 585136.4178000001, "bottom": 4500970.4247000003, "row_index": 33, "col_index": 25, "sq_id": 1484 }, "geometry": { "type": "Polygon", "coordinates": [ [ [ -74.002976750266271, 40.663032716736296 ], [ -73.992816048147589, 40.662944527966076 ], [ -73.992932422162227, 40.655207189899826 ], [ -74.003091950749592, 40.655295354736872 ], [ -74.002976750266271, 40.663032716736296 ] ] ] } },
{ "type": "Feature", "properties": { "id": 1485, "left": 584277.4178000001, "top": 4500970.4247000003, "right": 585136.4178000001, "bottom": 4500111.4247000003, "row_index": 34, "col_index": 25, "sq_id": 1485 }, "geometry": { "type": "Polygon", "coordinates": [ [ [ -74.003091950749592, 40.655295354736872 ], [ -73.992932422162227, 40.655207189899826 ], [ -73.99304875099817, 40.647469841156791 ], [ -74.003207106509649, 40.647557982066132 ], [ -74.003091950749592, 40.655295354736872 ] ] ] } },
{ "type": "Feature", "properties": { "id": 1486, "left": 584277.4178000001, "top": 4500111.4247000003, "right": 585136.4178000001, "bottom": 4499252.4247000003, "row_index": 35, "col_index": 25, "sq_id": 1486 }, "geometry": { "type": "Polygon", "coordinates": [ [ [ -74.003207106509649, 40.647557982066132 ], [ -73.99304875099817, 40.647469841156791 ], [ -73.993165034675258, 40.639732481737504 ], [ -74.003322217566051, 40.639820598724583 ], [ -74.003207106509649, 40.647557982066132 ] ] ] } },
{ "type": "Feature", "properties": { "id": 1487, "left": 584277.4178000001, "top": 4499252.4247000003, "right": 585136.4178000001, "bottom": 4498393.4247000003, "row_index": 36, "col_index": 25, "sq_id": 1487 }, "geometry": { "type": "Polygon", "coordinates": [ [ [ -74.003322217566051, 40.639820598724583 ], [ -73.993165034675258, 40.639732481737504 ], [ -73.993281273213313, 40.631995111642503 ], [ -74.003437283938467, 40.632083204712806 ], [ -74.003322217566051, 40.639820598724583 ] ] ] } },
{ "type": "Feature", "properties": { "id": 1480, "left": 584277.4178000001, "top": 4505265.4247000003, "right": 585136.4178000001, "bottom": 4504406.4247000003, "row_index": 29, "col_index": 25, "sq_id": 1480 }, "geometry": { "type": "Polygon", "coordinates": [ [ [ -74.002515500706849, 40.693982058009581 ], [ -73.992350099904655, 40.69389377345199 ], [ -73.99246665483281, 40.686156478098461 ], [ -74.002630880279995, 40.686244738700999 ], [ -74.002515500706849, 40.693982058009581 ] ] ] } },
{ "type": "Feature", "properties": { "id": 1481, "left": 584277.4178000001, "top": 4504406.4247000003, "right": 585136.4178000001, "bottom": 4503547.4247000003, "row_index": 30, "col_index": 25, "sq_id": 1481 }, "geometry": { "type": "Polygon", "coordinates": [ [ [ -74.002630880279995, 40.686244738700999 ], [ -73.99246665483281, 40.686156478098461 ], [ -73.992583164502747, 40.678419172065929 ], [ -74.002746215051133, 40.678507408718893 ], [ -74.002630880279995, 40.686244738700999 ] ] ] } },
{ "type": "Feature", "properties": { "id": 1482, "left": 584277.4178000001, "top": 4503547.4247000003, "right": 585136.4178000001, "bottom": 4502688.4247000003, "row_index": 31, "col_index": 25, "sq_id": 1482 }, "geometry": { "type": "Polygon", "coordinates": [ [ [ -74.002746215051133, 40.678507408718893 ], [ -73.992583164502747, 40.678419172065929 ], [ -73.992699628934389, 40.67068185535495 ], [ -74.002861505040016, 40.670770068063817 ], [ -74.002746215051133, 40.678507408718893 ] ] ] } },
{ "type": "Feature", "properties": { "id": 1483, "left": 584277.4178000001, "top": 4502688.4247000003, "right": 585136.4178000001, "bottom": 4501829.4247000003, "row_index": 32, "col_index": 25, "sq_id": 1483 }, "geometry": { "type": "Polygon", "coordinates": [ [ [ -74.002861505040016, 40.670770068063817 ], [ -73.992699628934389, 40.67068185535495 ], [ -73.992816048147589, 40.662944527966076 ], [ -74.002976750266271, 40.663032716736296 ], [ -74.002861505040016, 40.670770068063817 ] ] ] } },
{ "type": "Feature", "properties": { "id": 1476, "left": 584277.4178000001, "top": 4508701.4247000003, "right": 585136.4178000001, "bottom": 4507842.4247000003, "row_index": 25, "col_index": 25, "sq_id": 1476 }, "geometry": { "type": "Polygon", "coordinates": [ [ [ -74.002053534000126, 40.724931228497844 ], [ -73.991883427211633, 40.724842848065308 ], [ -73.992000163371813, 40.717105595433196 ], [ -74.002169092978392, 40.717193951888774 ], [ -74.002053534000126, 40.724931228497844 ] ] ] } },
{ "type": "Feature", "properties": { "id": 1477, "left": 584277.4178000001, "top": 4507842.4247000003, "right": 585136.4178000001, "bottom": 4506983.4247000003, "row_index": 26, "col_index": 25, "sq_id": 1477 }, "geometry": { "type": "Polygon", "coordinates": [ [ [ -74.002169092978392, 40.717193951888774 ], [ -73.992000163371813, 40.717105595433196 ], [ -73.992116854194094, 40.709368332119915 ], [ -74.002284607075779, 40.709456664604019 ], [ -74.002169092978392, 40.717193951888774 ] ] ] } },
{ "type": "Feature", "properties": { "id": 1478, "left": 584277.4178000001, "top": 4506983.4247000003, "right": 585136.4178000001, "bottom": 4506124.4247000003, "row_index": 27, "col_index": 25, "sq_id": 1478 }, "geometry": { "type": "Polygon", "coordinates": [ [ [ -74.002284607075779, 40.709456664604019 ], [ -73.992116854194094, 40.709368332119915 ], [ -73.992233499698386, 40.701631058125997 ], [ -74.002400076312014, 40.701719366644099 ], [ -74.002284607075779, 40.709456664604019 ] ] ] } },
{ "type": "Feature", "properties": { "id": 1479, "left": 584277.4178000001, "top": 4506124.4247000003, "right": 585136.4178000001, "bottom": 4505265.4247000003, "row_index": 28, "col_index": 25, "sq_id": 1479 }, "geometry": { "type": "Polygon", "coordinates": [ [ [ -74.002400076312014, 40.701719366644099 ], [ -73.992233499698386, 40.701631058125997 ], [ -73.992350099904655, 40.69389377345199 ], [ -74.002515500706849, 40.693982058009581 ], [ -74.002400076312014, 40.701719366644099 ] ] ] } },
{ "type": "Feature", "properties": { "id": 1472, "left": 584277.4178000001, "top": 4512137.4247000003, "right": 585136.4178000001, "bottom": 4511278.4247000003, "row_index": 21, "col_index": 25, "sq_id": 1472 }, "geometry": { "type": "Polygon", "coordinates": [ [ [ -74.001590848882785, 40.755880228166461 ], [ -73.991416028792344, 40.75579175177117 ], [ -73.991532946503924, 40.74805454186918 ], [ -74.001706587582319, 40.748142994265535 ], [ -74.001590848882785, 40.755880228166461 ] ] ] } },
{ "type": "Feature", "properties": { "id": 1473, "left": 584277.4178000001, "top": 4511278.4247000003, "right": 585136.4178000001, "bottom": 4510419.4247000003, "row_index": 22, "col_index": 25, "sq_id": 1473 }, "geometry": { "type": "Polygon", "coordinates": [ [ [ -74.001706587582319, 40.748142994265535 ], [ -73.991532946503924, 40.74805454186918 ], [ -73.991649818797654, 40.740317321283847 ], [ -74.001822281321864, 40.740405749686772 ], [ -74.001706587582319, 40.748142994265535 ] ] ] } },
{ "type": "Feature", "properties": { "id": 1474, "left": 584277.4178000001, "top": 4510419.4247000003, "right": 585136.4178000001, "bottom": 4509560.4247000003, "row_index": 23, "col_index": 25, "sq_id": 1474 }, "geometry": { "type": "Polygon", "coordinates": [ [ [ -74.001822281321864, 40.740405749686772 ], [ -73.991649818797654, 40.740317321283847 ], [ -73.991766645693573, 40.732580090015695 ], [ -74.001937930121201, 40.73266849443069 ], [ -74.001822281321864, 40.740405749686772 ] ] ] } },
{ "type": "Feature", "properties": { "id": 1475, "left": 584277.4178000001, "top": 4509560.4247000003, "right": 585136.4178000001, "bottom": 4508701.4247000003, "row_index": 24, "col_index": 25, "sq_id": 1475 }, "geometry": { "type": "Polygon", "coordinates": [ [ [ -74.001937930121201, 40.73266849443069 ], [ -73.991766645693573, 40.732580090015695 ], [ -73.991883427211633, 40.724842848065308 ], [ -74.002053534000126, 40.724931228497844 ], [ -74.001937930121201, 40.73266849443069 ] ] ] } },
{ "type": "Feature", "properties": { "id": 1496, "left": 584277.4178000001, "top": 4491521.4247000003, "right": 585136.4178000001, "bottom": 4490662.4247000003, "row_index": 45, "col_index": 25, "sq_id": 1496 }, "geometry": { "type": "Polygon", "coordinates": [ [ [ -74.004356208645163, 40.570183668555281 ], [ -73.994209558888286, 40.570095766623275 ], [ -73.994325392065392, 40.562358300471764 ], [ -74.004470873742861, 40.562446178535943 ], [ -74.004356208645163, 40.570183668555281 ] ] ] } },
{ "type": "Feature", "properties": { "id": 1492, "left": 584277.4178000001, "top": 4494957.4247000003, "right": 585136.4178000001, "bottom": 4494098.4247000003, "row_index": 41, "col_index": 25, "sq_id": 1492 }, "geometry": { "type": "Polygon", "coordinates": [ [ [ -74.003897102980233, 40.60113352197407 ], [ -73.993745776371426, 40.601045524516458 ], [ -73.993861789511357, 40.5933081010512 ], [ -74.00401194622664, 40.59339607461925 ], [ -74.003897102980233, 40.60113352197407 ] ] ] } },
{ "type": "Feature", "properties": { "id": 1493, "left": 584277.4178000001, "top": 4494098.4247000003, "right": 585136.4178000001, "bottom": 4493239.4247000003, "row_index": 42, "col_index": 25, "sq_id": 1493 }, "geometry": { "type": "Polygon", "coordinates": [ [ [ -74.00401194622664, 40.59339607461925 ], [ -73.993861789511357, 40.5933081010512 ], [ -73.993977757630987, 40.58557066691354 ], [ -74.004126744906586, 40.585658616597485 ], [ -74.00401194622664, 40.59339607461925 ] ] ] } },
{ "type": "Feature", "properties": { "id": 1494, "left": 584277.4178000001, "top": 4493239.4247000003, "right": 585136.4178000001, "bottom": 4492380.4247000003, "row_index": 43, "col_index": 25, "sq_id": 1494 }, "geometry": { "type": "Polygon", "coordinates": [ [ [ -74.004126744906586, 40.585658616597485 ], [ -73.993977757630987, 40.58557066691354 ], [ -73.994093680750055, 40.577833222104047 ], [ -74.00424149903958, 40.577921147909294 ], [ -74.004126744906586, 40.585658616597485 ] ] ] } },
{ "type": "Feature", "properties": { "id": 1495, "left": 584277.4178000001, "top": 4492380.4247000003, "right": 585136.4178000001, "bottom": 4491521.4247000003, "row_index": 44, "col_index": 25, "sq_id": 1495 }, "geometry": { "type": "Polygon", "coordinates": [ [ [ -74.00424149903958, 40.577921147909294 ], [ -73.994093680750055, 40.577833222104047 ], [ -73.994209558888286, 40.570095766623275 ], [ -74.004356208645163, 40.570183668555281 ], [ -74.00424149903958, 40.577921147909294 ] ] ] } },
{ "type": "Feature", "properties": { "id": 1488, "left": 584277.4178000001, "top": 4498393.4247000003, "right": 585136.4178000001, "bottom": 4497534.4247000003, "row_index": 37, "col_index": 25, "sq_id": 1488 }, "geometry": { "type": "Polygon", "coordinates": [ [ [ -74.003437283938467, 40.632083204712806 ], [ -73.993281273213313, 40.631995111642503 ], [ -73.99339746663216, 40.624257730872351 ], [ -74.00355230564648, 40.624345800031293 ], [ -74.003437283938467, 40.632083204712806 ] ] ] } },
{ "type": "Feature", "properties": { "id": 1489, "left": 584277.4178000001, "top": 4497534.4247000003, "right": 585136.4178000001, "bottom": 4496675.4247000003, "row_index": 38, "col_index": 25, "sq_id": 1489 }, "geometry": { "type": "Polygon", "coordinates": [ [ [ -74.00355230564648, 40.624345800031293 ], [ -73.99339746663216, 40.624257730872351 ], [ -73.993513614951596, 40.616520339427574 ], [ -74.003667282709728, 40.616608384680639 ], [ -74.00355230564648, 40.624345800031293 ] ] ] } },
{ "type": "Feature", "properties": { "id": 1490, "left": 584277.4178000001, "top": 4496675.4247000003, "right": 585136.4178000001, "bottom": 4495816.4247000003, "row_index": 39, "col_index": 25, "sq_id": 1490 }, "geometry": { "type": "Polygon", "coordinates": [ [ [ -74.003667282709728, 40.616608384680639 ], [ -73.993513614951596, 40.616520339427574 ], [ -73.993629718191428, 40.608782937308767 ], [ -74.00378221514778, 40.608870958661385 ], [ -74.003667282709728, 40.616608384680639 ] ] ] } },
{ "type": "Feature", "properties": { "id": 1491, "left": 584277.4178000001, "top": 4495816.4247000003, "right": 585136.4178000001, "bottom": 4494957.4247000003, "row_index": 40, "col_index": 25, "sq_id": 1491 }, "geometry": { "type": "Polygon", "coordinates": [ [ [ -74.00378221514778, 40.608870958661385 ], [ -73.993629718191428, 40.608782937308767 ], [ -73.993745776371426, 40.601045524516458 ], [ -74.003897102980233, 40.60113352197407 ], [ -74.00378221514778, 40.608870958661385 ] ] ] } },
{ "type": "Feature", "properties": { "id": 1316, "left": 581700.4178000001, "top": 4496675.4247000003, "right": 582559.4178000001, "bottom": 4495816.4247000003, "row_index": 39, "col_index": 22, "sq_id": 1316 }, "geometry": { "type": "Polygon", "coordinates": [ [ [ -74.034128551917462, 40.616867165497183 ], [ -74.023974751647103, 40.616781797726709 ], [ -74.024087342423059, 40.609044324633196 ], [ -74.0342399718335, 40.609129669229866 ], [ -74.034128551917462, 40.616867165497183 ] ] ] } },
{ "type": "Feature", "properties": { "id": 1317, "left": 581700.4178000001, "top": 4495816.4247000003, "right": 582559.4178000001, "bottom": 4494957.4247000003, "row_index": 40, "col_index": 22, "sq_id": 1317 }, "geometry": { "type": "Polygon", "coordinates": [ [ [ -74.0342399718335, 40.609129669229866 ], [ -74.024087342423059, 40.609044324633196 ], [ -74.024199889501915, 40.601306840882351 ], [ -74.034351348506704, 40.601392162310489 ], [ -74.0342399718335, 40.609129669229866 ] ] ] } },
{ "type": "Feature", "properties": { "id": 1312, "left": 581700.4178000001, "top": 4500111.4247000003, "right": 582559.4178000001, "bottom": 4499252.4247000003, "row_index": 35, "col_index": 22, "sq_id": 1312 }, "geometry": { "type": "Polygon", "coordinates": [ [ [ -74.033682439444917, 40.647817044035129 ], [ -74.023523951188267, 40.647731583516595 ], [ -74.023636716944637, 40.639994153057842 ], [ -74.033794032522337, 40.640079590381426 ], [ -74.033682439444917, 40.647817044035129 ] ] ] } },
{ "type": "Feature", "properties": { "id": 1313, "left": 581700.4178000001, "top": 4499252.4247000003, "right": 582559.4178000001, "bottom": 4498393.4247000003, "row_index": 36, "col_index": 22, "sq_id": 1313 }, "geometry": { "type": "Polygon", "coordinates": [ [ [ -74.033794032522337, 40.640079590381426 ], [ -74.023636716944637, 40.639994153057842 ], [ -74.023749438927098, 40.632256711939576 ], [ -74.033905582280866, 40.63234212607351 ], [ -74.033794032522337, 40.640079590381426 ] ] ] } },
{ "type": "Feature", "properties": { "id": 1314, "left": 581700.4178000001, "top": 4498393.4247000003, "right": 582559.4178000001, "bottom": 4497534.4247000003, "row_index": 37, "col_index": 22, "sq_id": 1314 }, "geometry": { "type": "Polygon", "coordinates": [ [ [ -74.033905582280866, 40.63234212607351 ], [ -74.023749438927098, 40.632256711939576 ], [ -74.023862117154849, 40.624519260162366 ], [ -74.034017088739574, 40.624604651111916 ], [ -74.033905582280866, 40.63234212607351 ] ] ] } },
{ "type": "Feature", "properties": { "id": 1315, "left": 581700.4178000001, "top": 4497534.4247000003, "right": 582559.4178000001, "bottom": 4496675.4247000003, "row_index": 38, "col_index": 22, "sq_id": 1315 }, "geometry": { "type": "Polygon", "coordinates": [ [ [ -74.034017088739574, 40.624604651111916 ], [ -74.023862117154849, 40.624519260162366 ], [ -74.023974751647103, 40.616781797726709 ], [ -74.034128551917462, 40.616867165497183 ], [ -74.034017088739574, 40.624604651111916 ] ] ] } },
{ "type": "Feature", "properties": { "id": 1311, "left": 581700.4178000001, "top": 4500970.4247000003, "right": 582559.4178000001, "bottom": 4500111.4247000003, "row_index": 34, "col_index": 22, "sq_id": 1311 }, "geometry": { "type": "Polygon", "coordinates": [ [ [ -74.033570803029619, 40.655554487034081 ], [ -74.023411141638746, 40.655469003315311 ], [ -74.023523951188267, 40.647731583516595 ], [ -74.033682439444917, 40.647817044035129 ], [ -74.033570803029619, 40.655554487034081 ] ] ] } },
{ "type": "Feature", "properties": { "id": 1306, "left": 581700.4178000001, "top": 4505265.4247000003, "right": 582559.4178000001, "bottom": 4504406.4247000003, "row_index": 29, "col_index": 22, "sq_id": 1306 }, "geometry": { "type": "Polygon", "coordinates": [ [ [ -74.0330119702178, 40.694241542188742 ], [ -74.022846436319867, 40.694155942389273 ], [ -74.02295946512406, 40.686418575898898 ], [ -74.033123823608463, 40.68650415247162 ], [ -74.0330119702178, 40.694241542188742 ] ] ] } },
{ "type": "Feature", "properties": { "id": 1307, "left": 581700.4178000001, "top": 4504406.4247000003, "right": 582559.4178000001, "bottom": 4503547.4247000003, "row_index": 30, "col_index": 22, "sq_id": 1307 }, "geometry": { "type": "Polygon", "coordinates": [ [ [ -74.033123823608463, 40.68650415247162 ], [ -74.02295946512406, 40.686418575898898 ], [ -74.023072450038754, 40.678681198745764 ], [ -74.03323563356588, 40.678766752097054 ], [ -74.033123823608463, 40.68650415247162 ] ] ] } },
{ "type": "Feature", "properties": { "id": 1357, "left": 582559.4178000001, "top": 4511278.4247000003, "right": 583418.4178000001, "bottom": 4510419.4247000003, "row_index": 22, "col_index": 23, "sq_id": 1357 }, "geometry": { "type": "Polygon", "coordinates": [ [ [ -74.022054004161291, 40.748317209220112 ], [ -74.011880273620733, 40.748230550052988 ], [ -74.011994788786268, 40.740493281723943 ], [ -74.022167340733233, 40.740579917383926 ], [ -74.022054004161291, 40.748317209220112 ] ] ] } },
{ "type": "Feature", "properties": { "id": 1358, "left": 582559.4178000001, "top": 4510419.4247000003, "right": 583418.4178000001, "bottom": 4509560.4247000003, "row_index": 23, "col_index": 23, "sq_id": 1358 }, "geometry": { "type": "Polygon", "coordinates": [ [ [ -74.022167340733233, 40.740579917383926 ], [ -74.011994788786268, 40.740493281723943 ], [ -74.012109259469256, 40.732756002723015 ], [ -74.022280633280275, 40.732842614881264 ], [ -74.022167340733233, 40.740579917383926 ] ] ] } },
{ "type": "Feature", "properties": { "id": 1359, "left": 582559.4178000001, "top": 4509560.4247000003, "right": 583418.4178000001, "bottom": 4508701.4247000003, "row_index": 24, "col_index": 23, "sq_id": 1359 }, "geometry": { "type": "Polygon", "coordinates": [ [ [ -74.022280633280275, 40.732842614881264 ], [ -74.012109259469256, 40.732756002723015 ], [ -74.012223685689264, 40.725018713050758 ], [ -74.022393881821799, 40.725105301712645 ], [ -74.022280633280275, 40.732842614881264 ] ] ] } },
{ "type": "Feature", "properties": { "id": 1372, "left": 582559.4178000001, "top": 4498393.4247000003, "right": 583418.4178000001, "bottom": 4497534.4247000003, "row_index": 37, "col_index": 23, "sq_id": 1372 }, "geometry": { "type": "Polygon", "coordinates": [ [ [ -74.023749438927098, 40.632256711939576 ], [ -74.013593339328011, 40.632170404815596 ], [ -74.013707189305606, 40.62443297646508 ], [ -74.023862117154849, 40.624519260162366 ], [ -74.023749438927098, 40.632256711939576 ] ] ] } },
{ "type": "Feature", "properties": { "id": 1373, "left": 582559.4178000001, "top": 4497534.4247000003, "right": 583418.4178000001, "bottom": 4496675.4247000003, "row_index": 38, "col_index": 23, "sq_id": 1373 }, "geometry": { "type": "Polygon", "coordinates": [ [ [ -74.023862117154849, 40.624519260162366 ], [ -74.013707189305606, 40.62443297646508 ], [ -74.013820995093042, 40.616695537450788 ], [ -74.023974751647103, 40.616781797726709 ], [ -74.023862117154849, 40.624519260162366 ] ] ] } },
{ "type": "Feature", "properties": { "id": 1374, "left": 582559.4178000001, "top": 4496675.4247000003, "right": 583418.4178000001, "bottom": 4495816.4247000003, "row_index": 39, "col_index": 23, "sq_id": 1374 }, "geometry": { "type": "Polygon", "coordinates": [ [ [ -74.023974751647103, 40.616781797726709 ], [ -74.013820995093042, 40.616695537450788 ], [ -74.013934756709745, 40.608958087773289 ], [ -74.024087342423059, 40.609044324633196 ], [ -74.023974751647103, 40.616781797726709 ] ] ] } },
{ "type": "Feature", "properties": { "id": 1375, "left": 582559.4178000001, "top": 4495816.4247000003, "right": 583418.4178000001, "bottom": 4494957.4247000003, "row_index": 40, "col_index": 23, "sq_id": 1375 }, "geometry": { "type": "Polygon", "coordinates": [ [ [ -74.024087342423059, 40.609044324633196 ], [ -74.013934756709745, 40.608958087773289 ], [ -74.01404847417507, 40.601220627433136 ], [ -74.024199889501915, 40.601306840882351 ], [ -74.024087342423059, 40.609044324633196 ] ] ] } },
{ "type": "Feature", "properties": { "id": 1368, "left": 582559.4178000001, "top": 4501829.4247000003, "right": 583418.4178000001, "bottom": 4500970.4247000003, "row_index": 33, "col_index": 23, "sq_id": 1368 }, "geometry": { "type": "Polygon", "coordinates": [ [ [ -74.02329828827682, 40.663206412453434 ], [ -74.0131374971279, 40.663120011569205 ], [ -74.013251524060237, 40.655382625879156 ], [ -74.023411141638746, 40.655469003315311 ], [ -74.02329828827682, 40.663206412453434 ] ] ] } },
{ "type": "Feature", "properties": { "id": 1369, "left": 582559.4178000001, "top": 4500970.4247000003, "right": 583418.4178000001, "bottom": 4500111.4247000003, "row_index": 34, "col_index": 23, "sq_id": 1369 }, "geometry": { "type": "Polygon", "coordinates": [ [ [ -74.023411141638746, 40.655469003315311 ], [ -74.013251524060237, 40.655382625879156 ], [ -74.013365506724767, 40.647645229523178 ], [ -74.023523951188267, 40.647731583516595 ], [ -74.023411141638746, 40.655469003315311 ] ] ] } },
{ "type": "Feature", "properties": { "id": 1370, "left": 582559.4178000001, "top": 4500111.4247000003, "right": 583418.4178000001, "bottom": 4499252.4247000003, "row_index": 35, "col_index": 23, "sq_id": 1370 }, "geometry": { "type": "Polygon", "coordinates": [ [ [ -74.023523951188267, 40.647731583516595 ], [ -74.013365506724767, 40.647645229523178 ], [ -74.01347944514086, 40.639907822501812 ], [ -74.023636716944637, 40.639994153057842 ], [ -74.023523951188267, 40.647731583516595 ] ] ] } },
{ "type": "Feature", "properties": { "id": 1371, "left": 582559.4178000001, "top": 4499252.4247000003, "right": 583418.4178000001, "bottom": 4498393.4247000003, "row_index": 36, "col_index": 23, "sq_id": 1371 }, "geometry": { "type": "Polygon", "coordinates": [ [ [ -74.023636716944637, 40.639994153057842 ], [ -74.01347944514086, 40.639907822501812 ], [ -74.013593339328011, 40.632170404815596 ], [ -74.023749438927098, 40.632256711939576 ], [ -74.023636716944637, 40.639994153057842 ] ] ] } },
{ "type": "Feature", "properties": { "id": 1364, "left": 582559.4178000001, "top": 4505265.4247000003, "right": 583418.4178000001, "bottom": 4504406.4247000003, "row_index": 29, "col_index": 23, "sq_id": 1364 }, "geometry": { "type": "Polygon", "coordinates": [ [ [ -74.022846436319867, 40.694155942389273 ], [ -74.012680946330732, 40.694069447659125 ], [ -74.012795150529143, 40.686332104638268 ], [ -74.02295946512406, 40.686418575898898 ], [ -74.022846436319867, 40.694155942389273 ] ] ] } },
{ "type": "Feature", "properties": { "id": 1365, "left": 582559.4178000001, "top": 4504406.4247000003, "right": 583418.4178000001, "bottom": 4503547.4247000003, "row_index": 30, "col_index": 23, "sq_id": 1365 }, "geometry": { "type": "Polygon", "coordinates": [ [ [ -74.02295946512406, 40.686418575898898 ], [ -74.012795150529143, 40.686332104638268 ], [ -74.012909310381829, 40.678594750949294 ], [ -74.023072450038754, 40.678681198745764 ], [ -74.02295946512406, 40.686418575898898 ] ] ] } },
{ "type": "Feature", "properties": { "id": 1366, "left": 582559.4178000001, "top": 4503547.4247000003, "right": 583418.4178000001, "bottom": 4502688.4247000003, "row_index": 31, "col_index": 23, "sq_id": 1366 }, "geometry": { "type": "Polygon", "coordinates": [ [ [ -74.023072450038754, 40.678681198745764 ], [ -74.012909310381829, 40.678594750949294 ], [ -74.013023425908244, 40.670857386592772 ], [ -74.023185391083246, 40.670943810930439 ], [ -74.023072450038754, 40.678681198745764 ] ] ] } },
{ "type": "Feature", "properties": { "id": 1367, "left": 582559.4178000001, "top": 4502688.4247000003, "right": 583418.4178000001, "bottom": 4501829.4247000003, "row_index": 32, "col_index": 23, "sq_id": 1367 }, "geometry": { "type": "Polygon", "coordinates": [ [ [ -74.023185391083246, 40.670943810930439 ], [ -74.013023425908244, 40.670857386592772 ], [ -74.0131374971279, 40.663120011569205 ], [ -74.02329828827682, 40.663206412453434 ], [ -74.023185391083246, 40.670943810930439 ] ] ] } },
{ "type": "Feature", "properties": { "id": 1360, "left": 582559.4178000001, "top": 4508701.4247000003, "right": 583418.4178000001, "bottom": 4507842.4247000003, "row_index": 25, "col_index": 23, "sq_id": 1360 }, "geometry": { "type": "Polygon", "coordinates": [ [ [ -74.022393881821799, 40.725105301712645 ], [ -74.012223685689264, 40.725018713050758 ], [ -74.012338067465862, 40.717281412707713 ], [ -74.022507086377161, 40.717367977878602 ], [ -74.022393881821799, 40.725105301712645 ] ] ] } },
{ "type": "Feature", "properties": { "id": 1361, "left": 582559.4178000001, "top": 4507842.4247000003, "right": 583418.4178000001, "bottom": 4506983.4247000003, "row_index": 26, "col_index": 23, "sq_id": 1361 }, "geometry": { "type": "Polygon", "coordinates": [ [ [ -74.022507086377161, 40.717367977878602 ], [ -74.012338067465862, 40.717281412707713 ], [ -74.012452404818617, 40.709544101694391 ], [ -74.022620246965744, 40.709630643379668 ], [ -74.022507086377161, 40.717367977878602 ] ] ] } },
{ "type": "Feature", "properties": { "id": 1362, "left": 582559.4178000001, "top": 4506983.4247000003, "right": 583418.4178000001, "bottom": 4506124.4247000003, "row_index": 27, "col_index": 23, "sq_id": 1362 }, "geometry": { "type": "Polygon", "coordinates": [ [ [ -74.022620246965744, 40.709630643379668 ], [ -74.012452404818617, 40.709544101694391 ], [ -74.012566697767056, 40.701806780011353 ], [ -74.022733363606861, 40.701893298216383 ], [ -74.022620246965744, 40.709630643379668 ] ] ] } },
{ "type": "Feature", "properties": { "id": 1363, "left": 582559.4178000001, "top": 4506124.4247000003, "right": 583418.4178000001, "bottom": 4505265.4247000003, "row_index": 28, "col_index": 23, "sq_id": 1363 }, "geometry": { "type": "Polygon", "coordinates": [ [ [ -74.022733363606861, 40.701893298216383 ], [ -74.012566697767056, 40.701806780011353 ], [ -74.012680946330732, 40.694069447659125 ], [ -74.022846436319867, 40.694155942389273 ], [ -74.022733363606861, 40.701893298216383 ] ] ] } },
{ "type": "Feature", "properties": { "id": 684, "left": 572251.4178000001, "top": 4491521.4247000003, "right": 573110.4178000001, "bottom": 4490662.4247000003, "row_index": 45, "col_index": 11, "sq_id": 684 }, "geometry": { "type": "Polygon", "coordinates": [ [ [ -74.146413772327151, 40.571320732419146 ], [ -74.136266540709428, 40.571245305900113 ], [ -74.136366019072128, 40.563507527611847 ], [ -74.146512082355429, 40.563582933649791 ], [ -74.146413772327151, 40.571320732419146 ] ] ] } },
{ "type": "Feature", "properties": { "id": 685, "left": 572251.4178000001, "top": 4490662.4247000003, "right": 573110.4178000001, "bottom": 4489803.4247000003, "row_index": 46, "col_index": 11, "sq_id": 685 }, "geometry": { "type": "Polygon", "coordinates": [ [ [ -74.146512082355429, 40.563582933649791 ], [ -74.136366019072128, 40.563507527611847 ], [ -74.136465458836952, 40.555769738724408 ], [ -74.14661035423903, 40.555845124285916 ], [ -74.146512082355429, 40.563582933649791 ] ] ] } },
{ "type": "Feature", "properties": { "id": 686, "left": 572251.4178000001, "top": 4489803.4247000003, "right": 573110.4178000001, "bottom": 4488944.4247000003, "row_index": 47, "col_index": 11, "sq_id": 686 }, "geometry": { "type": "Polygon", "coordinates": [ [ [ -74.14661035423903, 40.555845124285916 ], [ -74.136465458836952, 40.555769738724408 ], [ -74.136564860020826, 40.548031939238307 ], [ -74.146708587994681, 40.548107304328042 ], [ -74.14661035423903, 40.555845124285916 ] ] ] } },
{ "type": "Feature", "properties": { "id": 687, "left": 572251.4178000001, "top": 4488944.4247000003, "right": 573110.4178000001, "bottom": 4488085.4247000003, "row_index": 48, "col_index": 11, "sq_id": 687 }, "geometry": { "type": "Polygon", "coordinates": [ [ [ -74.146708587994681, 40.548107304328042 ], [ -74.136564860020826, 40.548031939238307 ], [ -74.136664222640661, 40.540294129154056 ], [ -74.146806783639093, 40.540369473776686 ], [ -74.146708587994681, 40.548107304328042 ] ] ] } },
{ "type": "Feature", "properties": { "id": 680, "left": 572251.4178000001, "top": 4494957.4247000003, "right": 573110.4178000001, "bottom": 4494098.4247000003, "row_index": 41, "col_index": 11, "sq_id": 680 }, "geometry": { "type": "Polygon", "coordinates": [ [ [ -74.146020150432733, 40.602271821541038 ], [ -74.135868240941406, 40.602196313051024 ], [ -74.1359678738649, 40.594458577164666 ], [ -74.146118613207037, 40.594534065154939 ], [ -74.146020150432733, 40.602271821541038 ] ] ] } },
{ "type": "Feature", "properties": { "id": 681, "left": 572251.4178000001, "top": 4494098.4247000003, "right": 573110.4178000001, "bottom": 4493239.4247000003, "row_index": 42, "col_index": 11, "sq_id": 681 }, "geometry": { "type": "Polygon", "coordinates": [ [ [ -74.146118613207037, 40.594534065154939 ], [ -74.1359678738649, 40.594458577164666 ], [ -74.136067468122761, 40.586720830677052 ], [ -74.146217037769702, 40.586796298172246 ], [ -74.146118613207037, 40.594534065154939 ] ] ] } },
{ "type": "Feature", "properties": { "id": 682, "left": 572251.4178000001, "top": 4493239.4247000003, "right": 573110.4178000001, "bottom": 4492380.4247000003, "row_index": 43, "col_index": 11, "sq_id": 682 }, "geometry": { "type": "Polygon", "coordinates": [ [ [ -74.146217037769702, 40.586796298172246 ], [ -74.136067468122761, 40.586720830677052 ], [ -74.136167023731971, 40.578983073588695 ], [ -74.146315424137484, 40.579058520593478 ], [ -74.146217037769702, 40.586796298172246 ] ] ] } },
{ "type": "Feature", "properties": { "id": 683, "left": 572251.4178000001, "top": 4492380.4247000003, "right": 573110.4178000001, "bottom": 4491521.4247000003, "row_index": 44, "col_index": 11, "sq_id": 683 }, "geometry": { "type": "Polygon", "coordinates": [ [ [ -74.146315424137484, 40.579058520593478 ], [ -74.136167023731971, 40.578983073588695 ], [ -74.136266540709428, 40.571245305900113 ], [ -74.146413772327151, 40.571320732419146 ], [ -74.146315424137484, 40.579058520593478 ] ] ] } },
{ "type": "Feature", "properties": { "id": 676, "left": 572251.4178000001, "top": 4498393.4247000003, "right": 573110.4178000001, "bottom": 4497534.4247000003, "row_index": 37, "col_index": 11, "sq_id": 676 }, "geometry": { "type": "Polygon", "coordinates": [ [ [ -74.145625916883674, 40.633222741109286 ], [ -74.13546932225168, 40.633147150573564 ], [ -74.135569110007467, 40.625409457097398 ], [ -74.145724532672304, 40.625485027114685 ], [ -74.145625916883674, 40.633222741109286 ] ] ] } },
{ "type": "Feature", "properties": { "id": 677, "left": 572251.4178000001, "top": 4497534.4247000003, "right": 573110.4178000001, "bottom": 4496675.4247000003, "row_index": 38, "col_index": 11, "sq_id": 677 }, "geometry": { "type": "Polygon", "coordinates": [ [ [ -74.145724532672304, 40.625485027114685 ], [ -74.135569110007467, 40.625409457097398 ], [ -74.135668859029678, 40.617671753017902 ], [ -74.14582311018215, 40.617747302521416 ], [ -74.145724532672304, 40.625485027114685 ] ] ] } },
{ "type": "Feature", "properties": { "id": 678, "left": 572251.4178000001, "top": 4496675.4247000003, "right": 573110.4178000001, "bottom": 4495816.4247000003, "row_index": 39, "col_index": 11, "sq_id": 678 }, "geometry": { "type": "Polygon", "coordinates": [ [ [ -74.14582311018215, 40.617747302521416 ], [ -74.135668859029678, 40.617671753017902 ], [ -74.13576856933534, 40.609934038335602 ], [ -74.145921649430036, 40.610009567330039 ], [ -74.14582311018215, 40.617747302521416 ] ] ] } },
{ "type": "Feature", "properties": { "id": 679, "left": 572251.4178000001, "top": 4495816.4247000003, "right": 573110.4178000001, "bottom": 4494957.4247000003, "row_index": 40, "col_index": 11, "sq_id": 679 }, "geometry": { "type": "Polygon", "coordinates": [ [ [ -74.145921649430036, 40.610009567330039 ], [ -74.13576856933534, 40.609934038335602 ], [ -74.135868240941406, 40.602196313051024 ], [ -74.146020150432733, 40.602271821541038 ], [ -74.145921649430036, 40.610009567330039 ] ] ] } },
{ "type": "Feature", "properties": { "id": 674, "left": 572251.4178000001, "top": 4500111.4247000003, "right": 573110.4178000001, "bottom": 4499252.4247000003, "row_index": 35, "col_index": 11, "sq_id": 674 }, "geometry": { "type": "Polygon", "coordinates": [ [ [ -74.145428570402842, 40.648698137300507 ], [ -74.135269630471385, 40.648622505713845 ], [ -74.135369495745323, 40.640884833445881 ], [ -74.145527262799462, 40.640960444504735 ], [ -74.145428570402842, 40.648698137300507 ] ] ] } },
{ "type": "Feature", "properties": { "id": 675, "left": 572251.4178000001, "top": 4499252.4247000003, "right": 573110.4178000001, "bottom": 4498393.4247000003, "row_index": 36, "col_index": 11, "sq_id": 675 }, "geometry": { "type": "Polygon", "coordinates": [ [ [ -74.145527262799462, 40.640960444504735 ], [ -74.135369495745323, 40.640884833445881 ], [ -74.13546932225168, 40.633147150573564 ], [ -74.145625916883674, 40.633222741109286 ], [ -74.145527262799462, 40.640960444504735 ] ] ] } },
{ "type": "Feature", "properties": { "id": 2748, "left": 603175.4178000001, "top": 4512137.4247000003, "right": 604034.4178000001, "bottom": 4511278.4247000003, "row_index": 21, "col_index": 47, "sq_id": 2748 }, "geometry": { "type": "Polygon", "coordinates": [ [ [ -73.777756008286815, 40.753726596097749 ], [ -73.767582293610573, 40.75361839208167 ], [ -73.767725144167272, 40.745881771676359 ], [ -73.777897680318262, 40.745989946344345 ], [ -73.777756008286815, 40.753726596097749 ] ] ] } },
{ "type": "Feature", "properties": { "id": 2749, "left": 603175.4178000001, "top": 4511278.4247000003, "right": 604034.4178000001, "bottom": 4510419.4247000003, "row_index": 22, "col_index": 47, "sq_id": 2749 }, "geometry": { "type": "Polygon", "coordinates": [ [ [ -73.777897680318262, 40.745989946344345 ], [ -73.767725144167272, 40.745881771676359 ], [ -73.76786793923732, 40.738145140452744 ], [ -73.778039297320589, 40.738253285779365 ], [ -73.777897680318262, 40.745989946344345 ] ] ] } },
{ "type": "Feature", "properties": { "id": 2750, "left": 603175.4178000001, "top": 4510419.4247000003, "right": 604034.4178000001, "bottom": 4509560.4247000003, "row_index": 23, "col_index": 47, "sq_id": 2750 }, "geometry": { "type": "Polygon", "coordinates": [ [ [ -73.778039297320589, 40.738253285779365 ], [ -73.76786793923732, 40.738145140452744 ], [ -73.768010678845158, 40.73040849841145 ], [ -73.778180859318013, 40.73051661440342 ], [ -73.778039297320589, 40.738253285779365 ] ] ] } },
{ "type": "Feature", "properties": { "id": 2751, "left": 603175.4178000001, "top": 4509560.4247000003, "right": 604034.4178000001, "bottom": 4508701.4247000003, "row_index": 24, "col_index": 47, "sq_id": 2751 }, "geometry": { "type": "Polygon", "coordinates": [ [ [ -73.778180859318013, 40.73051661440342 ], [ -73.768010678845158, 40.73040849841145 ], [ -73.768153363015202, 40.722671845553087 ], [ -73.778322366334748, 40.722779932217101 ], [ -73.778180859318013, 40.73051661440342 ] ] ] } },
{ "type": "Feature", "properties": { "id": 2744, "left": 603175.4178000001, "top": 4515573.4247000003, "right": 604034.4178000001, "bottom": 4514714.4247000003, "row_index": 17, "col_index": 47, "sq_id": 2744 }, "geometry": { "type": "Polygon", "coordinates": [ [ [ -73.77718876938475, 40.78467308698346 ], [ -73.767010336028306, 40.784564765507803 ], [ -73.767153408776139, 40.776828188381742 ], [ -73.777330661775252, 40.776936480482412 ], [ -73.77718876938475, 40.78467308698346 ] ] ] } },
{ "type": "Feature", "properties": { "id": 2745, "left": 603175.4178000001, "top": 4514714.4247000003, "right": 604034.4178000001, "bottom": 4513855.4247000003, "row_index": 18, "col_index": 47, "sq_id": 2745 }, "geometry": { "type": "Polygon", "coordinates": [ [ [ -73.777330661775252, 40.776936480482412 ], [ -73.767153408776139, 40.776828188381742 ], [ -73.767296425939477, 40.769091600434969 ], [ -73.77747249903959, 40.769199863167373 ], [ -73.777330661775252, 40.776936480482412 ] ] ] } },
{ "type": "Feature", "properties": { "id": 2746, "left": 603175.4178000001, "top": 4513855.4247000003, "right": 604034.4178000001, "bottom": 4512996.4247000003, "row_index": 19, "col_index": 47, "sq_id": 2746 }, "geometry": { "type": "Polygon", "coordinates": [ [ [ -73.77747249903959, 40.769199863167373 ], [ -73.767296425939477, 40.769091600434969 ], [ -73.767439387542794, 40.761355001668079 ], [ -73.777614281202005, 40.76146323503896 ], [ -73.77747249903959, 40.769199863167373 ] ] ] } },
{ "type": "Feature", "properties": { "id": 688, "left": 572251.4178000001, "top": 4488085.4247000003, "right": 573110.4178000001, "bottom": 4487226.4247000003, "row_index": 49, "col_index": 11, "sq_id": 688 }, "geometry": { "type": "Polygon", "coordinates": [ [ [ -74.146806783639093, 40.540369473776686 ], [ -74.136664222640661, 40.540294129154056 ], [ -74.13676354671334, 40.532556308472202 ], [ -74.14690494118895, 40.532631632632338 ], [ -74.146806783639093, 40.540369473776686 ] ] ] } },
{ "type": "Feature", "properties": { "id": 2747, "left": 603175.4178000001, "top": 4512996.4247000003, "right": 604034.4178000001, "bottom": 4512137.4247000003, "row_index": 20, "col_index": 47, "sq_id": 2747 }, "geometry": { "type": "Polygon", "coordinates": [ [ [ -73.777614281202005, 40.76146323503896 ], [ -73.767439387542794, 40.761355001668079 ], [ -73.767582293610573, 40.75361839208167 ], [ -73.777756008286815, 40.753726596097749 ], [ -73.777614281202005, 40.76146323503896 ] ] ] } },
{ "type": "Feature", "properties": { "id": 689, "left": 572251.4178000001, "top": 4487226.4247000003, "right": 573110.4178000001, "bottom": 4486367.4247000003, "row_index": 50, "col_index": 11, "sq_id": 689 }, "geometry": { "type": "Polygon", "coordinates": [ [ [ -74.14690494118895, 40.532631632632338 ], [ -74.13676354671334, 40.532556308472202 ], [ -74.13686283225573, 40.524818477193264 ], [ -74.147003060660936, 40.524893780895589 ], [ -74.14690494118895, 40.532631632632338 ] ] ] } },
{ "type": "Feature", "properties": { "id": 2742, "left": 603175.4178000001, "top": 4517291.4247000003, "right": 604034.4178000001, "bottom": 4516432.4247000003, "row_index": 15, "col_index": 47, "sq_id": 2742 }, "geometry": { "type": "Polygon", "coordinates": [ [ [ -73.77690481912795, 40.800146267541137 ], [ -73.766724023681036, 40.800037887295275 ], [ -73.766867207671439, 40.792301331812503 ], [ -73.777046821843754, 40.792409682669906 ], [ -73.77690481912795, 40.800146267541137 ] ] ] } },
{ "type": "Feature", "properties": { "id": 2743, "left": 603175.4178000001, "top": 4516432.4247000003, "right": 604034.4178000001, "bottom": 4515573.4247000003, "row_index": 16, "col_index": 47, "sq_id": 2743 }, "geometry": { "type": "Polygon", "coordinates": [ [ [ -73.777046821843754, 40.792409682669906 ], [ -73.766867207671439, 40.792301331812503 ], [ -73.767010336028306, 40.784564765507803 ], [ -73.77718876938475, 40.78467308698346 ], [ -73.777046821843754, 40.792409682669906 ] ] ] } },
{ "type": "Feature", "properties": { "id": 2700, "left": 602316.4178000001, "top": 4503547.4247000003, "right": 603175.4178000001, "bottom": 4502688.4247000003, "row_index": 31, "col_index": 46, "sq_id": 2700 }, "geometry": { "type": "Polygon", "coordinates": [ [ [ -73.789332259994168, 40.676466628809749 ], [ -73.779170255194572, 40.676359612115604 ], [ -73.779311378023067, 40.668622854273792 ], [ -73.789472208839499, 40.668729841929377 ], [ -73.789332259994168, 40.676466628809749 ] ] ] } },
{ "type": "Feature", "properties": { "id": 2701, "left": 602316.4178000001, "top": 4502688.4247000003, "right": 603175.4178000001, "bottom": 4501829.4247000003, "row_index": 32, "col_index": 46, "sq_id": 2701 }, "geometry": { "type": "Polygon", "coordinates": [ [ [ -73.789472208839499, 40.668729841929377 ], [ -73.779311378023067, 40.668622854273792 ], [ -73.779452446064028, 40.660886085626466 ], [ -73.789612103352781, 40.660993044250169 ], [ -73.789472208839499, 40.668729841929377 ] ] ] } },
{ "type": "Feature", "properties": { "id": 2702, "left": 602316.4178000001, "top": 4501829.4247000003, "right": 603175.4178000001, "bottom": 4500970.4247000003, "row_index": 33, "col_index": 46, "sq_id": 2702 }, "geometry": { "type": "Polygon", "coordinates": [ [ [ -73.789612103352781, 40.660993044250169 ], [ -73.779452446064028, 40.660886085626466 ], [ -73.779593459341484, 40.653149306174278 ], [ -73.789751943557889, 40.653256235772687 ], [ -73.789612103352781, 40.660993044250169 ] ] ] } },
{ "type": "Feature", "properties": { "id": 2703, "left": 602316.4178000001, "top": 4500970.4247000003, "right": 603175.4178000001, "bottom": 4500111.4247000003, "row_index": 34, "col_index": 46, "sq_id": 2703 }, "geometry": { "type": "Polygon", "coordinates": [ [ [ -73.789751943557889, 40.653256235772687 ], [ -73.779593459341484, 40.653149306174278 ], [ -73.779734417879482, 40.645412515917833 ], [ -73.789891729478697, 40.645519416497578 ], [ -73.789751943557889, 40.653256235772687 ] ] ] } },
{ "type": "Feature", "properties": { "id": 2696, "left": 602316.4178000001, "top": 4506983.4247000003, "right": 603175.4178000001, "bottom": 4506124.4247000003, "row_index": 27, "col_index": 46, "sq_id": 2696 }, "geometry": { "type": "Polygon", "coordinates": [ [ [ -73.788771920814582, 40.707413668330403 ], [ -73.77860521552293, 40.707306535415803 ], [ -73.778746557742707, 40.699569820802047 ], [ -73.788912087227061, 40.69967692465157 ], [ -73.788771920814582, 40.707413668330403 ] ] ] } },
{ "type": "Feature", "properties": { "id": 2697, "left": 602316.4178000001, "top": 4506124.4247000003, "right": 603175.4178000001, "bottom": 4505265.4247000003, "row_index": 28, "col_index": 46, "sq_id": 2697 }, "geometry": { "type": "Polygon", "coordinates": [ [ [ -73.788912087227061, 40.69967692465157 ], [ -73.778746557742707, 40.699569820802047 ], [ -73.778887845078501, 40.691833095380346 ], [ -73.789052199211866, 40.691940170171435 ], [ -73.788912087227061, 40.69967692465157 ] ] ] } },
{ "type": "Feature", "properties": { "id": 2698, "left": 602316.4178000001, "top": 4505265.4247000003, "right": 603175.4178000001, "bottom": 4504406.4247000003, "row_index": 29, "col_index": 46, "sq_id": 2698 }, "geometry": { "type": "Polygon", "coordinates": [ [ [ -73.789052199211866, 40.691940170171435 ], [ -73.778887845078501, 40.691833095380346 ], [ -73.779029077554412, 40.68409635915134 ], [ -73.78919225679293, 40.684203404890617 ], [ -73.789052199211866, 40.691940170171435 ] ] ] } },
{ "type": "Feature", "properties": { "id": 2699, "left": 602316.4178000001, "top": 4504406.4247000003, "right": 603175.4178000001, "bottom": 4503547.4247000003, "row_index": 30, "col_index": 46, "sq_id": 2699 }, "geometry": { "type": "Polygon", "coordinates": [ [ [ -73.78919225679293, 40.684203404890617 ], [ -73.779029077554412, 40.68409635915134 ], [ -73.779170255194572, 40.676359612115604 ], [ -73.789332259994168, 40.676466628809749 ], [ -73.78919225679293, 40.684203404890617 ] ] ] } },
{ "type": "Feature", "properties": { "id": 2692, "left": 602316.4178000001, "top": 4510419.4247000003, "right": 603175.4178000001, "bottom": 4509560.4247000003, "row_index": 23, "col_index": 46, "sq_id": 2692 }, "geometry": { "type": "Polygon", "coordinates": [ [ [ -73.788210710408748, 40.738360535020774 ], [ -73.778039297320589, 40.738253285779365 ], [ -73.778180859318013, 40.73051661440342 ], [ -73.788351094771542, 40.730623834553143 ], [ -73.788210710408748, 40.738360535020774 ] ] ] } },
{ "type": "Feature", "properties": { "id": 2693, "left": 602316.4178000001, "top": 4509560.4247000003, "right": 603175.4178000001, "bottom": 4508701.4247000003, "row_index": 24, "col_index": 46, "sq_id": 2693 }, "geometry": { "type": "Polygon", "coordinates": [ [ [ -73.788351094771542, 40.730623834553143 ], [ -73.778180859318013, 40.73051661440342 ], [ -73.778322366334748, 40.722779932217101 ], [ -73.788491424610797, 40.722887123281801 ], [ -73.788351094771542, 40.730623834553143 ] ] ] } },
{ "type": "Feature", "properties": { "id": 2694, "left": 602316.4178000001, "top": 4508701.4247000003, "right": 603175.4178000001, "bottom": 4507842.4247000003, "row_index": 25, "col_index": 46, "sq_id": 2694 }, "geometry": { "type": "Polygon", "coordinates": [ [ [ -73.788491424610797, 40.722887123281801 ], [ -73.778322366334748, 40.722779932217101 ], [ -73.778463818394997, 40.715043239221032 ], [ -73.788631699950486, 40.715150401207353 ], [ -73.788491424610797, 40.722887123281801 ] ] ] } },
{ "type": "Feature", "properties": { "id": 2695, "left": 602316.4178000001, "top": 4507842.4247000003, "right": 603175.4178000001, "bottom": 4506983.4247000003, "row_index": 26, "col_index": 46, "sq_id": 2695 }, "geometry": { "type": "Polygon", "coordinates": [ [ [ -73.788631699950486, 40.715150401207353 ], [ -73.778463818394997, 40.715043239221032 ], [ -73.77860521552293, 40.707306535415803 ], [ -73.788771920814582, 40.707413668330403 ], [ -73.788631699950486, 40.715150401207353 ] ] ] } },
{ "type": "Feature", "properties": { "id": 2688, "left": 602316.4178000001, "top": 4513855.4247000003, "right": 603175.4178000001, "bottom": 4512996.4247000003, "row_index": 19, "col_index": 46, "sq_id": 2688 }, "geometry": { "type": "Polygon", "coordinates": [ [ [ -73.78764862724158, 40.769307228842138 ], [ -73.77747249903959, 40.769199863167373 ], [ -73.777614281202005, 40.76146323503896 ], [ -73.787789229938852, 40.761570571595378 ], [ -73.78764862724158, 40.769307228842138 ] ] ] } },
{ "type": "Feature", "properties": { "id": 2689, "left": 602316.4178000001, "top": 4512996.4247000003, "right": 603175.4178000001, "bottom": 4512137.4247000003, "row_index": 20, "col_index": 46, "sq_id": 2689 }, "geometry": { "type": "Polygon", "coordinates": [ [ [ -73.787789229938852, 40.761570571595378 ], [ -73.777614281202005, 40.76146323503896 ], [ -73.777756008286815, 40.753726596097749 ], [ -73.787929778016434, 40.753833903542493 ], [ -73.787789229938852, 40.761570571595378 ] ] ] } },
{ "type": "Feature", "properties": { "id": 2690, "left": 602316.4178000001, "top": 4512137.4247000003, "right": 603175.4178000001, "bottom": 4511278.4247000003, "row_index": 21, "col_index": 46, "sq_id": 2690 }, "geometry": { "type": "Polygon", "coordinates": [ [ [ -73.787929778016434, 40.753833903542493 ], [ -73.777756008286815, 40.753726596097749 ], [ -73.777897680318262, 40.745989946344345 ], [ -73.788070271498384, 40.7460972246841 ], [ -73.787929778016434, 40.753833903542493 ] ] ] } },
{ "type": "Feature", "properties": { "id": 2691, "left": 602316.4178000001, "top": 4511278.4247000003, "right": 603175.4178000001, "bottom": 4510419.4247000003, "row_index": 22, "col_index": 46, "sq_id": 2691 }, "geometry": { "type": "Polygon", "coordinates": [ [ [ -73.788070271498384, 40.7460972246841 ], [ -73.777897680318262, 40.745989946344345 ], [ -73.778039297320589, 40.738253285779365 ], [ -73.788210710408748, 40.738360535020774 ], [ -73.788070271498384, 40.7460972246841 ] ] ] } },
{ "type": "Feature", "properties": { "id": 2708, "left": 602316.4178000001, "top": 4496675.4247000003, "right": 603175.4178000001, "bottom": 4495816.4247000003, "row_index": 39, "col_index": 46, "sq_id": 2708 }, "geometry": { "type": "Polygon", "coordinates": [ [ [ -73.790450330795366, 40.614572031432978 ], [ -73.780297705117704, 40.614465246861677 ], [ -73.780438390318807, 40.606728402593134 ], [ -73.790589845651894, 40.606835158178832 ], [ -73.790450330795366, 40.614572031432978 ] ] ] } },
{ "type": "Feature", "properties": { "id": 2709, "left": 602316.4178000001, "top": 4495816.4247000003, "right": 603175.4178000001, "bottom": 4494957.4247000003, "row_index": 40, "col_index": 46, "sq_id": 2709 }, "geometry": { "type": "Polygon", "coordinates": [ [ [ -73.790589845651894, 40.606835158178832 ], [ -73.780438390318807, 40.606728402593134 ], [ -73.780579020924463, 40.598991547524022 ], [ -73.790729306366941, 40.599098274130718 ], [ -73.790589845651894, 40.606835158178832 ] ] ] } },
{ "type": "Feature", "properties": { "id": 2710, "left": 602316.4178000001, "top": 4494957.4247000003, "right": 603175.4178000001, "bottom": 4494098.4247000003, "row_index": 41, "col_index": 46, "sq_id": 2710 }, "geometry": { "type": "Polygon", "coordinates": [ [ [ -73.790729306366941, 40.599098274130718 ], [ -73.780579020924463, 40.598991547524022 ], [ -73.780719596958647, 40.591254681654959 ], [ -73.790868712964212, 40.591361379289253 ], [ -73.790729306366941, 40.599098274130718 ] ] ] } },
{ "type": "Feature", "properties": { "id": 2711, "left": 602316.4178000001, "top": 4494098.4247000003, "right": 603175.4178000001, "bottom": 4493239.4247000003, "row_index": 42, "col_index": 46, "sq_id": 2711 }, "geometry": { "type": "Polygon", "coordinates": [ [ [ -73.790868712964212, 40.591361379289253 ], [ -73.780719596958647, 40.591254681654959 ], [ -73.780860118445261, 40.583517804986563 ], [ -73.79100806546748, 40.583624473655064 ], [ -73.790868712964212, 40.591361379289253 ] ] ] } },
{ "type": "Feature", "properties": { "id": 2704, "left": 602316.4178000001, "top": 4500111.4247000003, "right": 603175.4178000001, "bottom": 4499252.4247000003, "row_index": 35, "col_index": 46, "sq_id": 2704 }, "geometry": { "type": "Polygon", "coordinates": [ [ [ -73.789891729478697, 40.645519416497578 ], [ -73.779734417879482, 40.645412515917833 ], [ -73.779875321702107, 40.637675714857735 ], [ -73.790031461139023, 40.637782586425452 ], [ -73.789891729478697, 40.645519416497578 ] ] ] } },
{ "type": "Feature", "properties": { "id": 2705, "left": 602316.4178000001, "top": 4499252.4247000003, "right": 603175.4178000001, "bottom": 4498393.4247000003, "row_index": 36, "col_index": 46, "sq_id": 2705 }, "geometry": { "type": "Polygon", "coordinates": [ [ [ -73.790031461139023, 40.637782586425452 ], [ -73.779875321702107, 40.637675714857735 ], [ -73.780016170833349, 40.629938902994596 ], [ -73.790171138562712, 40.630045745556899 ], [ -73.790031461139023, 40.637782586425452 ] ] ] } },
{ "type": "Feature", "properties": { "id": 2706, "left": 602316.4178000001, "top": 4498393.4247000003, "right": 603175.4178000001, "bottom": 4497534.4247000003, "row_index": 37, "col_index": 46, "sq_id": 2706 }, "geometry": { "type": "Polygon", "coordinates": [ [ [ -73.790171138562712, 40.630045745556899 ], [ -73.780016170833349, 40.629938902994596 ], [ -73.780156965297209, 40.622202080329039 ], [ -73.790310761773569, 40.622308893892537 ], [ -73.790171138562712, 40.630045745556899 ] ] ] } },
{ "type": "Feature", "properties": { "id": 744, "left": 573110.4178000001, "top": 4489803.4247000003, "right": 573969.4178000001, "bottom": 4488944.4247000003, "row_index": 47, "col_index": 12, "sq_id": 744 }, "geometry": { "type": "Polygon", "coordinates": [ [ [ -74.136465458836952, 40.555769738724408 ], [ -74.126320602015824, 40.555693462478352 ], [ -74.12642117061101, 40.547955683705844 ], [ -74.136564860020826, 40.548031939238307 ], [ -74.136465458836952, 40.555769738724408 ] ] ] } },
{ "type": "Feature", "properties": { "id": 2707, "left": 602316.4178000001, "top": 4497534.4247000003, "right": 603175.4178000001, "bottom": 4496675.4247000003, "row_index": 38, "col_index": 46, "sq_id": 2707 }, "geometry": { "type": "Polygon", "coordinates": [ [ [ -73.790310761773569, 40.622308893892537 ], [ -73.780156965297209, 40.622202080329039 ], [ -73.780297705117704, 40.614465246861677 ], [ -73.790450330795366, 40.614572031432978 ], [ -73.790310761773569, 40.622308893892537 ] ] ] } },
{ "type": "Feature", "properties": { "id": 745, "left": 573110.4178000001, "top": 4488944.4247000003, "right": 573969.4178000001, "bottom": 4488085.4247000003, "row_index": 48, "col_index": 12, "sq_id": 745 }, "geometry": { "type": "Polygon", "coordinates": [ [ [ -74.136564860020826, 40.548031939238307 ], [ -74.12642117061101, 40.547955683705844 ], [ -74.126521700189372, 40.540217894330496 ], [ -74.136664222640661, 40.540294129154056 ], [ -74.136564860020826, 40.548031939238307 ] ] ] } },
{ "type": "Feature", "properties": { "id": 746, "left": 573110.4178000001, "top": 4488085.4247000003, "right": 573969.4178000001, "bottom": 4487226.4247000003, "row_index": 49, "col_index": 12, "sq_id": 746 }, "geometry": { "type": "Polygon", "coordinates": [ [ [ -74.136664222640661, 40.540294129154056 ], [ -74.126521700189372, 40.540217894330496 ], [ -74.126622190767989, 40.532480094352827 ], [ -74.13676354671334, 40.532556308472202 ], [ -74.136664222640661, 40.540294129154056 ] ] ] } },
{ "type": "Feature", "properties": { "id": 747, "left": 573110.4178000001, "top": 4487226.4247000003, "right": 573969.4178000001, "bottom": 4486367.4247000003, "row_index": 50, "col_index": 12, "sq_id": 747 }, "geometry": { "type": "Polygon", "coordinates": [ [ [ -74.13676354671334, 40.532556308472202 ], [ -74.126622190767989, 40.532480094352827 ], [ -74.126722642363944, 40.524742283773378 ], [ -74.13686283225573, 40.524818477193264 ], [ -74.13676354671334, 40.532556308472202 ] ] ] } },
{ "type": "Feature", "properties": { "id": 740, "left": 573110.4178000001, "top": 4493239.4247000003, "right": 573969.4178000001, "bottom": 4492380.4247000003, "row_index": 43, "col_index": 12, "sq_id": 740 }, "geometry": { "type": "Polygon", "coordinates": [ [ [ -74.136067468122761, 40.586720830677052 ], [ -74.125917937124498, 40.586644471529461 ], [ -74.126018661958156, 40.578906735173554 ], [ -74.136167023731971, 40.578983073588695 ], [ -74.136067468122761, 40.586720830677052 ] ] ] } },
{ "type": "Feature", "properties": { "id": 741, "left": 573110.4178000001, "top": 4492380.4247000003, "right": 573969.4178000001, "bottom": 4491521.4247000003, "row_index": 44, "col_index": 12, "sq_id": 741 }, "geometry": { "type": "Polygon", "coordinates": [ [ [ -74.136167023731971, 40.578983073588695 ], [ -74.126018661958156, 40.578906735173554 ], [ -74.126119347706506, 40.571168988212733 ], [ -74.136266540709428, 40.571245305900113 ], [ -74.136167023731971, 40.578983073588695 ] ] ] } },
{ "type": "Feature", "properties": { "id": 742, "left": 573110.4178000001, "top": 4491521.4247000003, "right": 573969.4178000001, "bottom": 4490662.4247000003, "row_index": 45, "col_index": 12, "sq_id": 742 }, "geometry": { "type": "Polygon", "coordinates": [ [ [ -74.136266540709428, 40.571245305900113 ], [ -74.126119347706506, 40.571168988212733 ], [ -74.126219994386688, 40.563431230647481 ], [ -74.136366019072128, 40.563507527611847 ], [ -74.136266540709428, 40.571245305900113 ] ] ] } },
{ "type": "Feature", "properties": { "id": 743, "left": 573110.4178000001, "top": 4490662.4247000003, "right": 573969.4178000001, "bottom": 4489803.4247000003, "row_index": 46, "col_index": 12, "sq_id": 743 }, "geometry": { "type": "Polygon", "coordinates": [ [ [ -74.136366019072128, 40.563507527611847 ], [ -74.126219994386688, 40.563431230647481 ], [ -74.126320602015824, 40.555693462478352 ], [ -74.136465458836952, 40.555769738724408 ], [ -74.136366019072128, 40.563507527611847 ] ] ] } },
{ "type": "Feature", "properties": { "id": 736, "left": 573110.4178000001, "top": 4496675.4247000003, "right": 573969.4178000001, "bottom": 4495816.4247000003, "row_index": 39, "col_index": 12, "sq_id": 736 }, "geometry": { "type": "Polygon", "coordinates": [ [ [ -74.135668859029678, 40.617671753017902 ], [ -74.125514646593757, 40.617595310893215 ], [ -74.125615527940198, 40.609857616962287 ], [ -74.13576856933534, 40.609934038335602 ], [ -74.135668859029678, 40.617671753017902 ] ] ] } },
{ "type": "Feature", "properties": { "id": 737, "left": 573110.4178000001, "top": 4495816.4247000003, "right": 573969.4178000001, "bottom": 4494957.4247000003, "row_index": 40, "col_index": 12, "sq_id": 737 }, "geometry": { "type": "Polygon", "coordinates": [ [ [ -74.13576856933534, 40.609934038335602 ], [ -74.125615527940198, 40.609857616962287 ], [ -74.125716370132679, 40.602119912424335 ], [ -74.135868240941406, 40.602196313051024 ], [ -74.13576856933534, 40.609934038335602 ] ] ] } },
{ "type": "Feature", "properties": { "id": 738, "left": 573110.4178000001, "top": 4494957.4247000003, "right": 573969.4178000001, "bottom": 4494098.4247000003, "row_index": 41, "col_index": 12, "sq_id": 738 }, "geometry": { "type": "Polygon", "coordinates": [ [ [ -74.135868240941406, 40.602196313051024 ], [ -74.125716370132679, 40.602119912424335 ], [ -74.125817173188395, 40.594382197279877 ], [ -74.1359678738649, 40.594458577164666 ], [ -74.135868240941406, 40.602196313051024 ] ] ] } },
{ "type": "Feature", "properties": { "id": 739, "left": 573110.4178000001, "top": 4494098.4247000003, "right": 573969.4178000001, "bottom": 4493239.4247000003, "row_index": 42, "col_index": 12, "sq_id": 739 }, "geometry": { "type": "Polygon", "coordinates": [ [ [ -74.1359678738649, 40.594458577164666 ], [ -74.125817173188395, 40.594382197279877 ], [ -74.125917937124498, 40.586644471529461 ], [ -74.136067468122761, 40.586720830677052 ], [ -74.1359678738649, 40.594458577164666 ] ] ] } },
{ "type": "Feature", "properties": { "id": 2812, "left": 604034.4178000001, "top": 4506983.4247000003, "right": 604893.4178000001, "bottom": 4506124.4247000003, "row_index": 27, "col_index": 48, "sq_id": 2812 }, "geometry": { "type": "Polygon", "coordinates": [ [ [ -73.768438565139434, 40.707198507387567 ], [ -73.758271970120575, 40.707089584259734 ], [ -73.758415663882332, 40.699352928504368 ], [ -73.768581083142365, 40.699461822081624 ], [ -73.768438565139434, 40.707198507387567 ] ] ] } },
{ "type": "Feature", "properties": { "id": 2813, "left": 604034.4178000001, "top": 4506124.4247000003, "right": 604893.4178000001, "bottom": 4505265.4247000003, "row_index": 28, "col_index": 48, "sq_id": 2813 }, "geometry": { "type": "Polygon", "coordinates": [ [ [ -73.768581083142365, 40.699461822081624 ], [ -73.758415663882332, 40.699352928504368 ], [ -73.758559301847455, 40.691616261927628 ], [ -73.768723545804988, 40.691725125961057 ], [ -73.768581083142365, 40.699461822081624 ] ] ] } },
{ "type": "Feature", "properties": { "id": 2814, "left": 604034.4178000001, "top": 4505265.4247000003, "right": 604893.4178000001, "bottom": 4504406.4247000003, "row_index": 29, "col_index": 48, "sq_id": 2814 }, "geometry": { "type": "Polygon", "coordinates": [ [ [ -73.768723545804988, 40.691725125961057 ], [ -73.758559301847455, 40.691616261927628 ], [ -73.758702884040517, 40.683879584530118 ], [ -73.768865953151618, 40.683988419026484 ], [ -73.768723545804988, 40.691725125961057 ] ] ] } },
{ "type": "Feature", "properties": { "id": 2815, "left": 604034.4178000001, "top": 4504406.4247000003, "right": 604893.4178000001, "bottom": 4503547.4247000003, "row_index": 30, "col_index": 48, "sq_id": 2815 }, "geometry": { "type": "Polygon", "coordinates": [ [ [ -73.768865953151618, 40.683988419026484 ], [ -73.758702884040517, 40.683879584530118 ], [ -73.758846410486015, 40.676142896312463 ], [ -73.769008305206611, 40.676251701278503 ], [ -73.768865953151618, 40.683988419026484 ] ] ] } },
{ "type": "Feature", "properties": { "id": 2808, "left": 604034.4178000001, "top": 4510419.4247000003, "right": 604893.4178000001, "bottom": 4509560.4247000003, "row_index": 23, "col_index": 48, "sq_id": 2808 }, "geometry": { "type": "Polygon", "coordinates": [ [ [ -73.76786793923732, 40.738145140452744 ], [ -73.757696636616274, 40.73803609905503 ], [ -73.757840553810098, 40.730299486591342 ], [ -73.768010678845158, 40.73040849841145 ], [ -73.76786793923732, 40.738145140452744 ] ] ] } },
{ "type": "Feature", "properties": { "id": 2809, "left": 604034.4178000001, "top": 4509560.4247000003, "right": 604893.4178000001, "bottom": 4508701.4247000003, "row_index": 24, "col_index": 48, "sq_id": 2809 }, "geometry": { "type": "Polygon", "coordinates": [ [ [ -73.768010678845158, 40.73040849841145 ], [ -73.757840553810098, 40.730299486591342 ], [ -73.75798441510905, 40.722562863303821 ], [ -73.768153363015202, 40.722671845553087 ], [ -73.768010678845158, 40.73040849841145 ] ] ] } },
{ "type": "Feature", "properties": { "id": 2810, "left": 604034.4178000001, "top": 4508701.4247000003, "right": 604893.4178000001, "bottom": 4507842.4247000003, "row_index": 25, "col_index": 48, "sq_id": 2810 }, "geometry": { "type": "Polygon", "coordinates": [ [ [ -73.768153363015202, 40.722671845553087 ], [ -73.75798441510905, 40.722562863303821 ], [ -73.758128220537671, 40.714826229193086 ], [ -73.768295991771822, 40.714935181878246 ], [ -73.768153363015202, 40.722671845553087 ] ] ] } },
{ "type": "Feature", "properties": { "id": 2811, "left": 604034.4178000001, "top": 4507842.4247000003, "right": 604893.4178000001, "bottom": 4506983.4247000003, "row_index": 26, "col_index": 48, "sq_id": 2811 }, "geometry": { "type": "Polygon", "coordinates": [ [ [ -73.768295991771822, 40.714935181878246 ], [ -73.758128220537671, 40.714826229193086 ], [ -73.758271970120575, 40.707089584259734 ], [ -73.768438565139434, 40.707198507387567 ], [ -73.768295991771822, 40.714935181878246 ] ] ] } },
{ "type": "Feature", "properties": { "id": 2804, "left": 604034.4178000001, "top": 4513855.4247000003, "right": 604893.4178000001, "bottom": 4512996.4247000003, "row_index": 19, "col_index": 48, "sq_id": 2804 }, "geometry": { "type": "Polygon", "coordinates": [ [ [ -73.767296425939477, 40.769091600434969 ], [ -73.757120408399388, 40.768982440659038 ], [ -73.757264549419119, 40.761245871496861 ], [ -73.767439387542794, 40.761355001668079 ], [ -73.767296425939477, 40.769091600434969 ] ] ] } },
{ "type": "Feature", "properties": { "id": 2805, "left": 604034.4178000001, "top": 4512996.4247000003, "right": 604893.4178000001, "bottom": 4512137.4247000003, "row_index": 20, "col_index": 48, "sq_id": 2805 }, "geometry": { "type": "Polygon", "coordinates": [ [ [ -73.767439387542794, 40.761355001668079 ], [ -73.757264549419119, 40.761245871496861 ], [ -73.757408634445397, 40.753509291508408 ], [ -73.767582293610573, 40.75361839208167 ], [ -73.767439387542794, 40.761355001668079 ] ] ] } },
{ "type": "Feature", "properties": { "id": 2806, "left": 604034.4178000001, "top": 4512137.4247000003, "right": 604893.4178000001, "bottom": 4511278.4247000003, "row_index": 21, "col_index": 48, "sq_id": 2806 }, "geometry": { "type": "Polygon", "coordinates": [ [ [ -73.767582293610573, 40.75361839208167 ], [ -73.757408634445397, 40.753509291508408 ], [ -73.757552663502906, 40.74577270069426 ], [ -73.767725144167272, 40.745881771676359 ], [ -73.767582293610573, 40.75361839208167 ] ] ] } },
{ "type": "Feature", "properties": { "id": 2807, "left": 604034.4178000001, "top": 4511278.4247000003, "right": 604893.4178000001, "bottom": 4510419.4247000003, "row_index": 22, "col_index": 48, "sq_id": 2807 }, "geometry": { "type": "Polygon", "coordinates": [ [ [ -73.767725144167272, 40.745881771676359 ], [ -73.757552663502906, 40.74577270069426 ], [ -73.757696636616274, 40.73803609905503 ], [ -73.76786793923732, 40.738145140452744 ], [ -73.767725144167272, 40.745881771676359 ] ] ] } },
{ "type": "Feature", "properties": { "id": 2802, "left": 604034.4178000001, "top": 4515573.4247000003, "right": 604893.4178000001, "bottom": 4514714.4247000003, "row_index": 17, "col_index": 48, "sq_id": 2802 }, "geometry": { "type": "Polygon", "coordinates": [ [ [ -73.767010336028306, 40.784564765507803 ], [ -73.756831958280856, 40.784455546502066 ], [ -73.756976211361533, 40.776718998994312 ], [ -73.767153408776139, 40.776828188381742 ], [ -73.767010336028306, 40.784564765507803 ] ] ] } },
{ "type": "Feature", "properties": { "id": 2803, "left": 604034.4178000001, "top": 4514714.4247000003, "right": 604893.4178000001, "bottom": 4513855.4247000003, "row_index": 18, "col_index": 48, "sq_id": 2803 }, "geometry": { "type": "Polygon", "coordinates": [ [ [ -73.767153408776139, 40.776828188381742 ], [ -73.756976211361533, 40.776718998994312 ], [ -73.757120408399388, 40.768982440659038 ], [ -73.767296425939477, 40.769091600434969 ], [ -73.767153408776139, 40.776828188381742 ] ] ] } },
{ "type": "Feature", "properties": { "id": 2764, "left": 603175.4178000001, "top": 4498393.4247000003, "right": 604034.4178000001, "bottom": 4497534.4247000003, "row_index": 37, "col_index": 47, "sq_id": 2764 }, "geometry": { "type": "Polygon", "coordinates": [ [ [ -73.780016170833349, 40.629938902994596 ], [ -73.769861257771325, 40.629831167743646 ], [ -73.770003223464229, 40.622094374319111 ], [ -73.780156965297209, 40.622202080329039 ], [ -73.780016170833349, 40.629938902994596 ] ] ] } },
{ "type": "Feature", "properties": { "id": 2765, "left": 603175.4178000001, "top": 4497534.4247000003, "right": 604034.4178000001, "bottom": 4496675.4247000003, "row_index": 38, "col_index": 47, "sq_id": 2765 }, "geometry": { "type": "Polygon", "coordinates": [ [ [ -73.780156965297209, 40.622202080329039 ], [ -73.770003223464229, 40.622094374319111 ], [ -73.770145134059433, 40.614357570086092 ], [ -73.780297705117704, 40.614465246861677 ], [ -73.780156965297209, 40.622202080329039 ] ] ] } },
{ "type": "Feature", "properties": { "id": 2766, "left": 603175.4178000001, "top": 4496675.4247000003, "right": 604034.4178000001, "bottom": 4495816.4247000003, "row_index": 39, "col_index": 47, "sq_id": 2766 }, "geometry": { "type": "Polygon", "coordinates": [ [ [ -73.780297705117704, 40.614465246861677 ], [ -73.770145134059433, 40.614357570086092 ], [ -73.770286989581138, 40.606620755045228 ], [ -73.780438390318807, 40.606728402593134 ], [ -73.780297705117704, 40.614465246861677 ] ] ] } },
{ "type": "Feature", "properties": { "id": 2767, "left": 603175.4178000001, "top": 4495816.4247000003, "right": 604034.4178000001, "bottom": 4494957.4247000003, "row_index": 40, "col_index": 47, "sq_id": 2767 }, "geometry": { "type": "Polygon", "coordinates": [ [ [ -73.780438390318807, 40.606728402593134 ], [ -73.770286989581138, 40.606620755045228 ], [ -73.770428790053472, 40.598883929197143 ], [ -73.780579020924463, 40.598991547524022 ], [ -73.780438390318807, 40.606728402593134 ] ] ] } },
{ "type": "Feature", "properties": { "id": 2760, "left": 603175.4178000001, "top": 4501829.4247000003, "right": 604034.4178000001, "bottom": 4500970.4247000003, "row_index": 33, "col_index": 47, "sq_id": 2760 }, "geometry": { "type": "Polygon", "coordinates": [ [ [ -73.779452446064028, 40.660886085626466 ], [ -73.769292843538764, 40.660778233344807 ], [ -73.769435029864496, 40.653041483160308 ], [ -73.779593459341484, 40.653149306174278 ], [ -73.779452446064028, 40.660886085626466 ] ] ] } },
{ "type": "Feature", "properties": { "id": 2761, "left": 603175.4178000001, "top": 4500970.4247000003, "right": 604034.4178000001, "bottom": 4500111.4247000003, "row_index": 34, "col_index": 47, "sq_id": 2761 }, "geometry": { "type": "Polygon", "coordinates": [ [ [ -73.779593459341484, 40.653149306174278 ], [ -73.769435029864496, 40.653041483160308 ], [ -73.769577160995681, 40.645304722164866 ], [ -73.779734417879482, 40.645412515917833 ], [ -73.779593459341484, 40.653149306174278 ] ] ] } },
{ "type": "Feature", "properties": { "id": 2762, "left": 603175.4178000001, "top": 4500111.4247000003, "right": 604034.4178000001, "bottom": 4499252.4247000003, "row_index": 35, "col_index": 47, "sq_id": 2762 }, "geometry": { "type": "Polygon", "coordinates": [ [ [ -73.779734417879482, 40.645412515917833 ], [ -73.769577160995681, 40.645304722164866 ], [ -73.769719236956547, 40.63756795035912 ], [ -73.779875321702107, 40.637675714857735 ], [ -73.779734417879482, 40.645412515917833 ] ] ] } },
{ "type": "Feature", "properties": { "id": 2763, "left": 603175.4178000001, "top": 4499252.4247000003, "right": 604034.4178000001, "bottom": 4498393.4247000003, "row_index": 36, "col_index": 47, "sq_id": 2763 }, "geometry": { "type": "Polygon", "coordinates": [ [ [ -73.779875321702107, 40.637675714857735 ], [ -73.769719236956547, 40.63756795035912 ], [ -73.769861257771325, 40.629831167743646 ], [ -73.780016170833349, 40.629938902994596 ], [ -73.779875321702107, 40.637675714857735 ] ] ] } },
{ "type": "Feature", "properties": { "id": 2756, "left": 603175.4178000001, "top": 4505265.4247000003, "right": 604034.4178000001, "bottom": 4504406.4247000003, "row_index": 29, "col_index": 47, "sq_id": 2756 }, "geometry": { "type": "Polygon", "coordinates": [ [ [ -73.778887845078501, 40.691833095380346 ], [ -73.768723545804988, 40.691725125961057 ], [ -73.768865953151618, 40.683988419026484 ], [ -73.779029077554412, 40.68409635915134 ], [ -73.778887845078501, 40.691833095380346 ] ] ] } },
{ "type": "Feature", "properties": { "id": 2757, "left": 603175.4178000001, "top": 4504406.4247000003, "right": 604034.4178000001, "bottom": 4503547.4247000003, "row_index": 30, "col_index": 47, "sq_id": 2757 }, "geometry": { "type": "Polygon", "coordinates": [ [ [ -73.779029077554412, 40.68409635915134 ], [ -73.768865953151618, 40.683988419026484 ], [ -73.769008305206611, 40.676251701278503 ], [ -73.779170255194572, 40.676359612115604 ], [ -73.779029077554412, 40.68409635915134 ] ] ] } },
{ "type": "Feature", "properties": { "id": 2758, "left": 603175.4178000001, "top": 4503547.4247000003, "right": 604034.4178000001, "bottom": 4502688.4247000003, "row_index": 31, "col_index": 47, "sq_id": 2758 }, "geometry": { "type": "Polygon", "coordinates": [ [ [ -73.779170255194572, 40.676359612115604 ], [ -73.769008305206611, 40.676251701278503 ], [ -73.769150601994227, 40.668514972717738 ], [ -73.779311378023067, 40.668622854273792 ], [ -73.779170255194572, 40.676359612115604 ] ] ] } },
{ "type": "Feature", "properties": { "id": 732, "left": 573110.4178000001, "top": 4500111.4247000003, "right": 573969.4178000001, "bottom": 4499252.4247000003, "row_index": 35, "col_index": 12, "sq_id": 732 }, "geometry": { "type": "Polygon", "coordinates": [ [ [ -74.135269630471385, 40.648622505713845 ], [ -74.125110729324561, 40.648545980536412 ], [ -74.125211767458808, 40.640808329038734 ], [ -74.135369495745323, 40.640884833445881 ], [ -74.135269630471385, 40.648622505713845 ] ] ] } },
{ "type": "Feature", "properties": { "id": 2759, "left": 603175.4178000001, "top": 4502688.4247000003, "right": 604034.4178000001, "bottom": 4501829.4247000003, "row_index": 32, "col_index": 47, "sq_id": 2759 }, "geometry": { "type": "Polygon", "coordinates": [ [ [ -73.779311378023067, 40.668622854273792 ], [ -73.769150601994227, 40.668514972717738 ], [ -73.769292843538764, 40.660778233344807 ], [ -73.779452446064028, 40.660886085626466 ], [ -73.779311378023067, 40.668622854273792 ] ] ] } },
{ "type": "Feature", "properties": { "id": 733, "left": 573110.4178000001, "top": 4499252.4247000003, "right": 573969.4178000001, "bottom": 4498393.4247000003, "row_index": 36, "col_index": 12, "sq_id": 733 }, "geometry": { "type": "Polygon", "coordinates": [ [ [ -74.135369495745323, 40.640884833445881 ], [ -74.125211767458808, 40.640808329038734 ], [ -74.125312766370271, 40.633070666931971 ], [ -74.13546932225168, 40.633147150573564 ], [ -74.135369495745323, 40.640884833445881 ] ] ] } },
{ "type": "Feature", "properties": { "id": 2752, "left": 603175.4178000001, "top": 4508701.4247000003, "right": 604034.4178000001, "bottom": 4507842.4247000003, "row_index": 25, "col_index": 47, "sq_id": 2752 }, "geometry": { "type": "Polygon", "coordinates": [ [ [ -73.778322366334748, 40.722779932217101 ], [ -73.768153363015202, 40.722671845553087 ], [ -73.768295991771822, 40.714935181878246 ], [ -73.778463818394997, 40.715043239221032 ], [ -73.778322366334748, 40.722779932217101 ] ] ] } },
{ "type": "Feature", "properties": { "id": 734, "left": 573110.4178000001, "top": 4498393.4247000003, "right": 573969.4178000001, "bottom": 4497534.4247000003, "row_index": 37, "col_index": 12, "sq_id": 734 }, "geometry": { "type": "Polygon", "coordinates": [ [ [ -74.13546932225168, 40.633147150573564 ], [ -74.125312766370271, 40.633070666931971 ], [ -74.125413726076175, 40.625332994216627 ], [ -74.135569110007467, 40.625409457097398 ], [ -74.13546932225168, 40.633147150573564 ] ] ] } },
{ "type": "Feature", "properties": { "id": 2753, "left": 603175.4178000001, "top": 4507842.4247000003, "right": 604034.4178000001, "bottom": 4506983.4247000003, "row_index": 26, "col_index": 47, "sq_id": 2753 }, "geometry": { "type": "Polygon", "coordinates": [ [ [ -73.778463818394997, 40.715043239221032 ], [ -73.768295991771822, 40.714935181878246 ], [ -73.768438565139434, 40.707198507387567 ], [ -73.77860521552293, 40.707306535415803 ], [ -73.778463818394997, 40.715043239221032 ] ] ] } },
{ "type": "Feature", "properties": { "id": 735, "left": 573110.4178000001, "top": 4497534.4247000003, "right": 573969.4178000001, "bottom": 4496675.4247000003, "row_index": 38, "col_index": 12, "sq_id": 735 }, "geometry": { "type": "Polygon", "coordinates": [ [ [ -74.135569110007467, 40.625409457097398 ], [ -74.125413726076175, 40.625332994216627 ], [ -74.125514646593757, 40.617595310893215 ], [ -74.135668859029678, 40.617671753017902 ], [ -74.135569110007467, 40.625409457097398 ] ] ] } },
{ "type": "Feature", "properties": { "id": 2754, "left": 603175.4178000001, "top": 4506983.4247000003, "right": 604034.4178000001, "bottom": 4506124.4247000003, "row_index": 27, "col_index": 47, "sq_id": 2754 }, "geometry": { "type": "Polygon", "coordinates": [ [ [ -73.77860521552293, 40.707306535415803 ], [ -73.768438565139434, 40.707198507387567 ], [ -73.768581083142365, 40.699461822081624 ], [ -73.778746557742707, 40.699569820802047 ], [ -73.77860521552293, 40.707306535415803 ] ] ] } },
{ "type": "Feature", "properties": { "id": 2755, "left": 603175.4178000001, "top": 4506124.4247000003, "right": 604034.4178000001, "bottom": 4505265.4247000003, "row_index": 28, "col_index": 47, "sq_id": 2755 }, "geometry": { "type": "Polygon", "coordinates": [ [ [ -73.778746557742707, 40.699569820802047 ], [ -73.768581083142365, 40.699461822081624 ], [ -73.768723545804988, 40.691725125961057 ], [ -73.778887845078501, 40.691833095380346 ], [ -73.778746557742707, 40.699569820802047 ] ] ] } },
{ "type": "Feature", "properties": { "id": 2768, "left": 603175.4178000001, "top": 4494957.4247000003, "right": 604034.4178000001, "bottom": 4494098.4247000003, "row_index": 41, "col_index": 47, "sq_id": 2768 }, "geometry": { "type": "Polygon", "coordinates": [ [ [ -73.780579020924463, 40.598991547524022 ], [ -73.770428790053472, 40.598883929197143 ], [ -73.770570535500624, 40.59114709254245 ], [ -73.780719596958647, 40.591254681654959 ], [ -73.780579020924463, 40.598991547524022 ] ] ] } },
{ "type": "Feature", "properties": { "id": 558, "left": 570533.4178000001, "top": 4500111.4247000003, "right": 571392.4178000001, "bottom": 4499252.4247000003, "row_index": 35, "col_index": 9, "sq_id": 558 }, "geometry": { "type": "Polygon", "coordinates": [ [ [ -74.165746564798084, 40.648846719662224 ], [ -74.155587548663547, 40.648772875286539 ], [ -74.155685068165994, 40.641035162205455 ], [ -74.165842911389745, 40.64110898653832 ], [ -74.165746564798084, 40.648846719662224 ] ] ] } },
{ "type": "Feature", "properties": { "id": 2769, "left": 603175.4178000001, "top": 4494098.4247000003, "right": 604034.4178000001, "bottom": 4493239.4247000003, "row_index": 42, "col_index": 47, "sq_id": 2769 }, "geometry": { "type": "Polygon", "coordinates": [ [ [ -73.780719596958647, 40.591254681654959 ], [ -73.770570535500624, 40.59114709254245 ], [ -73.770712225946696, 40.583410245081772 ], [ -73.780860118445261, 40.583517804986563 ], [ -73.780719596958647, 40.591254681654959 ] ] ] } },
{ "type": "Feature", "properties": { "id": 559, "left": 570533.4178000001, "top": 4499252.4247000003, "right": 571392.4178000001, "bottom": 4498393.4247000003, "row_index": 36, "col_index": 9, "sq_id": 559 }, "geometry": { "type": "Polygon", "coordinates": [ [ [ -74.165842911389745, 40.64110898653832 ], [ -74.155685068165994, 40.641035162205455 ], [ -74.155782549811249, 40.633297438529326 ], [ -74.165939220579403, 40.633371242823948 ], [ -74.165842911389745, 40.64110898653832 ] ] ] } },
{ "type": "Feature", "properties": { "id": 2596, "left": 600598.4178000001, "top": 4493239.4247000003, "right": 601457.4178000001, "bottom": 4492380.4247000003, "row_index": 43, "col_index": 44, "sq_id": 2596 }, "geometry": { "type": "Polygon", "coordinates": [ [ [ -73.811304121269458, 40.583835137227915 ], [ -73.801156066559997, 40.583730251073433 ], [ -73.801294196439216, 40.575993305929757 ], [ -73.811441082571449, 40.576098163608791 ], [ -73.811304121269458, 40.583835137227915 ] ] ] } },
{ "type": "Feature", "properties": { "id": 572, "left": 570533.4178000001, "top": 4488085.4247000003, "right": 571392.4178000001, "bottom": 4487226.4247000003, "row_index": 49, "col_index": 9, "sq_id": 572 }, "geometry": { "type": "Polygon", "coordinates": [ [ [ -74.167092019467006, 40.540517492380069 ], [ -74.15694938273208, 40.540443928188559 ], [ -74.157046373742432, 40.532706066823494 ], [ -74.167187843921369, 40.532779611035963 ], [ -74.167092019467006, 40.540517492380069 ] ] ] } },
{ "type": "Feature", "properties": { "id": 573, "left": 570533.4178000001, "top": 4487226.4247000003, "right": 571392.4178000001, "bottom": 4486367.4247000003, "row_index": 50, "col_index": 9, "sq_id": 573 }, "geometry": { "type": "Polygon", "coordinates": [ [ [ -74.167187843921369, 40.532779611035963 ], [ -74.157046373742432, 40.532706066823494 ], [ -74.157143327127329, 40.524968194870574 ], [ -74.167283631202707, 40.525041719108579 ], [ -74.167187843921369, 40.532779611035963 ] ] ] } },
{ "type": "Feature", "properties": { "id": 2592, "left": 600598.4178000001, "top": 4496675.4247000003, "right": 601457.4178000001, "bottom": 4495816.4247000003, "row_index": 39, "col_index": 44, "sq_id": 2592 }, "geometry": { "type": "Polygon", "coordinates": [ [ [ -73.810755744192335, 40.614782923907242 ], [ -73.800603010638284, 40.614677923786076 ], [ -73.800741355126505, 40.60694102178843 ], [ -73.810892918288658, 40.607045993408192 ], [ -73.810755744192335, 40.614782923907242 ] ] ] } },
{ "type": "Feature", "properties": { "id": 574, "left": 570533.4178000001, "top": 4486367.4247000003, "right": 571392.4178000001, "bottom": 4485508.4247000003, "row_index": 51, "col_index": 9, "sq_id": 574 }, "geometry": { "type": "Polygon", "coordinates": [ [ [ -74.167283631202707, 40.525041719108579 ], [ -74.157143327127329, 40.524968194870574 ], [ -74.157240242903242, 40.517230312330334 ], [ -74.167379381327279, 40.5173038165984 ], [ -74.167283631202707, 40.525041719108579 ] ] ] } },
{ "type": "Feature", "properties": { "id": 2593, "left": 600598.4178000001, "top": 4495816.4247000003, "right": 601457.4178000001, "bottom": 4494957.4247000003, "row_index": 40, "col_index": 44, "sq_id": 2593 }, "geometry": { "type": "Polygon", "coordinates": [ [ [ -73.810892918288658, 40.607045993408192 ], [ -73.800741355126505, 40.60694102178843 ], [ -73.800879645927168, 40.599204109003367 ], [ -73.81103003915139, 40.599309052128227 ], [ -73.810892918288658, 40.607045993408192 ] ] ] } },
{ "type": "Feature", "properties": { "id": 2594, "left": 600598.4178000001, "top": 4494957.4247000003, "right": 601457.4178000001, "bottom": 4494098.4247000003, "row_index": 41, "col_index": 44, "sq_id": 2594 }, "geometry": { "type": "Polygon", "coordinates": [ [ [ -73.81103003915139, 40.599309052128227 ], [ -73.800879645927168, 40.599204109003367 ], [ -73.801017883063807, 40.591467185431505 ], [ -73.811167106803879, 40.591572100067928 ], [ -73.81103003915139, 40.599309052128227 ] ] ] } },
{ "type": "Feature", "properties": { "id": 568, "left": 570533.4178000001, "top": 4491521.4247000003, "right": 571392.4178000001, "bottom": 4490662.4247000003, "row_index": 45, "col_index": 9, "sq_id": 568 }, "geometry": { "type": "Polygon", "coordinates": [ [ [ -74.16670834959335, 40.57146891191303 ], [ -74.156561042106262, 40.571395267760003 ], [ -74.156658183783392, 40.563657448751513 ], [ -74.166804322902806, 40.563731072907316 ], [ -74.16670834959335, 40.57146891191303 ] ] ] } },
{ "type": "Feature", "properties": { "id": 2595, "left": 600598.4178000001, "top": 4494098.4247000003, "right": 601457.4178000001, "bottom": 4493239.4247000003, "row_index": 42, "col_index": 44, "sq_id": 2595 }, "geometry": { "type": "Polygon", "coordinates": [ [ [ -73.811167106803879, 40.591572100067928 ], [ -73.801017883063807, 40.591467185431505 ], [ -73.801156066559997, 40.583730251073433 ], [ -73.811304121269458, 40.583835137227915 ], [ -73.811167106803879, 40.591572100067928 ] ] ] } },
{ "type": "Feature", "properties": { "id": 569, "left": 570533.4178000001, "top": 4490662.4247000003, "right": 571392.4178000001, "bottom": 4489803.4247000003, "row_index": 46, "col_index": 9, "sq_id": 569 }, "geometry": { "type": "Polygon", "coordinates": [ [ [ -74.166804322902806, 40.563731072907316 ], [ -74.156658183783392, 40.563657448751513 ], [ -74.156755287769059, 40.555919619153094 ], [ -74.166900258974024, 40.555993223316243 ], [ -74.166804322902806, 40.563731072907316 ] ] ] } },
{ "type": "Feature", "properties": { "id": 2620, "left": 601457.4178000001, "top": 4522445.4247000003, "right": 602316.4178000001, "bottom": 4521586.4247000003, "row_index": 9, "col_index": 45, "sq_id": 2620 }, "geometry": { "type": "Polygon", "coordinates": [ [ [ -73.796427593852755, 40.846779964560383 ], [ -73.786239590882886, 40.846673206841395 ], [ -73.786380741103471, 40.83893665768877 ], [ -73.796567559993491, 40.839043386466294 ], [ -73.796427593852755, 40.846779964560383 ] ] ] } },
{ "type": "Feature", "properties": { "id": 570, "left": 570533.4178000001, "top": 4489803.4247000003, "right": 571392.4178000001, "bottom": 4488944.4247000003, "row_index": 47, "col_index": 9, "sq_id": 570 }, "geometry": { "type": "Polygon", "coordinates": [ [ [ -74.166900258974024, 40.555993223316243 ], [ -74.156755287769059, 40.555919619153094 ], [ -74.156852354079788, 40.548181778965272 ], [ -74.16699615782332, 40.548255363140335 ], [ -74.166900258974024, 40.555993223316243 ] ] ] } },
{ "type": "Feature", "properties": { "id": 571, "left": 570533.4178000001, "top": 4488944.4247000003, "right": 571392.4178000001, "bottom": 4488085.4247000003, "row_index": 48, "col_index": 9, "sq_id": 571 }, "geometry": { "type": "Polygon", "coordinates": [ [ [ -74.16699615782332, 40.548255363140335 ], [ -74.156852354079788, 40.548181778965272 ], [ -74.15694938273208, 40.540443928188559 ], [ -74.167092019467006, 40.540517492380069 ], [ -74.16699615782332, 40.548255363140335 ] ] ] } },
{ "type": "Feature", "properties": { "id": 564, "left": 570533.4178000001, "top": 4494957.4247000003, "right": 571392.4178000001, "bottom": 4494098.4247000003, "row_index": 41, "col_index": 9, "sq_id": 564 }, "geometry": { "type": "Polygon", "coordinates": [ [ [ -74.166324083646387, 40.602420162071915 ], [ -74.156172098152467, 40.60234643788457 ], [ -74.156269390760812, 40.594608661240891 ], [ -74.166420206072189, 40.594682365412801 ], [ -74.166324083646387, 40.602420162071915 ] ] ] } },
{ "type": "Feature", "properties": { "id": 565, "left": 570533.4178000001, "top": 4494098.4247000003, "right": 571392.4178000001, "bottom": 4493239.4247000003, "row_index": 42, "col_index": 9, "sq_id": 565 }, "geometry": { "type": "Polygon", "coordinates": [ [ [ -74.166420206072189, 40.594682365412801 ], [ -74.156269390760812, 40.594608661240891 ], [ -74.156366645611513, 40.586870874005228 ], [ -74.166516291194398, 40.58694455816628 ], [ -74.166420206072189, 40.594682365412801 ] ] ] } },
{ "type": "Feature", "properties": { "id": 2616, "left": 601457.4178000001, "top": 4525881.4247000003, "right": 602316.4178000001, "bottom": 4525022.4247000003, "row_index": 5, "col_index": 45, "sq_id": 2616 }, "geometry": { "type": "Polygon", "coordinates": [ [ [ -73.795867184797899, 40.877726168870446 ], [ -73.785674440904728, 40.877619295319086 ], [ -73.785815810812139, 40.869882789420785 ], [ -73.796007368783506, 40.869989634004064 ], [ -73.795867184797899, 40.877726168870446 ] ] ] } },
{ "type": "Feature", "properties": { "id": 566, "left": 570533.4178000001, "top": 4493239.4247000003, "right": 571392.4178000001, "bottom": 4492380.4247000003, "row_index": 43, "col_index": 9, "sq_id": 566 }, "geometry": { "type": "Polygon", "coordinates": [ [ [ -74.166516291194398, 40.58694455816628 ], [ -74.156366645611513, 40.586870874005228 ], [ -74.156463862721139, 40.579133076178081 ], [ -74.166612339029328, 40.57920674033285 ], [ -74.166516291194398, 40.58694455816628 ] ] ] } },
{ "type": "Feature", "properties": { "id": 2617, "left": 601457.4178000001, "top": 4525022.4247000003, "right": 602316.4178000001, "bottom": 4524163.4247000003, "row_index": 6, "col_index": 45, "sq_id": 2617 }, "geometry": { "type": "Polygon", "coordinates": [ [ [ -73.796007368783506, 40.869989634004064 ], [ -73.785815810812139, 40.869882789420785 ], [ -73.785957125761456, 40.862146272707996 ], [ -73.796147498271807, 40.862253088329858 ], [ -73.796007368783506, 40.869989634004064 ] ] ] } },
{ "type": "Feature", "properties": { "id": 567, "left": 570533.4178000001, "top": 4492380.4247000003, "right": 571392.4178000001, "bottom": 4491521.4247000003, "row_index": 44, "col_index": 9, "sq_id": 567 }, "geometry": { "type": "Polygon", "coordinates": [ [ [ -74.166612339029328, 40.57920674033285 ], [ -74.156463862721139, 40.579133076178081 ], [ -74.156561042106262, 40.571395267760003 ], [ -74.16670834959335, 40.57146891191303 ], [ -74.166612339029328, 40.57920674033285 ] ] ] } },
{ "type": "Feature", "properties": { "id": 2618, "left": 601457.4178000001, "top": 4524163.4247000003, "right": 602316.4178000001, "bottom": 4523304.4247000003, "row_index": 7, "col_index": 45, "sq_id": 2618 }, "geometry": { "type": "Polygon", "coordinates": [ [ [ -73.796147498271807, 40.862253088329858 ], [ -73.785957125761456, 40.862146272707996 ], [ -73.786098385776953, 40.854409745181336 ], [ -73.796287573286875, 40.854516531848432 ], [ -73.796147498271807, 40.862253088329858 ] ] ] } },
{ "type": "Feature", "properties": { "id": 560, "left": 570533.4178000001, "top": 4498393.4247000003, "right": 571392.4178000001, "bottom": 4497534.4247000003, "row_index": 37, "col_index": 9, "sq_id": 560 }, "geometry": { "type": "Polygon", "coordinates": [ [ [ -74.165939220579403, 40.633371242823948 ], [ -74.155782549811249, 40.633297438529326 ], [ -74.155879993615912, 40.625559704258663 ], [ -74.1660354923835, 40.625633488519618 ], [ -74.165939220579403, 40.633371242823948 ] ] ] } },
{ "type": "Feature", "properties": { "id": 2619, "left": 601457.4178000001, "top": 4523304.4247000003, "right": 602316.4178000001, "bottom": 4522445.4247000003, "row_index": 8, "col_index": 45, "sq_id": 2619 }, "geometry": { "type": "Polygon", "coordinates": [ [ [ -73.796287573286875, 40.854516531848432 ], [ -73.786098385776953, 40.854409745181336 ], [ -73.786239590882886, 40.846673206841395 ], [ -73.796427593852755, 40.846779964560383 ], [ -73.796287573286875, 40.854516531848432 ] ] ] } },
{ "type": "Feature", "properties": { "id": 561, "left": 570533.4178000001, "top": 4497534.4247000003, "right": 571392.4178000001, "bottom": 4496675.4247000003, "row_index": 38, "col_index": 9, "sq_id": 561 }, "geometry": { "type": "Polygon", "coordinates": [ [ [ -74.1660354923835, 40.625633488519618 ], [ -74.155879993615912, 40.625559704258663 ], [ -74.155977399596608, 40.617821959393957 ], [ -74.166131726818421, 40.617895723625807 ], [ -74.1660354923835, 40.625633488519618 ] ] ] } },
{ "type": "Feature", "properties": { "id": 562, "left": 570533.4178000001, "top": 4496675.4247000003, "right": 571392.4178000001, "bottom": 4495816.4247000003, "row_index": 39, "col_index": 9, "sq_id": 562 }, "geometry": { "type": "Polygon", "coordinates": [ [ [ -74.166131726818421, 40.617895723625807 ], [ -74.155977399596608, 40.617821959393957 ], [ -74.156074767769923, 40.61008420393577 ], [ -74.166227923900593, 40.610157948143083 ], [ -74.166131726818421, 40.617895723625807 ] ] ] } },
{ "type": "Feature", "properties": { "id": 563, "left": 570533.4178000001, "top": 4495816.4247000003, "right": 571392.4178000001, "bottom": 4494957.4247000003, "row_index": 40, "col_index": 9, "sq_id": 563 }, "geometry": { "type": "Polygon", "coordinates": [ [ [ -74.166227923900593, 40.610157948143083 ], [ -74.156074767769923, 40.61008420393577 ], [ -74.156172098152467, 40.60234643788457 ], [ -74.166324083646387, 40.602420162071915 ], [ -74.166227923900593, 40.610157948143083 ] ] ] } },
{ "type": "Feature", "properties": { "id": 2615, "left": 601457.4178000001, "top": 4526740.4247000003, "right": 602316.4178000001, "bottom": 4525881.4247000003, "row_index": 4, "col_index": 45, "sq_id": 2615 }, "geometry": { "type": "Polygon", "coordinates": [ [ [ -73.79572694629087, 40.885462692928428 ], [ -73.785533016014938, 40.885355790402322 ], [ -73.785674440904728, 40.877619295319086 ], [ -73.795867184797899, 40.877726168870446 ], [ -73.79572694629087, 40.885462692928428 ] ] ] } },
{ "type": "Feature", "properties": { "id": 2572, "left": 600598.4178000001, "top": 4513855.4247000003, "right": 601457.4178000001, "bottom": 4512996.4247000003, "row_index": 19, "col_index": 44, "sq_id": 2572 }, "geometry": { "type": "Polygon", "coordinates": [ [ [ -73.80800104711868, 40.769519268962839 ], [ -73.79782481008732, 40.769413697445259 ], [ -73.79796423329536, 40.761677011323357 ], [ -73.808139290813614, 40.761782554209006 ], [ -73.80800104711868, 40.769519268962839 ] ] ] } },
{ "type": "Feature", "properties": { "id": 2573, "left": 600598.4178000001, "top": 4512996.4247000003, "right": 601457.4178000001, "bottom": 4512137.4247000003, "row_index": 20, "col_index": 44, "sq_id": 2573 }, "geometry": { "type": "Polygon", "coordinates": [ [ [ -73.808139290813614, 40.761782554209006 ], [ -73.79796423329536, 40.761677011323357 ], [ -73.798103602341655, 40.753940314401952 ], [ -73.808277480804776, 40.754045828662228 ], [ -73.808139290813614, 40.761782554209006 ] ] ] } },
{ "type": "Feature", "properties": { "id": 2574, "left": 600598.4178000001, "top": 4512137.4247000003, "right": 601457.4178000001, "bottom": 4511278.4247000003, "row_index": 21, "col_index": 44, "sq_id": 2574 }, "geometry": { "type": "Polygon", "coordinates": [ [ [ -73.808277480804776, 40.754045828662228 ], [ -73.798103602341655, 40.753940314401952 ], [ -73.798242917250079, 40.746203606681632 ], [ -73.808415617115827, 40.746309092323088 ], [ -73.808277480804776, 40.754045828662228 ] ] ] } },
{ "type": "Feature", "properties": { "id": 516, "left": 569674.4178000001, "top": 4486367.4247000003, "right": 570533.4178000001, "bottom": 4485508.4247000003, "row_index": 51, "col_index": 8, "sq_id": 516 }, "geometry": { "type": "Polygon", "coordinates": [ [ [ -74.177423972434823, 40.525114353600046 ], [ -74.167283631202707, 40.525041719108579 ], [ -74.167379381327279, 40.5173038165984 ], [ -74.177518556891798, 40.517376431361548 ], [ -74.177423972434823, 40.525114353600046 ] ] ] } },
{ "type": "Feature", "properties": { "id": 2575, "left": 600598.4178000001, "top": 4511278.4247000003, "right": 601457.4178000001, "bottom": 4510419.4247000003, "row_index": 22, "col_index": 44, "sq_id": 2575 }, "geometry": { "type": "Polygon", "coordinates": [ [ [ -73.808415617115827, 40.746309092323088 ], [ -73.798242917250079, 40.746203606681632 ], [ -73.798382178044463, 40.738466888163003 ], [ -73.8085536997704, 40.738572345192196 ], [ -73.808415617115827, 40.746309092323088 ] ] ] } },
{ "type": "Feature", "properties": { "id": 2568, "left": 600598.4178000001, "top": 4517291.4247000003, "right": 601457.4178000001, "bottom": 4516432.4247000003, "row_index": 15, "col_index": 44, "sq_id": 2568 }, "geometry": { "type": "Polygon", "coordinates": [ [ [ -73.807447534827716, 40.800466020036836 ], [ -73.797266575160236, 40.80036033392588 ], [ -73.797406215254057, 40.792623691007975 ], [ -73.807585993574534, 40.792729348460732 ], [ -73.807447534827716, 40.800466020036836 ] ] ] } },
{ "type": "Feature", "properties": { "id": 2569, "left": 600598.4178000001, "top": 4516432.4247000003, "right": 601457.4178000001, "bottom": 4515573.4247000003, "row_index": 16, "col_index": 44, "sq_id": 2569 }, "geometry": { "type": "Polygon", "coordinates": [ [ [ -73.807585993574534, 40.792729348460732 ], [ -73.797406215254057, 40.792623691007975 ], [ -73.797545801090578, 40.784887037288165 ], [ -73.807724398522836, 40.784992666089309 ], [ -73.807585993574534, 40.792729348460732 ] ] ] } },
{ "type": "Feature", "properties": { "id": 2570, "left": 600598.4178000001, "top": 4515573.4247000003, "right": 601457.4178000001, "bottom": 4514714.4247000003, "row_index": 17, "col_index": 44, "sq_id": 2570 }, "geometry": { "type": "Polygon", "coordinates": [ [ [ -73.807724398522836, 40.784992666089309 ], [ -73.797545801090578, 40.784887037288165 ], [ -73.797685332693703, 40.777150372767053 ], [ -73.807862749696312, 40.777255972923143 ], [ -73.807724398522836, 40.784992666089309 ] ] ] } },
{ "type": "Feature", "properties": { "id": 512, "left": 569674.4178000001, "top": 4489803.4247000003, "right": 570533.4178000001, "bottom": 4488944.4247000003, "row_index": 47, "col_index": 8, "sq_id": 512 }, "geometry": { "type": "Polygon", "coordinates": [ [ [ -74.177045267400914, 40.55606593676584 ], [ -74.166900258974024, 40.555993223316243 ], [ -74.16699615782332, 40.548255363140335 ], [ -74.177139998772475, 40.548328056843658 ], [ -74.177045267400914, 40.55606593676584 ] ] ] } },
{ "type": "Feature", "properties": { "id": 2571, "left": 600598.4178000001, "top": 4514714.4247000003, "right": 601457.4178000001, "bottom": 4513855.4247000003, "row_index": 18, "col_index": 44, "sq_id": 2571 }, "geometry": { "type": "Polygon", "coordinates": [ [ [ -73.807862749696312, 40.777255972923143 ], [ -73.797685332693703, 40.777150372767053 ], [ -73.79782481008732, 40.769413697445259 ], [ -73.80800104711868, 40.769519268962839 ], [ -73.807862749696312, 40.777255972923143 ] ] ] } },
{ "type": "Feature", "properties": { "id": 513, "left": 569674.4178000001, "top": 4488944.4247000003, "right": 570533.4178000001, "bottom": 4488085.4247000003, "row_index": 48, "col_index": 8, "sq_id": 513 }, "geometry": { "type": "Polygon", "coordinates": [ [ [ -74.177139998772475, 40.548328056843658 ], [ -74.16699615782332, 40.548255363140335 ], [ -74.167092019467006, 40.540517492380069 ], [ -74.177234693391242, 40.540590166341616 ], [ -74.177139998772475, 40.548328056843658 ] ] ] } },
{ "type": "Feature", "properties": { "id": 2564, "left": 600598.4178000001, "top": 4520727.4247000003, "right": 601457.4178000001, "bottom": 4519868.4247000003, "row_index": 11, "col_index": 44, "sq_id": 2564 }, "geometry": { "type": "Polygon", "coordinates": [ [ [ -73.80689316138033, 40.831412598376268 ], [ -73.7967074717331, 40.831306797566739 ], [ -73.796847329095598, 40.823570197862338 ], [ -73.807031835558718, 40.823675969987335 ], [ -73.80689316138033, 40.831412598376268 ] ] ] } },
{ "type": "Feature", "properties": { "id": 514, "left": 569674.4178000001, "top": 4488085.4247000003, "right": 570533.4178000001, "bottom": 4487226.4247000003, "row_index": 49, "col_index": 8, "sq_id": 514 }, "geometry": { "type": "Polygon", "coordinates": [ [ [ -74.177234693391242, 40.540590166341616 ], [ -74.167092019467006, 40.540517492380069 ], [ -74.167187843921369, 40.532779611035963 ], [ -74.177329351273343, 40.532852265260239 ], [ -74.177234693391242, 40.540590166341616 ] ] ] } },
{ "type": "Feature", "properties": { "id": 2565, "left": 600598.4178000001, "top": 4519868.4247000003, "right": 601457.4178000001, "bottom": 4519009.4247000003, "row_index": 12, "col_index": 44, "sq_id": 2565 }, "geometry": { "type": "Polygon", "coordinates": [ [ [ -73.807031835558718, 40.823675969987335 ], [ -73.796847329095598, 40.823570197862338 ], [ -73.796987132104974, 40.815833587353652 ], [ -73.807170455843561, 40.815939330800738 ], [ -73.807031835558718, 40.823675969987335 ] ] ] } },
{ "type": "Feature", "properties": { "id": 515, "left": 569674.4178000001, "top": 4487226.4247000003, "right": 570533.4178000001, "bottom": 4486367.4247000003, "row_index": 50, "col_index": 8, "sq_id": 515 }, "geometry": { "type": "Polygon", "coordinates": [ [ [ -74.177329351273343, 40.532852265260239 ], [ -74.167187843921369, 40.532779611035963 ], [ -74.167283631202707, 40.525041719108579 ], [ -74.177423972434823, 40.525114353600046 ], [ -74.177329351273343, 40.532852265260239 ] ] ] } },
{ "type": "Feature", "properties": { "id": 2566, "left": 600598.4178000001, "top": 4519009.4247000003, "right": 601457.4178000001, "bottom": 4518150.4247000003, "row_index": 13, "col_index": 44, "sq_id": 2566 }, "geometry": { "type": "Polygon", "coordinates": [ [ [ -73.807170455843561, 40.815939330800738 ], [ -73.796987132104974, 40.815833587353652 ], [ -73.7971268807852, 40.808096966041312 ], [ -73.807309022258636, 40.80820268081704 ], [ -73.807170455843561, 40.815939330800738 ] ] ] } },
{ "type": "Feature", "properties": { "id": 2567, "left": 600598.4178000001, "top": 4518150.4247000003, "right": 601457.4178000001, "bottom": 4517291.4247000003, "row_index": 14, "col_index": 44, "sq_id": 2567 }, "geometry": { "type": "Polygon", "coordinates": [ [ [ -73.807309022258636, 40.80820268081704 ], [ -73.7971268807852, 40.808096966041312 ], [ -73.797266575160236, 40.80036033392588 ], [ -73.807447534827716, 40.800466020036836 ], [ -73.807309022258636, 40.80820268081704 ] ] ] } },
{ "type": "Feature", "properties": { "id": 2560, "left": 600598.4178000001, "top": 4524163.4247000003, "right": 601457.4178000001, "bottom": 4523304.4247000003, "row_index": 7, "col_index": 44, "sq_id": 2560 }, "geometry": { "type": "Polygon", "coordinates": [ [ [ -73.806337925255406, 40.862359003943368 ], [ -73.796147498271807, 40.862253088329858 ], [ -73.796287573286875, 40.854516531848432 ], [ -73.806476815246, 40.854622418751042 ], [ -73.806337925255406, 40.862359003943368 ] ] ] } },
{ "type": "Feature", "properties": { "id": 2561, "left": 600598.4178000001, "top": 4523304.4247000003, "right": 601457.4178000001, "bottom": 4522445.4247000003, "row_index": 8, "col_index": 44, "sq_id": 2561 }, "geometry": { "type": "Polygon", "coordinates": [ [ [ -73.806476815246, 40.854622418751042 ], [ -73.796287573286875, 40.854516531848432 ], [ -73.796427593852755, 40.846779964560383 ], [ -73.806615651247796, 40.846885822758708 ], [ -73.806476815246, 40.854622418751042 ] ] ] } },
{ "type": "Feature", "properties": { "id": 2588, "left": 600598.4178000001, "top": 4500111.4247000003, "right": 601457.4178000001, "bottom": 4499252.4247000003, "row_index": 35, "col_index": 44, "sq_id": 2588 }, "geometry": { "type": "Polygon", "coordinates": [ [ [ -73.810206515003571, 40.645730538082006 ], [ -73.80004909533838, 40.645625423890245 ], [ -73.800187654812603, 40.637888565048378 ], [ -73.810343902268087, 40.637993650712744 ], [ -73.810206515003571, 40.645730538082006 ] ] ] } },
{ "type": "Feature", "properties": { "id": 2584, "left": 600598.4178000001, "top": 4503547.4247000003, "right": 601457.4178000001, "bottom": 4502688.4247000003, "row_index": 31, "col_index": 44, "sq_id": 2584 }, "geometry": { "type": "Polygon", "coordinates": [ [ [ -73.809656432205401, 40.676677979713439 ], [ -73.799494319149701, 40.676572751346953 ], [ -73.799633093987936, 40.668835935670593 ], [ -73.809794033012892, 40.668941135483635 ], [ -73.809656432205401, 40.676677979713439 ] ] ] } },
{ "type": "Feature", "properties": { "id": 2585, "left": 600598.4178000001, "top": 4502688.4247000003, "right": 601457.4178000001, "bottom": 4501829.4247000003, "row_index": 32, "col_index": 44, "sq_id": 2585 }, "geometry": { "type": "Polygon", "coordinates": [ [ [ -73.809794033012892, 40.668941135483635 ], [ -73.799633093987936, 40.668835935670593 ], [ -73.799771814949693, 40.66109910920197 ], [ -73.809931580399436, 40.661204280468063 ], [ -73.809794033012892, 40.668941135483635 ] ] ] } },
{ "type": "Feature", "properties": { "id": 2586, "left": 600598.4178000001, "top": 4501829.4247000003, "right": 601457.4178000001, "bottom": 4500970.4247000003, "row_index": 33, "col_index": 44, "sq_id": 2586 }, "geometry": { "type": "Polygon", "coordinates": [ [ [ -73.809931580399436, 40.661204280468063 ], [ -73.799771814949693, 40.66109910920197 ], [ -73.799910482058621, 40.653362271941624 ], [ -73.810069074388508, 40.653467414667304 ], [ -73.809931580399436, 40.661204280468063 ] ] ] } },
{ "type": "Feature", "properties": { "id": 2587, "left": 600598.4178000001, "top": 4500970.4247000003, "right": 601457.4178000001, "bottom": 4500111.4247000003, "row_index": 34, "col_index": 44, "sq_id": 2587 }, "geometry": { "type": "Polygon", "coordinates": [ [ [ -73.810069074388508, 40.653467414667304 ], [ -73.799910482058621, 40.653362271941624 ], [ -73.80004909533838, 40.645625423890245 ], [ -73.810206515003571, 40.645730538082006 ], [ -73.810069074388508, 40.653467414667304 ] ] ] } },
{ "type": "Feature", "properties": { "id": 2580, "left": 600598.4178000001, "top": 4506983.4247000003, "right": 601457.4178000001, "bottom": 4506124.4247000003, "row_index": 27, "col_index": 44, "sq_id": 2580 }, "geometry": { "type": "Polygon", "coordinates": [ [ [ -73.80910549429619, 40.707625248762987 ], [ -73.798938680557839, 40.707519906117419 ], [ -73.799077671139074, 40.699783133616251 ], [ -73.809243309022406, 40.699888447682248 ], [ -73.80910549429619, 40.707625248762987 ] ] ] } },
{ "type": "Feature", "properties": { "id": 2581, "left": 600598.4178000001, "top": 4506124.4247000003, "right": 601457.4178000001, "bottom": 4505265.4247000003, "row_index": 28, "col_index": 44, "sq_id": 2581 }, "geometry": { "type": "Polygon", "coordinates": [ [ [ -73.809243309022406, 40.699888447682248 ], [ -73.799077671139074, 40.699783133616251 ], [ -73.799216607748974, 40.692046350320375 ], [ -73.809381070233684, 40.692151635813353 ], [ -73.809243309022406, 40.699888447682248 ] ] ] } },
{ "type": "Feature", "properties": { "id": 2582, "left": 600598.4178000001, "top": 4505265.4247000003, "right": 601457.4178000001, "bottom": 4504406.4247000003, "row_index": 29, "col_index": 44, "sq_id": 2582 }, "geometry": { "type": "Polygon", "coordinates": [ [ [ -73.809381070233684, 40.692151635813353 ], [ -73.799216607748974, 40.692046350320375 ], [ -73.799355490411273, 40.68430955623041 ], [ -73.8095187779535, 40.684414813156884 ], [ -73.809381070233684, 40.692151635813353 ] ] ] } },
{ "type": "Feature", "properties": { "id": 620, "left": 571392.4178000001, "top": 4496675.4247000003, "right": 572251.4178000001, "bottom": 4495816.4247000003, "row_index": 39, "col_index": 10, "sq_id": 620 }, "geometry": { "type": "Polygon", "coordinates": [ [ [ -74.155977399596608, 40.617821959393957 ], [ -74.14582311018215, 40.617747302521416 ], [ -74.145921649430036, 40.610009567330039 ], [ -74.156074767769923, 40.61008420393577 ], [ -74.155977399596608, 40.617821959393957 ] ] ] } },
{ "type": "Feature", "properties": { "id": 2583, "left": 600598.4178000001, "top": 4504406.4247000003, "right": 601457.4178000001, "bottom": 4503547.4247000003, "row_index": 30, "col_index": 44, "sq_id": 2583 }, "geometry": { "type": "Polygon", "coordinates": [ [ [ -73.8095187779535, 40.684414813156884 ], [ -73.799355490411273, 40.68430955623041 ], [ -73.799494319149701, 40.676572751346953 ], [ -73.809656432205401, 40.676677979713439 ], [ -73.8095187779535, 40.684414813156884 ] ] ] } },
{ "type": "Feature", "properties": { "id": 621, "left": 571392.4178000001, "top": 4495816.4247000003, "right": 572251.4178000001, "bottom": 4494957.4247000003, "row_index": 40, "col_index": 10, "sq_id": 621 }, "geometry": { "type": "Polygon", "coordinates": [ [ [ -74.156074767769923, 40.61008420393577 ], [ -74.145921649430036, 40.610009567330039 ], [ -74.146020150432733, 40.602271821541038 ], [ -74.156172098152467, 40.60234643788457 ], [ -74.156074767769923, 40.61008420393577 ] ] ] } },
{ "type": "Feature", "properties": { "id": 2576, "left": 600598.4178000001, "top": 4510419.4247000003, "right": 601457.4178000001, "bottom": 4509560.4247000003, "row_index": 23, "col_index": 44, "sq_id": 2576 }, "geometry": { "type": "Polygon", "coordinates": [ [ [ -73.8085536997704, 40.738572345192196 ], [ -73.798382178044463, 40.738466888163003 ], [ -73.798521384748639, 40.730730158846661 ], [ -73.808691728792127, 40.730835587270136 ], [ -73.8085536997704, 40.738572345192196 ] ] ] } },
{ "type": "Feature", "properties": { "id": 622, "left": 571392.4178000001, "top": 4494957.4247000003, "right": 572251.4178000001, "bottom": 4494098.4247000003, "row_index": 41, "col_index": 10, "sq_id": 622 }, "geometry": { "type": "Polygon", "coordinates": [ [ [ -74.156172098152467, 40.60234643788457 ], [ -74.146020150432733, 40.602271821541038 ], [ -74.146118613207037, 40.594534065154939 ], [ -74.156269390760812, 40.594608661240891 ], [ -74.156172098152467, 40.60234643788457 ] ] ] } },
{ "type": "Feature", "properties": { "id": 2577, "left": 600598.4178000001, "top": 4509560.4247000003, "right": 601457.4178000001, "bottom": 4508701.4247000003, "row_index": 24, "col_index": 44, "sq_id": 2577 }, "geometry": { "type": "Polygon", "coordinates": [ [ [ -73.808691728792127, 40.730835587270136 ], [ -73.798521384748639, 40.730730158846661 ], [ -73.798660537386382, 40.722993418733232 ], [ -73.808829704204598, 40.723098818557524 ], [ -73.808691728792127, 40.730835587270136 ] ] ] } },
{ "type": "Feature", "properties": { "id": 623, "left": 571392.4178000001, "top": 4494098.4247000003, "right": 572251.4178000001, "bottom": 4493239.4247000003, "row_index": 42, "col_index": 10, "sq_id": 623 }, "geometry": { "type": "Polygon", "coordinates": [ [ [ -74.156269390760812, 40.594608661240891 ], [ -74.146118613207037, 40.594534065154939 ], [ -74.146217037769702, 40.586796298172246 ], [ -74.156366645611513, 40.586870874005228 ], [ -74.156269390760812, 40.594608661240891 ] ] ] } },
{ "type": "Feature", "properties": { "id": 2578, "left": 600598.4178000001, "top": 4508701.4247000003, "right": 601457.4178000001, "bottom": 4507842.4247000003, "row_index": 25, "col_index": 44, "sq_id": 2578 }, "geometry": { "type": "Polygon", "coordinates": [ [ [ -73.808829704204598, 40.723098818557524 ], [ -73.798660537386382, 40.722993418733232 ], [ -73.798799635981538, 40.715256667823276 ], [ -73.808967626031432, 40.715362039054931 ], [ -73.808829704204598, 40.723098818557524 ] ] ] } },
{ "type": "Feature", "properties": { "id": 2579, "left": 600598.4178000001, "top": 4507842.4247000003, "right": 601457.4178000001, "bottom": 4506983.4247000003, "row_index": 26, "col_index": 44, "sq_id": 2579 }, "geometry": { "type": "Polygon", "coordinates": [ [ [ -73.808967626031432, 40.715362039054931 ], [ -73.798799635981538, 40.715256667823276 ], [ -73.798938680557839, 40.707519906117419 ], [ -73.80910549429619, 40.707625248762987 ], [ -73.808967626031432, 40.715362039054931 ] ] ] } },
{ "type": "Feature", "properties": { "id": 617, "left": 571392.4178000001, "top": 4499252.4247000003, "right": 572251.4178000001, "bottom": 4498393.4247000003, "row_index": 36, "col_index": 10, "sq_id": 617 }, "geometry": { "type": "Polygon", "coordinates": [ [ [ -74.155685068165994, 40.641035162205455 ], [ -74.145527262799462, 40.640960444504735 ], [ -74.145625916883674, 40.633222741109286 ], [ -74.155782549811249, 40.633297438529326 ], [ -74.155685068165994, 40.641035162205455 ] ] ] } },
{ "type": "Feature", "properties": { "id": 618, "left": 571392.4178000001, "top": 4498393.4247000003, "right": 572251.4178000001, "bottom": 4497534.4247000003, "row_index": 37, "col_index": 10, "sq_id": 618 }, "geometry": { "type": "Polygon", "coordinates": [ [ [ -74.155782549811249, 40.633297438529326 ], [ -74.145625916883674, 40.633222741109286 ], [ -74.145724532672304, 40.625485027114685 ], [ -74.155879993615912, 40.625559704258663 ], [ -74.155782549811249, 40.633297438529326 ] ] ] } },
{ "type": "Feature", "properties": { "id": 619, "left": 571392.4178000001, "top": 4497534.4247000003, "right": 572251.4178000001, "bottom": 4496675.4247000003, "row_index": 38, "col_index": 10, "sq_id": 619 }, "geometry": { "type": "Polygon", "coordinates": [ [ [ -74.155879993615912, 40.625559704258663 ], [ -74.145724532672304, 40.625485027114685 ], [ -74.14582311018215, 40.617747302521416 ], [ -74.155977399596608, 40.617821959393957 ], [ -74.155879993615912, 40.625559704258663 ] ] ] } },
{ "type": "Feature", "properties": { "id": 2684, "left": 602316.4178000001, "top": 4517291.4247000003, "right": 603175.4178000001, "bottom": 4516432.4247000003, "row_index": 15, "col_index": 46, "sq_id": 2684 }, "geometry": { "type": "Polygon", "coordinates": [ [ [ -73.787085669774001, 40.80025374975601 ], [ -73.77690481912795, 40.800146267541137 ], [ -73.777046821843754, 40.792409682669906 ], [ -73.787226491190879, 40.792517135739722 ], [ -73.787085669774001, 40.80025374975601 ] ] ] } },
{ "type": "Feature", "properties": { "id": 2685, "left": 602316.4178000001, "top": 4516432.4247000003, "right": 603175.4178000001, "bottom": 4515573.4247000003, "row_index": 16, "col_index": 46, "sq_id": 2685 }, "geometry": { "type": "Polygon", "coordinates": [ [ [ -73.787226491190879, 40.792517135739722 ], [ -73.777046821843754, 40.792409682669906 ], [ -73.77718876938475, 40.78467308698346 ], [ -73.787367257891688, 40.784780510914921 ], [ -73.787226491190879, 40.792517135739722 ] ] ] } },
{ "type": "Feature", "properties": { "id": 2686, "left": 602316.4178000001, "top": 4515573.4247000003, "right": 603175.4178000001, "bottom": 4514714.4247000003, "row_index": 17, "col_index": 46, "sq_id": 2686 }, "geometry": { "type": "Polygon", "coordinates": [ [ [ -73.787367257891688, 40.784780510914921 ], [ -73.77718876938475, 40.78467308698346 ], [ -73.777330661775252, 40.776936480482412 ], [ -73.787507969900545, 40.777043875282189 ], [ -73.787367257891688, 40.784780510914921 ] ] ] } },
{ "type": "Feature", "properties": { "id": 628, "left": 571392.4178000001, "top": 4489803.4247000003, "right": 572251.4178000001, "bottom": 4488944.4247000003, "row_index": 47, "col_index": 10, "sq_id": 628 }, "geometry": { "type": "Polygon", "coordinates": [ [ [ -74.156755287769059, 40.555919619153094 ], [ -74.14661035423903, 40.555845124285916 ], [ -74.146708587994681, 40.548107304328042 ], [ -74.156852354079788, 40.548181778965272 ], [ -74.156755287769059, 40.555919619153094 ] ] ] } },
{ "type": "Feature", "properties": { "id": 2687, "left": 602316.4178000001, "top": 4514714.4247000003, "right": 603175.4178000001, "bottom": 4513855.4247000003, "row_index": 18, "col_index": 46, "sq_id": 2687 }, "geometry": { "type": "Polygon", "coordinates": [ [ [ -73.787507969900545, 40.777043875282189 ], [ -73.777330661775252, 40.776936480482412 ], [ -73.77747249903959, 40.769199863167373 ], [ -73.78764862724158, 40.769307228842138 ], [ -73.787507969900545, 40.777043875282189 ] ] ] } },
{ "type": "Feature", "properties": { "id": 629, "left": 571392.4178000001, "top": 4488944.4247000003, "right": 572251.4178000001, "bottom": 4488085.4247000003, "row_index": 48, "col_index": 10, "sq_id": 629 }, "geometry": { "type": "Polygon", "coordinates": [ [ [ -74.156852354079788, 40.548181778965272 ], [ -74.146708587994681, 40.548107304328042 ], [ -74.146806783639093, 40.540369473776686 ], [ -74.15694938273208, 40.540443928188559 ], [ -74.156852354079788, 40.548181778965272 ] ] ] } },
{ "type": "Feature", "properties": { "id": 630, "left": 571392.4178000001, "top": 4488085.4247000003, "right": 572251.4178000001, "bottom": 4487226.4247000003, "row_index": 49, "col_index": 10, "sq_id": 630 }, "geometry": { "type": "Polygon", "coordinates": [ [ [ -74.15694938273208, 40.540443928188559 ], [ -74.146806783639093, 40.540369473776686 ], [ -74.14690494118895, 40.532631632632338 ], [ -74.157046373742432, 40.532706066823494 ], [ -74.15694938273208, 40.540443928188559 ] ] ] } },
{ "type": "Feature", "properties": { "id": 631, "left": 571392.4178000001, "top": 4487226.4247000003, "right": 572251.4178000001, "bottom": 4486367.4247000003, "row_index": 50, "col_index": 10, "sq_id": 631 }, "geometry": { "type": "Polygon", "coordinates": [ [ [ -74.157046373742432, 40.532706066823494 ], [ -74.14690494118895, 40.532631632632338 ], [ -74.147003060660936, 40.524893780895589 ], [ -74.157143327127329, 40.524968194870574 ], [ -74.157046373742432, 40.532706066823494 ] ] ] } },
{ "type": "Feature", "properties": { "id": 624, "left": 571392.4178000001, "top": 4493239.4247000003, "right": 572251.4178000001, "bottom": 4492380.4247000003, "row_index": 43, "col_index": 10, "sq_id": 624 }, "geometry": { "type": "Polygon", "coordinates": [ [ [ -74.156366645611513, 40.586870874005228 ], [ -74.146217037769702, 40.586796298172246 ], [ -74.146315424137484, 40.579058520593478 ], [ -74.156463862721139, 40.579133076178081 ], [ -74.156366645611513, 40.586870874005228 ] ] ] } },
{ "type": "Feature", "properties": { "id": 625, "left": 571392.4178000001, "top": 4492380.4247000003, "right": 572251.4178000001, "bottom": 4491521.4247000003, "row_index": 44, "col_index": 10, "sq_id": 625 }, "geometry": { "type": "Polygon", "coordinates": [ [ [ -74.156463862721139, 40.579133076178081 ], [ -74.146315424137484, 40.579058520593478 ], [ -74.146413772327151, 40.571320732419146 ], [ -74.156561042106262, 40.571395267760003 ], [ -74.156463862721139, 40.579133076178081 ] ] ] } },
{ "type": "Feature", "properties": { "id": 2676, "left": 602316.4178000001, "top": 4524163.4247000003, "right": 603175.4178000001, "bottom": 4523304.4247000003, "row_index": 7, "col_index": 46, "sq_id": 2676 }, "geometry": { "type": "Polygon", "coordinates": [ [ [ -73.785957125761456, 40.862146272707996 ], [ -73.775766808184926, 40.862038557091743 ], [ -73.775909253176593, 40.8543020587637 ], [ -73.786098385776953, 40.854409745181336 ], [ -73.785957125761456, 40.862146272707996 ] ] ] } },
{ "type": "Feature", "properties": { "id": 626, "left": 571392.4178000001, "top": 4491521.4247000003, "right": 572251.4178000001, "bottom": 4490662.4247000003, "row_index": 45, "col_index": 10, "sq_id": 626 }, "geometry": { "type": "Polygon", "coordinates": [ [ [ -74.156561042106262, 40.571395267760003 ], [ -74.146413772327151, 40.571320732419146 ], [ -74.146512082355429, 40.563582933649791 ], [ -74.156658183783392, 40.563657448751513 ], [ -74.156561042106262, 40.571395267760003 ] ] ] } },
{ "type": "Feature", "properties": { "id": 2677, "left": 602316.4178000001, "top": 4523304.4247000003, "right": 603175.4178000001, "bottom": 4522445.4247000003, "row_index": 8, "col_index": 46, "sq_id": 2677 }, "geometry": { "type": "Polygon", "coordinates": [ [ [ -73.786098385776953, 40.854409745181336 ], [ -73.775909253176593, 40.8543020587637 ], [ -73.776051642798308, 40.846565549615697 ], [ -73.786239590882886, 40.846673206841395 ], [ -73.786098385776953, 40.854409745181336 ] ] ] } },
{ "type": "Feature", "properties": { "id": 627, "left": 571392.4178000001, "top": 4490662.4247000003, "right": 572251.4178000001, "bottom": 4489803.4247000003, "row_index": 46, "col_index": 10, "sq_id": 627 }, "geometry": { "type": "Polygon", "coordinates": [ [ [ -74.156658183783392, 40.563657448751513 ], [ -74.146512082355429, 40.563582933649791 ], [ -74.14661035423903, 40.555845124285916 ], [ -74.156755287769059, 40.555919619153094 ], [ -74.156658183783392, 40.563657448751513 ] ] ] } },
{ "type": "Feature", "properties": { "id": 2678, "left": 602316.4178000001, "top": 4522445.4247000003, "right": 603175.4178000001, "bottom": 4521586.4247000003, "row_index": 9, "col_index": 46, "sq_id": 2678 }, "geometry": { "type": "Polygon", "coordinates": [ [ [ -73.786239590882886, 40.846673206841395 ], [ -73.776051642798308, 40.846565549615697 ], [ -73.776193977074556, 40.838829029648281 ], [ -73.786380741103471, 40.83893665768877 ], [ -73.786239590882886, 40.846673206841395 ] ] ] } },
{ "type": "Feature", "properties": { "id": 2679, "left": 602316.4178000001, "top": 4521586.4247000003, "right": 603175.4178000001, "bottom": 4520727.4247000003, "row_index": 10, "col_index": 46, "sq_id": 2679 }, "geometry": { "type": "Polygon", "coordinates": [ [ [ -73.786380741103471, 40.83893665768877 ], [ -73.776193977074556, 40.838829029648281 ], [ -73.776336256029737, 40.831092498862063 ], [ -73.786521836462981, 40.831200097724029 ], [ -73.786380741103471, 40.83893665768877 ] ] ] } },
{ "type": "Feature", "properties": { "id": 2673, "left": 602316.4178000001, "top": 4526740.4247000003, "right": 603175.4178000001, "bottom": 4525881.4247000003, "row_index": 4, "col_index": 46, "sq_id": 2673 }, "geometry": { "type": "Polygon", "coordinates": [ [ [ -73.785533016014938, 40.885355790402322 ], [ -73.775339140745686, 40.885247987149853 ], [ -73.775481751993965, 40.877511521285406 ], [ -73.785674440904728, 40.877619295319086 ], [ -73.785533016014938, 40.885355790402322 ] ] ] } },
{ "type": "Feature", "properties": { "id": 2674, "left": 602316.4178000001, "top": 4525881.4247000003, "right": 603175.4178000001, "bottom": 4525022.4247000003, "row_index": 5, "col_index": 46, "sq_id": 2674 }, "geometry": { "type": "Polygon", "coordinates": [ [ [ -73.785674440904728, 40.877619295319086 ], [ -73.775481751993965, 40.877511521285406 ], [ -73.775624307798878, 40.86977504459918 ], [ -73.785815810812139, 40.869882789420785 ], [ -73.785674440904728, 40.877619295319086 ] ] ] } },
{ "type": "Feature", "properties": { "id": 2675, "left": 602316.4178000001, "top": 4525022.4247000003, "right": 603175.4178000001, "bottom": 4524163.4247000003, "row_index": 6, "col_index": 46, "sq_id": 2675 }, "geometry": { "type": "Polygon", "coordinates": [ [ [ -73.785815810812139, 40.869882789420785 ], [ -73.775624307798878, 40.86977504459918 ], [ -73.775766808184926, 40.862038557091743 ], [ -73.785957125761456, 40.862146272707996 ], [ -73.785815810812139, 40.869882789420785 ] ] ] } },
{ "type": "Feature", "properties": { "id": 2636, "left": 601457.4178000001, "top": 4508701.4247000003, "right": 602316.4178000001, "bottom": 4507842.4247000003, "row_index": 25, "col_index": 45, "sq_id": 2636 }, "geometry": { "type": "Polygon", "coordinates": [ [ [ -73.798660537386382, 40.722993418733232 ], [ -73.788491424610797, 40.722887123281801 ], [ -73.788631699950486, 40.715150401207353 ], [ -73.798799635981538, 40.715256667823276 ], [ -73.798660537386382, 40.722993418733232 ] ] ] } },
{ "type": "Feature", "properties": { "id": 2637, "left": 601457.4178000001, "top": 4507842.4247000003, "right": 602316.4178000001, "bottom": 4506983.4247000003, "row_index": 26, "col_index": 45, "sq_id": 2637 }, "geometry": { "type": "Polygon", "coordinates": [ [ [ -73.798799635981538, 40.715256667823276 ], [ -73.788631699950486, 40.715150401207353 ], [ -73.788771920814582, 40.707413668330403 ], [ -73.798938680557839, 40.707519906117419 ], [ -73.798799635981538, 40.715256667823276 ] ] ] } },
{ "type": "Feature", "properties": { "id": 2638, "left": 601457.4178000001, "top": 4506983.4247000003, "right": 602316.4178000001, "bottom": 4506124.4247000003, "row_index": 27, "col_index": 45, "sq_id": 2638 }, "geometry": { "type": "Polygon", "coordinates": [ [ [ -73.798938680557839, 40.707519906117419 ], [ -73.788771920814582, 40.707413668330403 ], [ -73.788912087227061, 40.69967692465157 ], [ -73.799077671139074, 40.699783133616251 ], [ -73.798938680557839, 40.707519906117419 ] ] ] } },
{ "type": "Feature", "properties": { "id": 2639, "left": 601457.4178000001, "top": 4506124.4247000003, "right": 602316.4178000001, "bottom": 4505265.4247000003, "row_index": 28, "col_index": 45, "sq_id": 2639 }, "geometry": { "type": "Polygon", "coordinates": [ [ [ -73.799077671139074, 40.699783133616251 ], [ -73.788912087227061, 40.69967692465157 ], [ -73.789052199211866, 40.691940170171435 ], [ -73.799216607748974, 40.692046350320375 ], [ -73.799077671139074, 40.699783133616251 ] ] ] } },
{ "type": "Feature", "properties": { "id": 2632, "left": 601457.4178000001, "top": 4512137.4247000003, "right": 602316.4178000001, "bottom": 4511278.4247000003, "row_index": 21, "col_index": 45, "sq_id": 2632 }, "geometry": { "type": "Polygon", "coordinates": [ [ [ -73.798103602341655, 40.753940314401952 ], [ -73.787929778016434, 40.753833903542493 ], [ -73.788070271498384, 40.7460972246841 ], [ -73.798242917250079, 40.746203606681632 ], [ -73.798103602341655, 40.753940314401952 ] ] ] } },
{ "type": "Feature", "properties": { "id": 2633, "left": 601457.4178000001, "top": 4511278.4247000003, "right": 602316.4178000001, "bottom": 4510419.4247000003, "row_index": 22, "col_index": 45, "sq_id": 2633 }, "geometry": { "type": "Polygon", "coordinates": [ [ [ -73.798242917250079, 40.746203606681632 ], [ -73.788070271498384, 40.7460972246841 ], [ -73.788210710408748, 40.738360535020774 ], [ -73.798382178044463, 40.738466888163003 ], [ -73.798242917250079, 40.746203606681632 ] ] ] } },
{ "type": "Feature", "properties": { "id": 2634, "left": 601457.4178000001, "top": 4510419.4247000003, "right": 602316.4178000001, "bottom": 4509560.4247000003, "row_index": 23, "col_index": 45, "sq_id": 2634 }, "geometry": { "type": "Polygon", "coordinates": [ [ [ -73.798382178044463, 40.738466888163003 ], [ -73.788210710408748, 40.738360535020774 ], [ -73.788351094771542, 40.730623834553143 ], [ -73.798521384748639, 40.730730158846661 ], [ -73.798382178044463, 40.738466888163003 ] ] ] } },
{ "type": "Feature", "properties": { "id": 2635, "left": 601457.4178000001, "top": 4509560.4247000003, "right": 602316.4178000001, "bottom": 4508701.4247000003, "row_index": 24, "col_index": 45, "sq_id": 2635 }, "geometry": { "type": "Polygon", "coordinates": [ [ [ -73.798521384748639, 40.730730158846661 ], [ -73.788351094771542, 40.730623834553143 ], [ -73.788491424610797, 40.722887123281801 ], [ -73.798660537386382, 40.722993418733232 ], [ -73.798521384748639, 40.730730158846661 ] ] ] } },
{ "type": "Feature", "properties": { "id": 2628, "left": 601457.4178000001, "top": 4515573.4247000003, "right": 602316.4178000001, "bottom": 4514714.4247000003, "row_index": 17, "col_index": 45, "sq_id": 2628 }, "geometry": { "type": "Polygon", "coordinates": [ [ [ -73.797545801090578, 40.784887037288165 ], [ -73.787367257891688, 40.784780510914921 ], [ -73.787507969900545, 40.777043875282189 ], [ -73.797685332693703, 40.777150372767053 ], [ -73.797545801090578, 40.784887037288165 ] ] ] } },
{ "type": "Feature", "properties": { "id": 2629, "left": 601457.4178000001, "top": 4514714.4247000003, "right": 602316.4178000001, "bottom": 4513855.4247000003, "row_index": 18, "col_index": 45, "sq_id": 2629 }, "geometry": { "type": "Polygon", "coordinates": [ [ [ -73.797685332693703, 40.777150372767053 ], [ -73.787507969900545, 40.777043875282189 ], [ -73.78764862724158, 40.769307228842138 ], [ -73.79782481008732, 40.769413697445259 ], [ -73.797685332693703, 40.777150372767053 ] ] ] } },
{ "type": "Feature", "properties": { "id": 2630, "left": 601457.4178000001, "top": 4513855.4247000003, "right": 602316.4178000001, "bottom": 4512996.4247000003, "row_index": 19, "col_index": 45, "sq_id": 2630 }, "geometry": { "type": "Polygon", "coordinates": [ [ [ -73.79782481008732, 40.769413697445259 ], [ -73.78764862724158, 40.769307228842138 ], [ -73.787789229938852, 40.761570571595378 ], [ -73.79796423329536, 40.761677011323357 ], [ -73.79782481008732, 40.769413697445259 ] ] ] } },
{ "type": "Feature", "properties": { "id": 2631, "left": 601457.4178000001, "top": 4512996.4247000003, "right": 602316.4178000001, "bottom": 4512137.4247000003, "row_index": 20, "col_index": 45, "sq_id": 2631 }, "geometry": { "type": "Polygon", "coordinates": [ [ [ -73.79796423329536, 40.761677011323357 ], [ -73.787789229938852, 40.761570571595378 ], [ -73.787929778016434, 40.753833903542493 ], [ -73.798103602341655, 40.753940314401952 ], [ -73.79796423329536, 40.761677011323357 ] ] ] } },
{ "type": "Feature", "properties": { "id": 2624, "left": 601457.4178000001, "top": 4519009.4247000003, "right": 602316.4178000001, "bottom": 4518150.4247000003, "row_index": 13, "col_index": 45, "sq_id": 2624 }, "geometry": { "type": "Polygon", "coordinates": [ [ [ -73.796987132104974, 40.815833587353652 ], [ -73.786803862695521, 40.815726945360638 ], [ -73.786944793616939, 40.807990352963181 ], [ -73.7971268807852, 40.808096966041312 ], [ -73.796987132104974, 40.815833587353652 ] ] ] } },
{ "type": "Feature", "properties": { "id": 2625, "left": 601457.4178000001, "top": 4518150.4247000003, "right": 602316.4178000001, "bottom": 4517291.4247000003, "row_index": 14, "col_index": 45, "sq_id": 2625 }, "geometry": { "type": "Polygon", "coordinates": [ [ [ -73.7971268807852, 40.808096966041312 ], [ -73.786944793616939, 40.807990352963181 ], [ -73.787085669774001, 40.80025374975601 ], [ -73.797266575160236, 40.80036033392588 ], [ -73.7971268807852, 40.808096966041312 ] ] ] } },
{ "type": "Feature", "properties": { "id": 2626, "left": 601457.4178000001, "top": 4517291.4247000003, "right": 602316.4178000001, "bottom": 4516432.4247000003, "row_index": 15, "col_index": 45, "sq_id": 2626 }, "geometry": { "type": "Polygon", "coordinates": [ [ [ -73.797266575160236, 40.80036033392588 ], [ -73.787085669774001, 40.80025374975601 ], [ -73.787226491190879, 40.792517135739722 ], [ -73.797406215254057, 40.792623691007975 ], [ -73.797266575160236, 40.80036033392588 ] ] ] } },
{ "type": "Feature", "properties": { "id": 2627, "left": 601457.4178000001, "top": 4516432.4247000003, "right": 602316.4178000001, "bottom": 4515573.4247000003, "row_index": 16, "col_index": 45, "sq_id": 2627 }, "geometry": { "type": "Polygon", "coordinates": [ [ [ -73.797406215254057, 40.792623691007975 ], [ -73.787226491190879, 40.792517135739722 ], [ -73.787367257891688, 40.784780510914921 ], [ -73.797545801090578, 40.784887037288165 ], [ -73.797406215254057, 40.792623691007975 ] ] ] } },
{ "type": "Feature", "properties": { "id": 2652, "left": 601457.4178000001, "top": 4494957.4247000003, "right": 602316.4178000001, "bottom": 4494098.4247000003, "row_index": 41, "col_index": 45, "sq_id": 2652 }, "geometry": { "type": "Polygon", "coordinates": [ [ [ -73.800879645927168, 40.599204109003367 ], [ -73.790729306366941, 40.599098274130718 ], [ -73.790868712964212, 40.591361379289253 ], [ -73.801017883063807, 40.591467185431505 ], [ -73.800879645927168, 40.599204109003367 ] ] ] } },
{ "type": "Feature", "properties": { "id": 2653, "left": 601457.4178000001, "top": 4494098.4247000003, "right": 602316.4178000001, "bottom": 4493239.4247000003, "row_index": 42, "col_index": 45, "sq_id": 2653 }, "geometry": { "type": "Polygon", "coordinates": [ [ [ -73.801017883063807, 40.591467185431505 ], [ -73.790868712964212, 40.591361379289253 ], [ -73.79100806546748, 40.583624473655064 ], [ -73.801156066559997, 40.583730251073433 ], [ -73.801017883063807, 40.591467185431505 ] ] ] } },
{ "type": "Feature", "properties": { "id": 2648, "left": 601457.4178000001, "top": 4498393.4247000003, "right": 602316.4178000001, "bottom": 4497534.4247000003, "row_index": 37, "col_index": 45, "sq_id": 2648 }, "geometry": { "type": "Polygon", "coordinates": [ [ [ -73.800326160504923, 40.630151695416664 ], [ -73.790171138562712, 40.630045745556899 ], [ -73.790310761773569, 40.622308893892537 ], [ -73.800464612438958, 40.6224148149957 ], [ -73.800326160504923, 40.630151695416664 ] ] ] } },
{ "type": "Feature", "properties": { "id": 2649, "left": 601457.4178000001, "top": 4497534.4247000003, "right": 602316.4178000001, "bottom": 4496675.4247000003, "row_index": 38, "col_index": 45, "sq_id": 2649 }, "geometry": { "type": "Polygon", "coordinates": [ [ [ -73.800464612438958, 40.6224148149957 ], [ -73.790310761773569, 40.622308893892537 ], [ -73.790450330795366, 40.614572031432978 ], [ -73.800603010638284, 40.614677923786076 ], [ -73.800464612438958, 40.6224148149957 ] ] ] } },
{ "type": "Feature", "properties": { "id": 2650, "left": 601457.4178000001, "top": 4496675.4247000003, "right": 602316.4178000001, "bottom": 4495816.4247000003, "row_index": 39, "col_index": 45, "sq_id": 2650 }, "geometry": { "type": "Polygon", "coordinates": [ [ [ -73.800603010638284, 40.614677923786076 ], [ -73.790450330795366, 40.614572031432978 ], [ -73.790589845651894, 40.606835158178832 ], [ -73.800741355126505, 40.60694102178843 ], [ -73.800603010638284, 40.614677923786076 ] ] ] } },
{ "type": "Feature", "properties": { "id": 2651, "left": 601457.4178000001, "top": 4495816.4247000003, "right": 602316.4178000001, "bottom": 4494957.4247000003, "row_index": 40, "col_index": 45, "sq_id": 2651 }, "geometry": { "type": "Polygon", "coordinates": [ [ [ -73.800741355126505, 40.60694102178843 ], [ -73.790589845651894, 40.606835158178832 ], [ -73.790729306366941, 40.599098274130718 ], [ -73.800879645927168, 40.599204109003367 ], [ -73.800741355126505, 40.60694102178843 ] ] ] } },
{ "type": "Feature", "properties": { "id": 2644, "left": 601457.4178000001, "top": 4501829.4247000003, "right": 602316.4178000001, "bottom": 4500970.4247000003, "row_index": 33, "col_index": 45, "sq_id": 2644 }, "geometry": { "type": "Polygon", "coordinates": [ [ [ -73.799771814949693, 40.66109910920197 ], [ -73.789612103352781, 40.660993044250169 ], [ -73.789751943557889, 40.653256235772687 ], [ -73.799910482058621, 40.653362271941624 ], [ -73.799771814949693, 40.66109910920197 ] ] ] } },
{ "type": "Feature", "properties": { "id": 2645, "left": 601457.4178000001, "top": 4500970.4247000003, "right": 602316.4178000001, "bottom": 4500111.4247000003, "row_index": 34, "col_index": 45, "sq_id": 2645 }, "geometry": { "type": "Polygon", "coordinates": [ [ [ -73.799910482058621, 40.653362271941624 ], [ -73.789751943557889, 40.653256235772687 ], [ -73.789891729478697, 40.645519416497578 ], [ -73.80004909533838, 40.645625423890245 ], [ -73.799910482058621, 40.653362271941624 ] ] ] } },
{ "type": "Feature", "properties": { "id": 2646, "left": 601457.4178000001, "top": 4500111.4247000003, "right": 602316.4178000001, "bottom": 4499252.4247000003, "row_index": 35, "col_index": 45, "sq_id": 2646 }, "geometry": { "type": "Polygon", "coordinates": [ [ [ -73.80004909533838, 40.645625423890245 ], [ -73.789891729478697, 40.645519416497578 ], [ -73.790031461139023, 40.637782586425452 ], [ -73.800187654812603, 40.637888565048378 ], [ -73.80004909533838, 40.645625423890245 ] ] ] } },
{ "type": "Feature", "properties": { "id": 2647, "left": 601457.4178000001, "top": 4499252.4247000003, "right": 602316.4178000001, "bottom": 4498393.4247000003, "row_index": 36, "col_index": 45, "sq_id": 2647 }, "geometry": { "type": "Polygon", "coordinates": [ [ [ -73.800187654812603, 40.637888565048378 ], [ -73.790031461139023, 40.637782586425452 ], [ -73.790171138562712, 40.630045745556899 ], [ -73.800326160504923, 40.630151695416664 ], [ -73.800187654812603, 40.637888565048378 ] ] ] } },
{ "type": "Feature", "properties": { "id": 2640, "left": 601457.4178000001, "top": 4505265.4247000003, "right": 602316.4178000001, "bottom": 4504406.4247000003, "row_index": 29, "col_index": 45, "sq_id": 2640 }, "geometry": { "type": "Polygon", "coordinates": [ [ [ -73.799216607748974, 40.692046350320375 ], [ -73.789052199211866, 40.691940170171435 ], [ -73.78919225679293, 40.684203404890617 ], [ -73.799355490411273, 40.68430955623041 ], [ -73.799216607748974, 40.692046350320375 ] ] ] } },
{ "type": "Feature", "properties": { "id": 2641, "left": 601457.4178000001, "top": 4504406.4247000003, "right": 602316.4178000001, "bottom": 4503547.4247000003, "row_index": 30, "col_index": 45, "sq_id": 2641 }, "geometry": { "type": "Polygon", "coordinates": [ [ [ -73.799355490411273, 40.68430955623041 ], [ -73.78919225679293, 40.684203404890617 ], [ -73.789332259994168, 40.676466628809749 ], [ -73.799494319149701, 40.676572751346953 ], [ -73.799355490411273, 40.68430955623041 ] ] ] } },
{ "type": "Feature", "properties": { "id": 2642, "left": 601457.4178000001, "top": 4503547.4247000003, "right": 602316.4178000001, "bottom": 4502688.4247000003, "row_index": 31, "col_index": 45, "sq_id": 2642 }, "geometry": { "type": "Polygon", "coordinates": [ [ [ -73.799494319149701, 40.676572751346953 ], [ -73.789332259994168, 40.676466628809749 ], [ -73.789472208839499, 40.668729841929377 ], [ -73.799633093987936, 40.668835935670593 ], [ -73.799494319149701, 40.676572751346953 ] ] ] } },
{ "type": "Feature", "properties": { "id": 2643, "left": 601457.4178000001, "top": 4502688.4247000003, "right": 602316.4178000001, "bottom": 4501829.4247000003, "row_index": 32, "col_index": 45, "sq_id": 2643 }, "geometry": { "type": "Polygon", "coordinates": [ [ [ -73.799633093987936, 40.668835935670593 ], [ -73.789472208839499, 40.668729841929377 ], [ -73.789612103352781, 40.660993044250169 ], [ -73.799771814949693, 40.66109910920197 ], [ -73.799633093987936, 40.668835935670593 ] ] ] } },
{ "type": "Feature", "properties": { "id": 2988, "left": 606611.4178000001, "top": 4505265.4247000003, "right": 607470.4178000001, "bottom": 4504406.4247000003, "row_index": 29, "col_index": 51, "sq_id": 2988 }, "geometry": { "type": "Polygon", "coordinates": [ [ [ -73.738230981704717, 40.691395850075118 ], [ -73.728066906431636, 40.691284302284757 ], [ -73.728214013016029, 40.683547714954209 ], [ -73.738376913516845, 40.683659232479641 ], [ -73.738230981704717, 40.691395850075118 ] ] ] } },
{ "type": "Feature", "properties": { "id": 2989, "left": 606611.4178000001, "top": 4504406.4247000003, "right": 607470.4178000001, "bottom": 4503547.4247000003, "row_index": 30, "col_index": 51, "sq_id": 2989 }, "geometry": { "type": "Polygon", "coordinates": [ [ [ -73.738376913516845, 40.683659232479641 ], [ -73.728214013016029, 40.683547714954209 ], [ -73.728361062485249, 40.675811116782931 ], [ -73.73852278866967, 40.675922604050342 ], [ -73.738376913516845, 40.683659232479641 ] ] ] } },
{ "type": "Feature", "properties": { "id": 2990, "left": 606611.4178000001, "top": 4503547.4247000003, "right": 607470.4178000001, "bottom": 4502688.4247000003, "row_index": 31, "col_index": 51, "sq_id": 2990 }, "geometry": { "type": "Polygon", "coordinates": [ [ [ -73.73852278866967, 40.675922604050342 ], [ -73.728361062485249, 40.675811116782931 ], [ -73.728508054864434, 40.668074507771564 ], [ -73.738668607188089, 40.66818596478786 ], [ -73.73852278866967, 40.675922604050342 ] ] ] } },
{ "type": "Feature", "properties": { "id": 2991, "left": 606611.4178000001, "top": 4502688.4247000003, "right": 607470.4178000001, "bottom": 4501829.4247000003, "row_index": 32, "col_index": 51, "sq_id": 2991 }, "geometry": { "type": "Polygon", "coordinates": [ [ [ -73.738668607188089, 40.66818596478786 ], [ -73.728508054864434, 40.668074507771564 ], [ -73.72865499017864, 40.66033788792074 ], [ -73.738814369096986, 40.660449314692833 ], [ -73.738668607188089, 40.66818596478786 ] ] ] } },
{ "type": "Feature", "properties": { "id": 2984, "left": 606611.4178000001, "top": 4508701.4247000003, "right": 607470.4178000001, "bottom": 4507842.4247000003, "row_index": 25, "col_index": 51, "sq_id": 2984 }, "geometry": { "type": "Polygon", "coordinates": [ [ [ -73.737646687364546, 40.722342212106554 ], [ -73.727477908439937, 40.722230543187266 ], [ -73.727625243736298, 40.714493999225859 ], [ -73.737792846063229, 40.714605637852522 ], [ -73.737646687364546, 40.722342212106554 ] ] ] } },
{ "type": "Feature", "properties": { "id": 2985, "left": 606611.4178000001, "top": 4507842.4247000003, "right": 607470.4178000001, "bottom": 4506983.4247000003, "row_index": 26, "col_index": 51, "sq_id": 2985 }, "geometry": { "type": "Polygon", "coordinates": [ [ [ -73.737792846063229, 40.714605637852522 ], [ -73.727625243736298, 40.714493999225859 ], [ -73.727772521816917, 40.706757444421214 ], [ -73.737938948002849, 40.706869052762201 ], [ -73.737792846063229, 40.714605637852522 ] ] ] } },
{ "type": "Feature", "properties": { "id": 2986, "left": 606611.4178000001, "top": 4506983.4247000003, "right": 607470.4178000001, "bottom": 4506124.4247000003, "row_index": 27, "col_index": 51, "sq_id": 2986 }, "geometry": { "type": "Polygon", "coordinates": [ [ [ -73.737938948002849, 40.706869052762201 ], [ -73.727772521816917, 40.706757444421214 ], [ -73.727919742706987, 40.699020878773972 ], [ -73.738084993208361, 40.699132456836182 ], [ -73.737938948002849, 40.706869052762201 ] ] ] } },
{ "type": "Feature", "properties": { "id": 2987, "left": 606611.4178000001, "top": 4506124.4247000003, "right": 607470.4178000001, "bottom": 4505265.4247000003, "row_index": 28, "col_index": 51, "sq_id": 2987 }, "geometry": { "type": "Polygon", "coordinates": [ [ [ -73.738084993208361, 40.699132456836182 ], [ -73.727919742706987, 40.699020878773972 ], [ -73.728066906431636, 40.691284302284757 ], [ -73.738230981704717, 40.691395850075118 ], [ -73.738084993208361, 40.699132456836182 ] ] ] } },
{ "type": "Feature", "properties": { "id": 2980, "left": 606611.4178000001, "top": 4512137.4247000003, "right": 607470.4178000001, "bottom": 4511278.4247000003, "row_index": 21, "col_index": 51, "sq_id": 2980 }, "geometry": { "type": "Polygon", "coordinates": [ [ [ -73.737061484479128, 40.753288400747245 ], [ -73.726887994593369, 40.753176610588163 ], [ -73.727035559004605, 40.745440110005902 ], [ -73.737207870464104, 40.745551869844633 ], [ -73.737061484479128, 40.753288400747245 ] ] ] } },
{ "type": "Feature", "properties": { "id": 2981, "left": 606611.4178000001, "top": 4511278.4247000003, "right": 607470.4178000001, "bottom": 4510419.4247000003, "row_index": 22, "col_index": 51, "sq_id": 2981 }, "geometry": { "type": "Polygon", "coordinates": [ [ [ -73.737207870464104, 40.745551869844633 ], [ -73.727035559004605, 40.745440110005902 ], [ -73.7271830660993, 40.737703598577909 ], [ -73.737354199589987, 40.737815328103224 ], [ -73.737207870464104, 40.745551869844633 ] ] ] } },
{ "type": "Feature", "properties": { "id": 2982, "left": 606611.4178000001, "top": 4510419.4247000003, "right": 607470.4178000001, "bottom": 4509560.4247000003, "row_index": 23, "col_index": 51, "sq_id": 2982 }, "geometry": { "type": "Polygon", "coordinates": [ [ [ -73.737354199589987, 40.737815328103224 ], [ -73.7271830660993, 40.737703598577909 ], [ -73.727330515902665, 40.729967076304824 ], [ -73.737500471881788, 40.730078775523644 ], [ -73.737354199589987, 40.737815328103224 ] ] ] } },
{ "type": "Feature", "properties": { "id": 2983, "left": 606611.4178000001, "top": 4509560.4247000003, "right": 607470.4178000001, "bottom": 4508701.4247000003, "row_index": 24, "col_index": 51, "sq_id": 2983 }, "geometry": { "type": "Polygon", "coordinates": [ [ [ -73.737500471881788, 40.730078775523644 ], [ -73.727330515902665, 40.729967076304824 ], [ -73.727477908439937, 40.722230543187266 ], [ -73.737646687364546, 40.722342212106554 ], [ -73.737500471881788, 40.730078775523644 ] ] ] } },
{ "type": "Feature", "properties": { "id": 2977, "left": 606611.4178000001, "top": 4514714.4247000003, "right": 607470.4178000001, "bottom": 4513855.4247000003, "row_index": 18, "col_index": 51, "sq_id": 2977 }, "geometry": { "type": "Polygon", "coordinates": [ [ [ -73.736621985119029, 40.776497928416198 ], [ -73.726444957207718, 40.776386047254377 ], [ -73.726592693720193, 40.768649579213012 ], [ -73.736768541831665, 40.768761430033649 ], [ -73.736621985119029, 40.776497928416198 ] ] ] } },
{ "type": "Feature", "properties": { "id": 2978, "left": 606611.4178000001, "top": 4513855.4247000003, "right": 607470.4178000001, "bottom": 4512996.4247000003, "row_index": 19, "col_index": 51, "sq_id": 2978 }, "geometry": { "type": "Polygon", "coordinates": [ [ [ -73.736768541831665, 40.768761430033649 ], [ -73.726592693720193, 40.768649579213012 ], [ -73.726740372840311, 40.760913100324068 ], [ -73.73691504160999, 40.761024920810456 ], [ -73.736768541831665, 40.768761430033649 ] ] ] } },
{ "type": "Feature", "properties": { "id": 2979, "left": 606611.4178000001, "top": 4512996.4247000003, "right": 607470.4178000001, "bottom": 4512137.4247000003, "row_index": 20, "col_index": 51, "sq_id": 2979 }, "geometry": { "type": "Polygon", "coordinates": [ [ [ -73.73691504160999, 40.761024920810456 ], [ -73.726740372840311, 40.760913100324068 ], [ -73.726887994593369, 40.753176610588163 ], [ -73.737061484479128, 40.753288400747245 ], [ -73.73691504160999, 40.761024920810456 ] ] ] } },
{ "type": "Feature", "properties": { "id": 3000, "left": 606611.4178000001, "top": 4494957.4247000003, "right": 607470.4178000001, "bottom": 4494098.4247000003, "row_index": 41, "col_index": 51, "sq_id": 3000 }, "geometry": { "type": "Polygon", "coordinates": [ [ [ -73.739978429406534, 40.598555724035855 ], [ -73.729828421358505, 40.598444538969254 ], [ -73.729974844214212, 40.5907078215917 ], [ -73.740123682946987, 40.590818976476086 ], [ -73.739978429406534, 40.598555724035855 ] ] ] } },
{ "type": "Feature", "properties": { "id": 908, "left": 575687.4178000001, "top": 4498393.4247000003, "right": 576546.4178000001, "bottom": 4497534.4247000003, "row_index": 37, "col_index": 15, "sq_id": 908 }, "geometry": { "type": "Polygon", "coordinates": [ [ [ -74.104999772679051, 40.632915020371087 ], [ -74.09484333577916, 40.632835857472074 ], [ -74.094947811231421, 40.62509824849343 ], [ -74.105103076233405, 40.625177389904522 ], [ -74.104999772679051, 40.632915020371087 ] ] ] } },
{ "type": "Feature", "properties": { "id": 2999, "left": 606611.4178000001, "top": 4495816.4247000003, "right": 607470.4178000001, "bottom": 4494957.4247000003, "row_index": 40, "col_index": 51, "sq_id": 2999 }, "geometry": { "type": "Polygon", "coordinates": [ [ [ -73.739833119479812, 40.606292460768721 ], [ -73.729681941662875, 40.606181245513035 ], [ -73.729828421358505, 40.598444538969254 ], [ -73.739978429406534, 40.598555724035855 ], [ -73.739833119479812, 40.606292460768721 ] ] ] } },
{ "type": "Feature", "properties": { "id": 909, "left": 575687.4178000001, "top": 4497534.4247000003, "right": 576546.4178000001, "bottom": 4496675.4247000003, "row_index": 38, "col_index": 15, "sq_id": 909 }, "geometry": { "type": "Polygon", "coordinates": [ [ [ -74.105103076233405, 40.625177389904522 ], [ -74.094947811231421, 40.62509824849343 ], [ -74.09505224613109, 40.617360628892186 ], [ -74.1052063396899, 40.617439748820253 ], [ -74.105103076233405, 40.625177389904522 ] ] ] } },
{ "type": "Feature", "properties": { "id": 2992, "left": 606611.4178000001, "top": 4501829.4247000003, "right": 607470.4178000001, "bottom": 4500970.4247000003, "row_index": 33, "col_index": 51, "sq_id": 2992 }, "geometry": { "type": "Polygon", "coordinates": [ [ [ -73.738814369096986, 40.660449314692833 ], [ -73.72865499017864, 40.66033788792074 ], [ -73.728801868452962, 40.652601257231076 ], [ -73.738960074421229, 40.652712653765853 ], [ -73.738814369096986, 40.660449314692833 ] ] ] } },
{ "type": "Feature", "properties": { "id": 910, "left": 575687.4178000001, "top": 4496675.4247000003, "right": 576546.4178000001, "bottom": 4495816.4247000003, "row_index": 39, "col_index": 15, "sq_id": 910 }, "geometry": { "type": "Polygon", "coordinates": [ [ [ -74.1052063396899, 40.617439748820253 ], [ -74.09505224613109, 40.617360628892186 ], [ -74.095156640495944, 40.609622998668904 ], [ -74.105309563066129, 40.60970209711882 ], [ -74.1052063396899, 40.617439748820253 ] ] ] } },
{ "type": "Feature", "properties": { "id": 2993, "left": 606611.4178000001, "top": 4500970.4247000003, "right": 607470.4178000001, "bottom": 4500111.4247000003, "row_index": 34, "col_index": 51, "sq_id": 2993 }, "geometry": { "type": "Polygon", "coordinates": [ [ [ -73.738960074421229, 40.652712653765853 ], [ -73.728801868452962, 40.652601257231076 ], [ -73.728948689712425, 40.644864615703213 ], [ -73.739105723185688, 40.644975982007601 ], [ -73.738960074421229, 40.652712653765853 ] ] ] } },
{ "type": "Feature", "properties": { "id": 911, "left": 575687.4178000001, "top": 4495816.4247000003, "right": 576546.4178000001, "bottom": 4494957.4247000003, "row_index": 40, "col_index": 15, "sq_id": 911 }, "geometry": { "type": "Polygon", "coordinates": [ [ [ -74.105309563066129, 40.60970209711882 ], [ -74.095156640495944, 40.609622998668904 ], [ -74.095260994343775, 40.601885357824088 ], [ -74.105412746379699, 40.601964434800756 ], [ -74.105309563066129, 40.60970209711882 ] ] ] } },
{ "type": "Feature", "properties": { "id": 906, "left": 575687.4178000001, "top": 4500111.4247000003, "right": 576546.4178000001, "bottom": 4499252.4247000003, "row_index": 35, "col_index": 15, "sq_id": 906 }, "geometry": { "type": "Polygon", "coordinates": [ [ [ -74.104793045206264, 40.648390249449086 ], [ -74.094634263145551, 40.648311043559481 ], [ -74.094738819756472, 40.6405734558276 ], [ -74.104896429009216, 40.640652640219457 ], [ -74.104793045206264, 40.648390249449086 ] ] ] } },
{ "type": "Feature", "properties": { "id": 907, "left": 575687.4178000001, "top": 4499252.4247000003, "right": 576546.4178000001, "bottom": 4498393.4247000003, "row_index": 36, "col_index": 15, "sq_id": 907 }, "geometry": { "type": "Polygon", "coordinates": [ [ [ -74.104896429009216, 40.640652640219457 ], [ -74.094738819756472, 40.6405734558276 ], [ -74.09484333577916, 40.632835857472074 ], [ -74.104999772679051, 40.632915020371087 ], [ -74.104896429009216, 40.640652640219457 ] ] ] } },
{ "type": "Feature", "properties": { "id": 916, "left": 575687.4178000001, "top": 4491521.4247000003, "right": 576546.4178000001, "bottom": 4490662.4247000003, "row_index": 45, "col_index": 15, "sq_id": 916 }, "geometry": { "type": "Polygon", "coordinates": [ [ [ -74.105825079358524, 40.571013679372577 ], [ -74.095678004920202, 40.570934688240015 ], [ -74.095782156449332, 40.563196994295453 ], [ -74.105928062622127, 40.563275963979201 ], [ -74.105825079358524, 40.571013679372577 ] ] ] } },
{ "type": "Feature", "properties": { "id": 917, "left": 575687.4178000001, "top": 4490662.4247000003, "right": 576546.4178000001, "bottom": 4489803.4247000003, "row_index": 46, "col_index": 15, "sq_id": 917 }, "geometry": { "type": "Polygon", "coordinates": [ [ [ -74.105928062622127, 40.563275963979201 ], [ -74.095782156449332, 40.563196994295453 ], [ -74.09588626756792, 40.555459289732518 ], [ -74.10603100592833, 40.555538237972328 ], [ -74.105928062622127, 40.563275963979201 ] ] ] } },
{ "type": "Feature", "properties": { "id": 918, "left": 575687.4178000001, "top": 4489803.4247000003, "right": 576546.4178000001, "bottom": 4488944.4247000003, "row_index": 47, "col_index": 15, "sq_id": 918 }, "geometry": { "type": "Polygon", "coordinates": [ [ [ -74.10603100592833, 40.555538237972328 ], [ -74.09588626756792, 40.555459289732518 ], [ -74.095990338293674, 40.547721574551751 ], [ -74.10613390929467, 40.547800501352498 ], [ -74.10603100592833, 40.555538237972328 ] ] ] } },
{ "type": "Feature", "properties": { "id": 912, "left": 575687.4178000001, "top": 4494957.4247000003, "right": 576546.4178000001, "bottom": 4494098.4247000003, "row_index": 41, "col_index": 15, "sq_id": 912 }, "geometry": { "type": "Polygon", "coordinates": [ [ [ -74.105412746379699, 40.601964434800756 ], [ -74.095260994343775, 40.601885357824088 ], [ -74.095365307692362, 40.594147706358264 ], [ -74.105515889648146, 40.59422676186658 ], [ -74.105412746379699, 40.601964434800756 ] ] ] } },
{ "type": "Feature", "properties": { "id": 913, "left": 575687.4178000001, "top": 4494098.4247000003, "right": 576546.4178000001, "bottom": 4493239.4247000003, "row_index": 42, "col_index": 15, "sq_id": 913 }, "geometry": { "type": "Polygon", "coordinates": [ [ [ -74.105515889648146, 40.59422676186658 ], [ -74.095365307692362, 40.594147706358264 ], [ -74.095469580559453, 40.586410044271958 ], [ -74.105618992889077, 40.586489078316809 ], [ -74.105515889648146, 40.59422676186658 ] ] ] } },
{ "type": "Feature", "properties": { "id": 914, "left": 575687.4178000001, "top": 4493239.4247000003, "right": 576546.4178000001, "bottom": 4492380.4247000003, "row_index": 43, "col_index": 15, "sq_id": 914 }, "geometry": { "type": "Polygon", "coordinates": [ [ [ -74.105618992889077, 40.586489078316809 ], [ -74.095469580559453, 40.586410044271958 ], [ -74.095573812962826, 40.578672371565702 ], [ -74.10572205612003, 40.578751384151964 ], [ -74.105618992889077, 40.586489078316809 ] ] ] } },
{ "type": "Feature", "properties": { "id": 915, "left": 575687.4178000001, "top": 4492380.4247000003, "right": 576546.4178000001, "bottom": 4491521.4247000003, "row_index": 44, "col_index": 15, "sq_id": 915 }, "geometry": { "type": "Polygon", "coordinates": [ [ [ -74.10572205612003, 40.578751384151964 ], [ -74.095573812962826, 40.578672371565702 ], [ -74.095678004920202, 40.570934688240015 ], [ -74.105825079358524, 40.571013679372577 ], [ -74.10572205612003, 40.578751384151964 ] ] ] } },
{ "type": "Feature", "properties": { "id": 3048, "left": 607470.4178000001, "top": 4503547.4247000003, "right": 608329.4178000001, "bottom": 4502688.4247000003, "row_index": 31, "col_index": 52, "sq_id": 3048 }, "geometry": { "type": "Polygon", "coordinates": [ [ [ -73.728361062485249, 40.675811116782931 ], [ -73.718199393390904, 40.675698735443923 ], [ -73.71834755960576, 40.667962156926166 ], [ -73.728508054864434, 40.668074507771564 ], [ -73.728361062485249, 40.675811116782931 ] ] ] } },
{ "type": "Feature", "properties": { "id": 3049, "left": 607470.4178000001, "top": 4502688.4247000003, "right": 608329.4178000001, "bottom": 4501829.4247000003, "row_index": 32, "col_index": 52, "sq_id": 3049 }, "geometry": { "type": "Polygon", "coordinates": [ [ [ -73.728508054864434, 40.668074507771564 ], [ -73.71834755960576, 40.667962156926166 ], [ -73.718495668300207, 40.660225567561987 ], [ -73.72865499017864, 40.66033788792074 ], [ -73.728508054864434, 40.668074507771564 ] ] ] } },
{ "type": "Feature", "properties": { "id": 3050, "left": 607470.4178000001, "top": 4501829.4247000003, "right": 608329.4178000001, "bottom": 4500970.4247000003, "row_index": 33, "col_index": 52, "sq_id": 3050 }, "geometry": { "type": "Polygon", "coordinates": [ [ [ -73.72865499017864, 40.66033788792074 ], [ -73.718495668300207, 40.660225567561987 ], [ -73.718643719499525, 40.652488967352021 ], [ -73.728801868452962, 40.652601257231076 ], [ -73.72865499017864, 40.66033788792074 ] ] ] } },
{ "type": "Feature", "properties": { "id": 3051, "left": 607470.4178000001, "top": 4500970.4247000003, "right": 608329.4178000001, "bottom": 4500111.4247000003, "row_index": 34, "col_index": 52, "sq_id": 3051 }, "geometry": { "type": "Polygon", "coordinates": [ [ [ -73.728801868452962, 40.652601257231076 ], [ -73.718643719499525, 40.652488967352021 ], [ -73.718791713228981, 40.644752356296898 ], [ -73.728948689712425, 40.644864615703213 ], [ -73.728801868452962, 40.652601257231076 ] ] ] } },
{ "type": "Feature", "properties": { "id": 3044, "left": 607470.4178000001, "top": 4506983.4247000003, "right": 608329.4178000001, "bottom": 4506124.4247000003, "row_index": 27, "col_index": 52, "sq_id": 3044 }, "geometry": { "type": "Polygon", "coordinates": [ [ [ -73.727772521816917, 40.706757444421214 ], [ -73.717606152821531, 40.706644941038107 ], [ -73.717754549371008, 40.698908405912348 ], [ -73.727919742706987, 40.699020878773972 ], [ -73.727772521816917, 40.706757444421214 ] ] ] } },
{ "type": "Feature", "properties": { "id": 3045, "left": 607470.4178000001, "top": 4506124.4247000003, "right": 608329.4178000001, "bottom": 4505265.4247000003, "row_index": 28, "col_index": 52, "sq_id": 3045 }, "geometry": { "type": "Polygon", "coordinates": [ [ [ -73.727919742706987, 40.699020878773972 ], [ -73.717754549371008, 40.698908405912348 ], [ -73.717902888298838, 40.691171859937633 ], [ -73.728066906431636, 40.691284302284757 ], [ -73.727919742706987, 40.699020878773972 ] ] ] } },
{ "type": "Feature", "properties": { "id": 3046, "left": 607470.4178000001, "top": 4505265.4247000003, "right": 608329.4178000001, "bottom": 4504406.4247000003, "row_index": 29, "col_index": 52, "sq_id": 3046 }, "geometry": { "type": "Polygon", "coordinates": [ [ [ -73.728066906431636, 40.691284302284757 ], [ -73.717902888298838, 40.691171859937633 ], [ -73.718051169630371, 40.683435303114621 ], [ -73.728214013016029, 40.683547714954209 ], [ -73.728066906431636, 40.691284302284757 ] ] ] } },
{ "type": "Feature", "properties": { "id": 3047, "left": 607470.4178000001, "top": 4504406.4247000003, "right": 608329.4178000001, "bottom": 4503547.4247000003, "row_index": 30, "col_index": 52, "sq_id": 3047 }, "geometry": { "type": "Polygon", "coordinates": [ [ [ -73.728214013016029, 40.683547714954209 ], [ -73.718051169630371, 40.683435303114621 ], [ -73.718199393390904, 40.675698735443923 ], [ -73.728361062485249, 40.675811116782931 ], [ -73.728214013016029, 40.683547714954209 ] ] ] } },
{ "type": "Feature", "properties": { "id": 1021, "left": 577405.4178000001, "top": 4500970.4247000003, "right": 578264.4178000001, "bottom": 4500111.4247000003, "row_index": 34, "col_index": 17, "sq_id": 1021 }, "geometry": { "type": "Polygon", "coordinates": [ [ [ -74.084369751228394, 40.655968499482185 ], [ -74.0742098776077, 40.655887484514778 ], [ -74.074316821297643, 40.648149951139899 ], [ -74.084475521690891, 40.648230944119618 ], [ -74.084369751228394, 40.655968499482185 ] ] ] } },
{ "type": "Feature", "properties": { "id": 3040, "left": 607470.4178000001, "top": 4510419.4247000003, "right": 608329.4178000001, "bottom": 4509560.4247000003, "row_index": 23, "col_index": 52, "sq_id": 3040 }, "geometry": { "type": "Polygon", "coordinates": [ [ [ -73.7271830660993, 40.737703598577909 ], [ -73.717011989899945, 40.73759097303904 ], [ -73.717160617189663, 40.729854481315364 ], [ -73.727330515902665, 40.729967076304824 ], [ -73.7271830660993, 40.737703598577909 ] ] ] } },
{ "type": "Feature", "properties": { "id": 1022, "left": 577405.4178000001, "top": 4500111.4247000003, "right": 578264.4178000001, "bottom": 4499252.4247000003, "row_index": 35, "col_index": 17, "sq_id": 1022 }, "geometry": { "type": "Polygon", "coordinates": [ [ [ -74.084475521690891, 40.648230944119618 ], [ -74.074316821297643, 40.648149951139899 ], [ -74.074423723470872, 40.640412407130903 ], [ -74.08458125109199, 40.640493378127935 ], [ -74.084475521690891, 40.648230944119618 ] ] ] } },
{ "type": "Feature", "properties": { "id": 3041, "left": 607470.4178000001, "top": 4509560.4247000003, "right": 608329.4178000001, "bottom": 4508701.4247000003, "row_index": 24, "col_index": 52, "sq_id": 3041 }, "geometry": { "type": "Polygon", "coordinates": [ [ [ -73.727330515902665, 40.729967076304824 ], [ -73.717160617189663, 40.729854481315364 ], [ -73.717309186756239, 40.722117978740236 ], [ -73.727477908439937, 40.722230543187266 ], [ -73.727330515902665, 40.729967076304824 ] ] ] } },
{ "type": "Feature", "properties": { "id": 1023, "left": 577405.4178000001, "top": 4499252.4247000003, "right": 578264.4178000001, "bottom": 4498393.4247000003, "row_index": 36, "col_index": 17, "sq_id": 1023 }, "geometry": { "type": "Polygon", "coordinates": [ [ [ -74.08458125109199, 40.640493378127935 ], [ -74.074423723470872, 40.640412407130903 ], [ -74.074530584145592, 40.6326748524883 ], [ -74.084686939449696, 40.632755801507656 ], [ -74.08458125109199, 40.640493378127935 ] ] ] } },
{ "type": "Feature", "properties": { "id": 3043, "left": 607470.4178000001, "top": 4507842.4247000003, "right": 608329.4178000001, "bottom": 4506983.4247000003, "row_index": 26, "col_index": 52, "sq_id": 3043 }, "geometry": { "type": "Polygon", "coordinates": [ [ [ -73.727625243736298, 40.714493999225859 ], [ -73.717457698625054, 40.714381465314275 ], [ -73.717606152821531, 40.706644941038107 ], [ -73.727772521816917, 40.706757444421214 ], [ -73.727625243736298, 40.714493999225859 ] ] ] } },
{ "type": "Feature", "properties": { "id": 972, "left": 576546.4178000001, "top": 4493239.4247000003, "right": 577405.4178000001, "bottom": 4492380.4247000003, "row_index": 43, "col_index": 16, "sq_id": 972 }, "geometry": { "type": "Polygon", "coordinates": [ [ [ -74.095469580559453, 40.586410044271958 ], [ -74.08532020869356, 40.586330118615081 ], [ -74.085425610251619, 40.578592467609433 ], [ -74.095573812962826, 40.578672371565702 ], [ -74.095469580559453, 40.586410044271958 ] ] ] } },
{ "type": "Feature", "properties": { "id": 973, "left": 576546.4178000001, "top": 4492380.4247000003, "right": 577405.4178000001, "bottom": 4491521.4247000003, "row_index": 44, "col_index": 16, "sq_id": 973 }, "geometry": { "type": "Polygon", "coordinates": [ [ [ -74.095573812962826, 40.578672371565702 ], [ -74.085425610251619, 40.578592467609433 ], [ -74.085530970910142, 40.57085480597943 ], [ -74.095678004920202, 40.570934688240015 ], [ -74.095573812962826, 40.578672371565702 ] ] ] } },
{ "type": "Feature", "properties": { "id": 974, "left": 576546.4178000001, "top": 4491521.4247000003, "right": 577405.4178000001, "bottom": 4490662.4247000003, "row_index": 45, "col_index": 16, "sq_id": 974 }, "geometry": { "type": "Polygon", "coordinates": [ [ [ -74.095678004920202, 40.570934688240015 ], [ -74.085530970910142, 40.57085480597943 ], [ -74.085636290687077, 40.563117133725591 ], [ -74.095782156449332, 40.563196994295453 ], [ -74.095678004920202, 40.570934688240015 ] ] ] } },
{ "type": "Feature", "properties": { "id": 975, "left": 576546.4178000001, "top": 4490662.4247000003, "right": 577405.4178000001, "bottom": 4489803.4247000003, "row_index": 46, "col_index": 16, "sq_id": 975 }, "geometry": { "type": "Polygon", "coordinates": [ [ [ -74.095782156449332, 40.563196994295453 ], [ -74.085636290687077, 40.563117133725591 ], [ -74.08574156960033, 40.555379450848463 ], [ -74.09588626756792, 40.555459289732518 ], [ -74.095782156449332, 40.563196994295453 ] ] ] } },
{ "type": "Feature", "properties": { "id": 968, "left": 576546.4178000001, "top": 4496675.4247000003, "right": 577405.4178000001, "bottom": 4495816.4247000003, "row_index": 39, "col_index": 16, "sq_id": 968 }, "geometry": { "type": "Polygon", "coordinates": [ [ [ -74.09505224613109, 40.617360628892186 ], [ -74.08489819310708, 40.617280616383425 ], [ -74.085003758442781, 40.609543007880532 ], [ -74.095156640495944, 40.609622998668904 ], [ -74.09505224613109, 40.617360628892186 ] ] ] } },
{ "type": "Feature", "properties": { "id": 969, "left": 576546.4178000001, "top": 4495816.4247000003, "right": 577405.4178000001, "bottom": 4494957.4247000003, "row_index": 40, "col_index": 16, "sq_id": 969 }, "geometry": { "type": "Polygon", "coordinates": [ [ [ -74.095156640495944, 40.609622998668904 ], [ -74.085003758442781, 40.609543007880532 ], [ -74.085109282807096, 40.60180538875116 ], [ -74.095260994343775, 40.601885357824088 ], [ -74.095156640495944, 40.609622998668904 ] ] ] } },
{ "type": "Feature", "properties": { "id": 970, "left": 576546.4178000001, "top": 4494957.4247000003, "right": 577405.4178000001, "bottom": 4494098.4247000003, "row_index": 41, "col_index": 16, "sq_id": 970 }, "geometry": { "type": "Polygon", "coordinates": [ [ [ -74.095260994343775, 40.601885357824088 ], [ -74.085109282807096, 40.60180538875116 ], [ -74.085214766218044, 40.594067758995834 ], [ -74.095365307692362, 40.594147706358264 ], [ -74.095260994343775, 40.601885357824088 ] ] ] } },
{ "type": "Feature", "properties": { "id": 971, "left": 576546.4178000001, "top": 4494098.4247000003, "right": 577405.4178000001, "bottom": 4493239.4247000003, "row_index": 42, "col_index": 16, "sq_id": 971 }, "geometry": { "type": "Polygon", "coordinates": [ [ [ -74.095365307692362, 40.594147706358264 ], [ -74.085214766218044, 40.594067758995834 ], [ -74.08532020869356, 40.586330118615081 ], [ -74.095469580559453, 40.586410044271958 ], [ -74.095365307692362, 40.594147706358264 ] ] ] } },
{ "type": "Feature", "properties": { "id": 964, "left": 576546.4178000001, "top": 4500111.4247000003, "right": 577405.4178000001, "bottom": 4499252.4247000003, "row_index": 35, "col_index": 16, "sq_id": 964 }, "geometry": { "type": "Polygon", "coordinates": [ [ [ -74.094634263145551, 40.648311043559481 ], [ -74.084475521690891, 40.648230944119618 ], [ -74.08458125109199, 40.640493378127935 ], [ -74.094738819756472, 40.6405734558276 ], [ -74.094634263145551, 40.648311043559481 ] ] ] } },
{ "type": "Feature", "properties": { "id": 965, "left": 576546.4178000001, "top": 4499252.4247000003, "right": 577405.4178000001, "bottom": 4498393.4247000003, "row_index": 36, "col_index": 16, "sq_id": 965 }, "geometry": { "type": "Polygon", "coordinates": [ [ [ -74.094738819756472, 40.6405734558276 ], [ -74.08458125109199, 40.640493378127935 ], [ -74.084686939449696, 40.632755801507656 ], [ -74.09484333577916, 40.632835857472074 ], [ -74.094738819756472, 40.6405734558276 ] ] ] } },
{ "type": "Feature", "properties": { "id": 966, "left": 576546.4178000001, "top": 4498393.4247000003, "right": 577405.4178000001, "bottom": 4497534.4247000003, "row_index": 37, "col_index": 16, "sq_id": 966 }, "geometry": { "type": "Polygon", "coordinates": [ [ [ -74.09484333577916, 40.632835857472074 ], [ -74.084686939449696, 40.632755801507656 ], [ -74.084792586782058, 40.625018214259313 ], [ -74.094947811231421, 40.62509824849343 ], [ -74.09484333577916, 40.632835857472074 ] ] ] } },
{ "type": "Feature", "properties": { "id": 967, "left": 576546.4178000001, "top": 4497534.4247000003, "right": 577405.4178000001, "bottom": 4496675.4247000003, "row_index": 38, "col_index": 16, "sq_id": 967 }, "geometry": { "type": "Polygon", "coordinates": [ [ [ -74.094947811231421, 40.62509824849343 ], [ -74.084792586782058, 40.625018214259313 ], [ -74.08489819310708, 40.617280616383425 ], [ -74.09505224613109, 40.617360628892186 ], [ -74.094947811231421, 40.62509824849343 ] ] ] } },
{ "type": "Feature", "properties": { "id": 963, "left": 576546.4178000001, "top": 4500970.4247000003, "right": 577405.4178000001, "bottom": 4500111.4247000003, "row_index": 34, "col_index": 16, "sq_id": 963 }, "geometry": { "type": "Polygon", "coordinates": [ [ [ -74.094529665928548, 40.656048620667228 ], [ -74.084369751228394, 40.655968499482185 ], [ -74.084475521690891, 40.648230944119618 ], [ -74.094634263145551, 40.648311043559481 ], [ -74.094529665928548, 40.656048620667228 ] ] ] } },
{ "type": "Feature", "properties": { "id": 3036, "left": 607470.4178000001, "top": 4513855.4247000003, "right": 608329.4178000001, "bottom": 4512996.4247000003, "row_index": 19, "col_index": 52, "sq_id": 3036 }, "geometry": { "type": "Polygon", "coordinates": [ [ [ -73.726592693720193, 40.768649579213012 ], [ -73.716416903001061, 40.768536831406514 ], [ -73.716565761437693, 40.760800383094974 ], [ -73.726740372840311, 40.760913100324068 ], [ -73.726592693720193, 40.768649579213012 ] ] ] } },
{ "type": "Feature", "properties": { "id": 3037, "left": 607470.4178000001, "top": 4512996.4247000003, "right": 608329.4178000001, "bottom": 4512137.4247000003, "row_index": 20, "col_index": 52, "sq_id": 3037 }, "geometry": { "type": "Polygon", "coordinates": [ [ [ -73.726740372840311, 40.760913100324068 ], [ -73.716565761437693, 40.760800383094974 ], [ -73.71671456204939, 40.75306392392946 ], [ -73.726887994593369, 40.753176610588163 ], [ -73.726740372840311, 40.760913100324068 ] ] ] } },
{ "type": "Feature", "properties": { "id": 3038, "left": 607470.4178000001, "top": 4512137.4247000003, "right": 608329.4178000001, "bottom": 4511278.4247000003, "row_index": 21, "col_index": 52, "sq_id": 3038 }, "geometry": { "type": "Polygon", "coordinates": [ [ [ -73.726887994593369, 40.753176610588163 ], [ -73.71671456204939, 40.75306392392946 ], [ -73.716863304861675, 40.745327453910612 ], [ -73.727035559004605, 40.745440110005902 ], [ -73.726887994593369, 40.753176610588163 ] ] ] } },
{ "type": "Feature", "properties": { "id": 3039, "left": 607470.4178000001, "top": 4511278.4247000003, "right": 608329.4178000001, "bottom": 4510419.4247000003, "row_index": 22, "col_index": 52, "sq_id": 3039 }, "geometry": { "type": "Polygon", "coordinates": [ [ [ -73.727035559004605, 40.745440110005902 ], [ -73.716863304861675, 40.745327453910612 ], [ -73.717011989899945, 40.73759097303904 ], [ -73.7271830660993, 40.737703598577909 ], [ -73.727035559004605, 40.745440110005902 ] ] ] } },
{ "type": "Feature", "properties": { "id": 2860, "left": 604893.4178000001, "top": 4515573.4247000003, "right": 605752.4178000001, "bottom": 4514714.4247000003, "row_index": 17, "col_index": 49, "sq_id": 2860 }, "geometry": { "type": "Polygon", "coordinates": [ [ [ -73.756831958280856, 40.784455546502066 ], [ -73.746653636600925, 40.784345429980512 ], [ -73.746799069989734, 40.776608912334339 ], [ -73.756976211361533, 40.776718998994312 ], [ -73.756831958280856, 40.784455546502066 ] ] ] } },
{ "type": "Feature", "properties": { "id": 2861, "left": 604893.4178000001, "top": 4514714.4247000003, "right": 605752.4178000001, "bottom": 4513855.4247000003, "row_index": 18, "col_index": 49, "sq_id": 2861 }, "geometry": { "type": "Polygon", "coordinates": [ [ [ -73.756976211361533, 40.776718998994312 ], [ -73.746799069989734, 40.776608912334339 ], [ -73.746944446877421, 40.768872383853811 ], [ -73.757120408399388, 40.768982440659038 ], [ -73.756976211361533, 40.776718998994312 ] ] ] } },
{ "type": "Feature", "properties": { "id": 2862, "left": 604893.4178000001, "top": 4513855.4247000003, "right": 605752.4178000001, "bottom": 4512996.4247000003, "row_index": 19, "col_index": 49, "sq_id": 2862 }, "geometry": { "type": "Polygon", "coordinates": [ [ [ -73.757120408399388, 40.768982440659038 ], [ -73.746944446877421, 40.768872383853811 ], [ -73.747089767288884, 40.761135844539538 ], [ -73.757264549419119, 40.761245871496861 ], [ -73.757120408399388, 40.768982440659038 ] ] ] } },
{ "type": "Feature", "properties": { "id": 2863, "left": 604893.4178000001, "top": 4512996.4247000003, "right": 605752.4178000001, "bottom": 4512137.4247000003, "row_index": 20, "col_index": 49, "sq_id": 2863 }, "geometry": { "type": "Polygon", "coordinates": [ [ [ -73.757264549419119, 40.761245871496861 ], [ -73.747089767288884, 40.761135844539538 ], [ -73.747235031249033, 40.753399294392139 ], [ -73.757408634445397, 40.753509291508408 ], [ -73.757264549419119, 40.761245871496861 ] ] ] } },
{ "type": "Feature", "properties": { "id": 800, "left": 573969.4178000001, "top": 4491521.4247000003, "right": 574828.4178000001, "bottom": 4490662.4247000003, "row_index": 45, "col_index": 13, "sq_id": 800 }, "geometry": { "type": "Polygon", "coordinates": [ [ [ -74.126119347706506, 40.571168988212733 ], [ -74.115972193771739, 40.571091779366867 ], [ -74.116074008752292, 40.563354042766591 ], [ -74.126219994386688, 40.563431230647481 ], [ -74.126119347706506, 40.571168988212733 ] ] ] } },
{ "type": "Feature", "properties": { "id": 801, "left": 573969.4178000001, "top": 4490662.4247000003, "right": 574828.4178000001, "bottom": 4489803.4247000003, "row_index": 46, "col_index": 13, "sq_id": 801 }, "geometry": { "type": "Polygon", "coordinates": [ [ [ -74.126219994386688, 40.563431230647481 ], [ -74.116074008752292, 40.563354042766591 ], [ -74.116175784228616, 40.555616295557648 ], [ -74.126320602015824, 40.555693462478352 ], [ -74.126219994386688, 40.563431230647481 ] ] ] } },
{ "type": "Feature", "properties": { "id": 802, "left": 573969.4178000001, "top": 4489803.4247000003, "right": 574828.4178000001, "bottom": 4488944.4247000003, "row_index": 47, "col_index": 13, "sq_id": 802 }, "geometry": { "type": "Polygon", "coordinates": [ [ [ -74.126320602015824, 40.555693462478352 ], [ -74.116175784228616, 40.555616295557648 ], [ -74.116277520218034, 40.547878537740573 ], [ -74.12642117061101, 40.547955683705844 ], [ -74.126320602015824, 40.555693462478352 ] ] ] } },
{ "type": "Feature", "properties": { "id": 803, "left": 573969.4178000001, "top": 4488944.4247000003, "right": 574828.4178000001, "bottom": 4488085.4247000003, "row_index": 48, "col_index": 13, "sq_id": 803 }, "geometry": { "type": "Polygon", "coordinates": [ [ [ -74.12642117061101, 40.547955683705844 ], [ -74.116277520218034, 40.547878537740573 ], [ -74.116379216737826, 40.540140769315883 ], [ -74.126521700189372, 40.540217894330496 ], [ -74.12642117061101, 40.547955683705844 ] ] ] } },
{ "type": "Feature", "properties": { "id": 2876, "left": 604893.4178000001, "top": 4501829.4247000003, "right": 605752.4178000001, "bottom": 4500970.4247000003, "row_index": 33, "col_index": 49, "sq_id": 2876 }, "geometry": { "type": "Polygon", "coordinates": [ [ [ -73.759133296232307, 40.660669487419192 ], [ -73.748973804599942, 40.660559847863773 ], [ -73.74911833694928, 40.652823156941892 ], [ -73.75927665558207, 40.652932766744804 ], [ -73.759133296232307, 40.660669487419192 ] ] ] } },
{ "type": "Feature", "properties": { "id": 2877, "left": 604893.4178000001, "top": 4500970.4247000003, "right": 605752.4178000001, "bottom": 4500111.4247000003, "row_index": 34, "col_index": 49, "sq_id": 2877 }, "geometry": { "type": "Polygon", "coordinates": [ [ [ -73.75927665558207, 40.652932766744804 ], [ -73.74911833694928, 40.652823156941892 ], [ -73.749262813193894, 40.645086455195553 ], [ -73.759419959282184, 40.645196035252738 ], [ -73.75927665558207, 40.652932766744804 ] ] ] } },
{ "type": "Feature", "properties": { "id": 2878, "left": 604893.4178000001, "top": 4500111.4247000003, "right": 605752.4178000001, "bottom": 4499252.4247000003, "row_index": 35, "col_index": 49, "sq_id": 2878 }, "geometry": { "type": "Polygon", "coordinates": [ [ [ -73.759419959282184, 40.645196035252738 ], [ -73.749262813193894, 40.645086455195553 ], [ -73.749407233358397, 40.637349742625389 ], [ -73.75956320735709, 40.637459292943632 ], [ -73.759419959282184, 40.645196035252738 ] ] ] } },
{ "type": "Feature", "properties": { "id": 2879, "left": 604893.4178000001, "top": 4499252.4247000003, "right": 605752.4178000001, "bottom": 4498393.4247000003, "row_index": 36, "col_index": 49, "sq_id": 2879 }, "geometry": { "type": "Polygon", "coordinates": [ [ [ -73.75956320735709, 40.637459292943632 ], [ -73.749407233358397, 40.637349742625389 ], [ -73.74955159746743, 40.629613019232018 ], [ -73.759706399831188, 40.629722539818083 ], [ -73.75956320735709, 40.637459292943632 ] ] ] } },
{ "type": "Feature", "properties": { "id": 2872, "left": 604893.4178000001, "top": 4505265.4247000003, "right": 605752.4178000001, "bottom": 4504406.4247000003, "row_index": 29, "col_index": 49, "sq_id": 2872 }, "geometry": { "type": "Polygon", "coordinates": [ [ [ -73.758559301847455, 40.691616261927628 ], [ -73.748395113662014, 40.691506503294214 ], [ -73.748539870676964, 40.683769855676417 ], [ -73.758702884040517, 40.683879584530118 ], [ -73.758559301847455, 40.691616261927628 ] ] ] } },
{ "type": "Feature", "properties": { "id": 2873, "left": 604893.4178000001, "top": 4504406.4247000003, "right": 605752.4178000001, "bottom": 4503547.4247000003, "row_index": 30, "col_index": 49, "sq_id": 2873 }, "geometry": { "type": "Polygon", "coordinates": [ [ [ -73.758702884040517, 40.683879584530118 ], [ -73.748539870676964, 40.683769855676417 ], [ -73.748684571488468, 40.676033197231654 ], [ -73.758846410486015, 40.676142896312463 ], [ -73.758702884040517, 40.683879584530118 ] ] ] } },
{ "type": "Feature", "properties": { "id": 2874, "left": 604893.4178000001, "top": 4503547.4247000003, "right": 605752.4178000001, "bottom": 4502688.4247000003, "row_index": 31, "col_index": 49, "sq_id": 2874 }, "geometry": { "type": "Polygon", "coordinates": [ [ [ -73.758846410486015, 40.676142896312463 ], [ -73.748684571488468, 40.676033197231654 ], [ -73.748829216121237, 40.668296527960564 ], [ -73.75898988120845, 40.668406197275281 ], [ -73.758846410486015, 40.676142896312463 ] ] ] } },
{ "type": "Feature", "properties": { "id": 2875, "left": 604893.4178000001, "top": 4502688.4247000003, "right": 605752.4178000001, "bottom": 4501829.4247000003, "row_index": 32, "col_index": 49, "sq_id": 2875 }, "geometry": { "type": "Polygon", "coordinates": [ [ [ -73.75898988120845, 40.668406197275281 ], [ -73.748829216121237, 40.668296527960564 ], [ -73.748973804599942, 40.660559847863773 ], [ -73.759133296232307, 40.660669487419192 ], [ -73.75898988120845, 40.668406197275281 ] ] ] } },
{ "type": "Feature", "properties": { "id": 2868, "left": 604893.4178000001, "top": 4508701.4247000003, "right": 605752.4178000001, "bottom": 4507842.4247000003, "row_index": 25, "col_index": 49, "sq_id": 2868 }, "geometry": { "type": "Polygon", "coordinates": [ [ [ -73.75798441510905, 40.722562863303821 ], [ -73.7478155230732, 40.72245298548355 ], [ -73.747960505149251, 40.714716381179741 ], [ -73.758128220537671, 40.714826229193086 ], [ -73.75798441510905, 40.722562863303821 ] ] ] } },
{ "type": "Feature", "properties": { "id": 2869, "left": 604893.4178000001, "top": 4507842.4247000003, "right": 605752.4178000001, "bottom": 4506983.4247000003, "row_index": 26, "col_index": 49, "sq_id": 2869 }, "geometry": { "type": "Polygon", "coordinates": [ [ [ -73.758128220537671, 40.714826229193086 ], [ -73.747960505149251, 40.714716381179741 ], [ -73.748105430922905, 40.706979766046501 ], [ -73.758271970120575, 40.707089584259734 ], [ -73.758128220537671, 40.714826229193086 ] ] ] } },
{ "type": "Feature", "properties": { "id": 2870, "left": 604893.4178000001, "top": 4506983.4247000003, "right": 605752.4178000001, "bottom": 4506124.4247000003, "row_index": 27, "col_index": 49, "sq_id": 2870 }, "geometry": { "type": "Polygon", "coordinates": [ [ [ -73.758271970120575, 40.707089584259734 ], [ -73.748105430922905, 40.706979766046501 ], [ -73.748250300418903, 40.699243140084455 ], [ -73.758415663882332, 40.699352928504368 ], [ -73.758271970120575, 40.707089584259734 ] ] ] } },
{ "type": "Feature", "properties": { "id": 2871, "left": 604893.4178000001, "top": 4506124.4247000003, "right": 605752.4178000001, "bottom": 4505265.4247000003, "row_index": 28, "col_index": 49, "sq_id": 2871 }, "geometry": { "type": "Polygon", "coordinates": [ [ [ -73.758415663882332, 40.699352928504368 ], [ -73.748250300418903, 40.699243140084455 ], [ -73.748395113662014, 40.691506503294214 ], [ -73.758559301847455, 40.691616261927628 ], [ -73.758415663882332, 40.699352928504368 ] ] ] } },
{ "type": "Feature", "properties": { "id": 2864, "left": 604893.4178000001, "top": 4512137.4247000003, "right": 605752.4178000001, "bottom": 4511278.4247000003, "row_index": 21, "col_index": 49, "sq_id": 2864 }, "geometry": { "type": "Polygon", "coordinates": [ [ [ -73.757408634445397, 40.753509291508408 ], [ -73.747235031249033, 40.753399294392139 ], [ -73.747380238782682, 40.745662733412225 ], [ -73.757552663502906, 40.74577270069426 ], [ -73.757408634445397, 40.753509291508408 ] ] ] } },
{ "type": "Feature", "properties": { "id": 2865, "left": 604893.4178000001, "top": 4511278.4247000003, "right": 605752.4178000001, "bottom": 4510419.4247000003, "row_index": 22, "col_index": 49, "sq_id": 2865 }, "geometry": { "type": "Polygon", "coordinates": [ [ [ -73.757552663502906, 40.74577270069426 ], [ -73.747380238782682, 40.745662733412225 ], [ -73.747525389914728, 40.737926161600413 ], [ -73.757696636616274, 40.73803609905503 ], [ -73.757552663502906, 40.74577270069426 ] ] ] } },
{ "type": "Feature", "properties": { "id": 2866, "left": 604893.4178000001, "top": 4510419.4247000003, "right": 605752.4178000001, "bottom": 4509560.4247000003, "row_index": 23, "col_index": 49, "sq_id": 2866 }, "geometry": { "type": "Polygon", "coordinates": [ [ [ -73.757696636616274, 40.73803609905503 ], [ -73.747525389914728, 40.737926161600413 ], [ -73.747670484669968, 40.730189578957308 ], [ -73.757840553810098, 40.730299486591342 ], [ -73.757696636616274, 40.73803609905503 ] ] ] } },
{ "type": "Feature", "properties": { "id": 2867, "left": 604893.4178000001, "top": 4509560.4247000003, "right": 605752.4178000001, "bottom": 4508701.4247000003, "row_index": 24, "col_index": 49, "sq_id": 2867 }, "geometry": { "type": "Polygon", "coordinates": [ [ [ -73.757840553810098, 40.730299486591342 ], [ -73.747670484669968, 40.730189578957308 ], [ -73.7478155230732, 40.72245298548355 ], [ -73.75798441510905, 40.722562863303821 ], [ -73.757840553810098, 40.730299486591342 ] ] ] } },
{ "type": "Feature", "properties": { "id": 2824, "left": 604034.4178000001, "top": 4496675.4247000003, "right": 604893.4178000001, "bottom": 4495816.4247000003, "row_index": 39, "col_index": 48, "sq_id": 2824 }, "geometry": { "type": "Polygon", "coordinates": [ [ [ -73.770145134059433, 40.614357570086092 ], [ -73.759992618074691, 40.6142490011202 ], [ -73.760135643892809, 40.606512215549103 ], [ -73.770286989581138, 40.606620755045228 ], [ -73.770145134059433, 40.614357570086092 ] ] ] } },
{ "type": "Feature", "properties": { "id": 2825, "left": 604034.4178000001, "top": 4495816.4247000003, "right": 604893.4178000001, "bottom": 4494957.4247000003, "row_index": 40, "col_index": 48, "sq_id": 2825 }, "geometry": { "type": "Polygon", "coordinates": [ [ [ -73.770286989581138, 40.606620755045228 ], [ -73.760135643892809, 40.606512215549103 ], [ -73.760278614207706, 40.59877541916407 ], [ -73.770428790053472, 40.598883929197143 ], [ -73.770286989581138, 40.606620755045228 ] ] ] } },
{ "type": "Feature", "properties": { "id": 2826, "left": 604034.4178000001, "top": 4494957.4247000003, "right": 604893.4178000001, "bottom": 4494098.4247000003, "row_index": 41, "col_index": 48, "sq_id": 2826 }, "geometry": { "type": "Polygon", "coordinates": [ [ [ -73.770428790053472, 40.598883929197143 ], [ -73.760278614207706, 40.59877541916407 ], [ -73.760421529043668, 40.591038611965729 ], [ -73.770570535500624, 40.59114709254245 ], [ -73.770428790053472, 40.598883929197143 ] ] ] } },
{ "type": "Feature", "properties": { "id": 2827, "left": 604034.4178000001, "top": 4494098.4247000003, "right": 604893.4178000001, "bottom": 4493239.4247000003, "row_index": 42, "col_index": 48, "sq_id": 2827 }, "geometry": { "type": "Polygon", "coordinates": [ [ [ -73.770570535500624, 40.59114709254245 ], [ -73.760421529043668, 40.591038611965729 ], [ -73.760564388425067, 40.583301793954682 ], [ -73.770712225946696, 40.583410245081772 ], [ -73.770570535500624, 40.59114709254245 ] ] ] } },
{ "type": "Feature", "properties": { "id": 2820, "left": 604034.4178000001, "top": 4500111.4247000003, "right": 604893.4178000001, "bottom": 4499252.4247000003, "row_index": 35, "col_index": 48, "sq_id": 2820 }, "geometry": { "type": "Polygon", "coordinates": [ [ [ -73.769577160995681, 40.645304722164866 ], [ -73.759419959282184, 40.645196035252738 ], [ -73.75956320735709, 40.637459292943632 ], [ -73.769719236956547, 40.63756795035912 ], [ -73.769577160995681, 40.645304722164866 ] ] ] } },
{ "type": "Feature", "properties": { "id": 2821, "left": 604034.4178000001, "top": 4499252.4247000003, "right": 604893.4178000001, "bottom": 4498393.4247000003, "row_index": 36, "col_index": 48, "sq_id": 2821 }, "geometry": { "type": "Polygon", "coordinates": [ [ [ -73.769719236956547, 40.63756795035912 ], [ -73.75956320735709, 40.637459292943632 ], [ -73.759706399831188, 40.629722539818083 ], [ -73.769861257771325, 40.629831167743646 ], [ -73.769719236956547, 40.63756795035912 ] ] ] } },
{ "type": "Feature", "properties": { "id": 2822, "left": 604034.4178000001, "top": 4498393.4247000003, "right": 604893.4178000001, "bottom": 4497534.4247000003, "row_index": 37, "col_index": 48, "sq_id": 2822 }, "geometry": { "type": "Polygon", "coordinates": [ [ [ -73.769861257771325, 40.629831167743646 ], [ -73.759706399831188, 40.629722539818083 ], [ -73.759849536728922, 40.621985775876752 ], [ -73.770003223464229, 40.622094374319111 ], [ -73.769861257771325, 40.629831167743646 ] ] ] } },
{ "type": "Feature", "properties": { "id": 796, "left": 573969.4178000001, "top": 4494957.4247000003, "right": 574828.4178000001, "bottom": 4494098.4247000003, "row_index": 41, "col_index": 13, "sq_id": 796 }, "geometry": { "type": "Polygon", "coordinates": [ [ [ -74.125716370132679, 40.602119912424335 ], [ -74.115564538460717, 40.60204261967089 ], [ -74.115666511631488, 40.5943049255105 ], [ -74.125817173188395, 40.594382197279877 ], [ -74.125716370132679, 40.602119912424335 ] ] ] } },
{ "type": "Feature", "properties": { "id": 2823, "left": 604034.4178000001, "top": 4497534.4247000003, "right": 604893.4178000001, "bottom": 4496675.4247000003, "row_index": 38, "col_index": 48, "sq_id": 2823 }, "geometry": { "type": "Polygon", "coordinates": [ [ [ -73.770003223464229, 40.622094374319111 ], [ -73.759849536728922, 40.621985775876752 ], [ -73.759992618074691, 40.6142490011202 ], [ -73.770145134059433, 40.614357570086092 ], [ -73.770003223464229, 40.622094374319111 ] ] ] } },
{ "type": "Feature", "properties": { "id": 797, "left": 573969.4178000001, "top": 4494098.4247000003, "right": 574828.4178000001, "bottom": 4493239.4247000003, "row_index": 42, "col_index": 13, "sq_id": 797 }, "geometry": { "type": "Polygon", "coordinates": [ [ [ -74.125817173188395, 40.594382197279877 ], [ -74.115666511631488, 40.5943049255105 ], [ -74.115768445228682, 40.586567220739347 ], [ -74.125917937124498, 40.586644471529461 ], [ -74.125817173188395, 40.594382197279877 ] ] ] } },
{ "type": "Feature", "properties": { "id": 2816, "left": 604034.4178000001, "top": 4503547.4247000003, "right": 604893.4178000001, "bottom": 4502688.4247000003, "row_index": 31, "col_index": 48, "sq_id": 2816 }, "geometry": { "type": "Polygon", "coordinates": [ [ [ -73.769008305206611, 40.676251701278503 ], [ -73.758846410486015, 40.676142896312463 ], [ -73.75898988120845, 40.668406197275281 ], [ -73.769150601994227, 40.668514972717738 ], [ -73.769008305206611, 40.676251701278503 ] ] ] } },
{ "type": "Feature", "properties": { "id": 798, "left": 573969.4178000001, "top": 4493239.4247000003, "right": 574828.4178000001, "bottom": 4492380.4247000003, "row_index": 43, "col_index": 13, "sq_id": 798 }, "geometry": { "type": "Polygon", "coordinates": [ [ [ -74.125917937124498, 40.586644471529461 ], [ -74.115768445228682, 40.586567220739347 ], [ -74.115870339269648, 40.578829505357966 ], [ -74.126018661958156, 40.578906735173554 ], [ -74.125917937124498, 40.586644471529461 ] ] ] } },
{ "type": "Feature", "properties": { "id": 2817, "left": 604034.4178000001, "top": 4502688.4247000003, "right": 604893.4178000001, "bottom": 4501829.4247000003, "row_index": 32, "col_index": 48, "sq_id": 2817 }, "geometry": { "type": "Polygon", "coordinates": [ [ [ -73.769150601994227, 40.668514972717738 ], [ -73.75898988120845, 40.668406197275281 ], [ -73.759133296232307, 40.660669487419192 ], [ -73.769292843538764, 40.660778233344807 ], [ -73.769150601994227, 40.668514972717738 ] ] ] } },
{ "type": "Feature", "properties": { "id": 799, "left": 573969.4178000001, "top": 4492380.4247000003, "right": 574828.4178000001, "bottom": 4491521.4247000003, "row_index": 44, "col_index": 13, "sq_id": 799 }, "geometry": { "type": "Polygon", "coordinates": [ [ [ -74.126018661958156, 40.578906735173554 ], [ -74.115870339269648, 40.578829505357966 ], [ -74.115972193771739, 40.571091779366867 ], [ -74.126119347706506, 40.571168988212733 ], [ -74.126018661958156, 40.578906735173554 ] ] ] } },
{ "type": "Feature", "properties": { "id": 2818, "left": 604034.4178000001, "top": 4501829.4247000003, "right": 604893.4178000001, "bottom": 4500970.4247000003, "row_index": 33, "col_index": 48, "sq_id": 2818 }, "geometry": { "type": "Polygon", "coordinates": [ [ [ -73.769292843538764, 40.660778233344807 ], [ -73.759133296232307, 40.660669487419192 ], [ -73.75927665558207, 40.652932766744804 ], [ -73.769435029864496, 40.653041483160308 ], [ -73.769292843538764, 40.660778233344807 ] ] ] } },
{ "type": "Feature", "properties": { "id": 792, "left": 573969.4178000001, "top": 4498393.4247000003, "right": 574828.4178000001, "bottom": 4497534.4247000003, "row_index": 37, "col_index": 13, "sq_id": 792 }, "geometry": { "type": "Polygon", "coordinates": [ [ [ -74.125312766370271, 40.633070666931971 ], [ -74.115156249694394, 40.632993290194449 ], [ -74.115258381333234, 40.625255638482308 ], [ -74.125413726076175, 40.625332994216627 ], [ -74.125312766370271, 40.633070666931971 ] ] ] } },
{ "type": "Feature", "properties": { "id": 2819, "left": 604034.4178000001, "top": 4500970.4247000003, "right": 604893.4178000001, "bottom": 4500111.4247000003, "row_index": 34, "col_index": 48, "sq_id": 2819 }, "geometry": { "type": "Polygon", "coordinates": [ [ [ -73.769435029864496, 40.653041483160308 ], [ -73.75927665558207, 40.652932766744804 ], [ -73.759419959282184, 40.645196035252738 ], [ -73.769577160995681, 40.645304722164866 ], [ -73.769435029864496, 40.653041483160308 ] ] ] } },
{ "type": "Feature", "properties": { "id": 793, "left": 573969.4178000001, "top": 4497534.4247000003, "right": 574828.4178000001, "bottom": 4496675.4247000003, "row_index": 38, "col_index": 13, "sq_id": 793 }, "geometry": { "type": "Polygon", "coordinates": [ [ [ -74.125413726076175, 40.625332994216627 ], [ -74.115258381333234, 40.625255638482308 ], [ -74.115360473328977, 40.617517976157316 ], [ -74.125514646593757, 40.617595310893215 ], [ -74.125413726076175, 40.625332994216627 ] ] ] } },
{ "type": "Feature", "properties": { "id": 794, "left": 573969.4178000001, "top": 4496675.4247000003, "right": 574828.4178000001, "bottom": 4495816.4247000003, "row_index": 39, "col_index": 13, "sq_id": 794 }, "geometry": { "type": "Polygon", "coordinates": [ [ [ -74.125514646593757, 40.617595310893215 ], [ -74.115360473328977, 40.617517976157316 ], [ -74.115462525699016, 40.609780303220006 ], [ -74.125615527940198, 40.609857616962287 ], [ -74.125514646593757, 40.617595310893215 ] ] ] } },
{ "type": "Feature", "properties": { "id": 795, "left": 573969.4178000001, "top": 4495816.4247000003, "right": 574828.4178000001, "bottom": 4494957.4247000003, "row_index": 40, "col_index": 13, "sq_id": 795 }, "geometry": { "type": "Polygon", "coordinates": [ [ [ -74.125615527940198, 40.609857616962287 ], [ -74.115462525699016, 40.609780303220006 ], [ -74.115564538460717, 40.60204261967089 ], [ -74.125716370132679, 40.602119912424335 ], [ -74.125615527940198, 40.609857616962287 ] ] ] } },
{ "type": "Feature", "properties": { "id": 790, "left": 573969.4178000001, "top": 4500111.4247000003, "right": 574828.4178000001, "bottom": 4499252.4247000003, "row_index": 35, "col_index": 13, "sq_id": 790 }, "geometry": { "type": "Polygon", "coordinates": [ [ [ -74.125110729324561, 40.648545980536412 ], [ -74.114951867417716, 40.648468561778131 ], [ -74.115054078395033, 40.640730931293241 ], [ -74.125211767458808, 40.640808329038734 ], [ -74.125110729324561, 40.648545980536412 ] ] ] } },
{ "type": "Feature", "properties": { "id": 791, "left": 573969.4178000001, "top": 4499252.4247000003, "right": 574828.4178000001, "bottom": 4498393.4247000003, "row_index": 36, "col_index": 13, "sq_id": 791 }, "geometry": { "type": "Polygon", "coordinates": [ [ [ -74.125211767458808, 40.640808329038734 ], [ -74.115054078395033, 40.640730931293241 ], [ -74.115156249694394, 40.632993290194449 ], [ -74.125312766370271, 40.633070666931971 ], [ -74.125211767458808, 40.640808329038734 ] ] ] } },
{ "type": "Feature", "properties": { "id": 2924, "left": 605752.4178000001, "top": 4510419.4247000003, "right": 606611.4178000001, "bottom": 4509560.4247000003, "row_index": 23, "col_index": 50, "sq_id": 2924 }, "geometry": { "type": "Polygon", "coordinates": [ [ [ -73.747525389914728, 40.737926161600413 ], [ -73.737354199589987, 40.737815328103224 ], [ -73.737500471881788, 40.730078775523644 ], [ -73.747670484669968, 40.730189578957308 ], [ -73.747525389914728, 40.737926161600413 ] ] ] } },
{ "type": "Feature", "properties": { "id": 2925, "left": 605752.4178000001, "top": 4509560.4247000003, "right": 606611.4178000001, "bottom": 4508701.4247000003, "row_index": 24, "col_index": 50, "sq_id": 2925 }, "geometry": { "type": "Polygon", "coordinates": [ [ [ -73.747670484669968, 40.730189578957308 ], [ -73.737500471881788, 40.730078775523644 ], [ -73.737646687364546, 40.722342212106554 ], [ -73.7478155230732, 40.72245298548355 ], [ -73.747670484669968, 40.730189578957308 ] ] ] } },
{ "type": "Feature", "properties": { "id": 2926, "left": 605752.4178000001, "top": 4508701.4247000003, "right": 606611.4178000001, "bottom": 4507842.4247000003, "row_index": 25, "col_index": 50, "sq_id": 2926 }, "geometry": { "type": "Polygon", "coordinates": [ [ [ -73.7478155230732, 40.72245298548355 ], [ -73.737646687364546, 40.722342212106554 ], [ -73.737792846063229, 40.714605637852522 ], [ -73.747960505149251, 40.714716381179741 ], [ -73.7478155230732, 40.72245298548355 ] ] ] } },
{ "type": "Feature", "properties": { "id": 2927, "left": 605752.4178000001, "top": 4507842.4247000003, "right": 606611.4178000001, "bottom": 4506983.4247000003, "row_index": 26, "col_index": 50, "sq_id": 2927 }, "geometry": { "type": "Polygon", "coordinates": [ [ [ -73.747960505149251, 40.714716381179741 ], [ -73.737792846063229, 40.714605637852522 ], [ -73.737938948002849, 40.706869052762201 ], [ -73.748105430922905, 40.706979766046501 ], [ -73.747960505149251, 40.714716381179741 ] ] ] } },
{ "type": "Feature", "properties": { "id": 2920, "left": 605752.4178000001, "top": 4513855.4247000003, "right": 606611.4178000001, "bottom": 4512996.4247000003, "row_index": 19, "col_index": 50, "sq_id": 2920 }, "geometry": { "type": "Polygon", "coordinates": [ [ [ -73.746944446877421, 40.768872383853811 ], [ -73.736768541831665, 40.768761430033649 ], [ -73.73691504160999, 40.761024920810456 ], [ -73.747089767288884, 40.761135844539538 ], [ -73.746944446877421, 40.768872383853811 ] ] ] } },
{ "type": "Feature", "properties": { "id": 2921, "left": 605752.4178000001, "top": 4512996.4247000003, "right": 606611.4178000001, "bottom": 4512137.4247000003, "row_index": 20, "col_index": 50, "sq_id": 2921 }, "geometry": { "type": "Polygon", "coordinates": [ [ [ -73.747089767288884, 40.761135844539538 ], [ -73.73691504160999, 40.761024920810456 ], [ -73.737061484479128, 40.753288400747245 ], [ -73.747235031249033, 40.753399294392139 ], [ -73.747089767288884, 40.761135844539538 ] ] ] } },
{ "type": "Feature", "properties": { "id": 2922, "left": 605752.4178000001, "top": 4512137.4247000003, "right": 606611.4178000001, "bottom": 4511278.4247000003, "row_index": 21, "col_index": 50, "sq_id": 2922 }, "geometry": { "type": "Polygon", "coordinates": [ [ [ -73.747235031249033, 40.753399294392139 ], [ -73.737061484479128, 40.753288400747245 ], [ -73.737207870464104, 40.745551869844633 ], [ -73.747380238782682, 40.745662733412225 ], [ -73.747235031249033, 40.753399294392139 ] ] ] } },
{ "type": "Feature", "properties": { "id": 2923, "left": 605752.4178000001, "top": 4511278.4247000003, "right": 606611.4178000001, "bottom": 4510419.4247000003, "row_index": 22, "col_index": 50, "sq_id": 2923 }, "geometry": { "type": "Polygon", "coordinates": [ [ [ -73.747380238782682, 40.745662733412225 ], [ -73.737207870464104, 40.745551869844633 ], [ -73.737354199589987, 40.737815328103224 ], [ -73.747525389914728, 40.737926161600413 ], [ -73.747380238782682, 40.745662733412225 ] ] ] } },
{ "type": "Feature", "properties": { "id": 2918, "left": 605752.4178000001, "top": 4515573.4247000003, "right": 606611.4178000001, "bottom": 4514714.4247000003, "row_index": 17, "col_index": 50, "sq_id": 2918 }, "geometry": { "type": "Polygon", "coordinates": [ [ [ -73.746653636600925, 40.784345429980512 ], [ -73.736475371447014, 40.784234415957513 ], [ -73.736621985119029, 40.776497928416198 ], [ -73.746799069989734, 40.776608912334339 ], [ -73.746653636600925, 40.784345429980512 ] ] ] } },
{ "type": "Feature", "properties": { "id": 2919, "left": 605752.4178000001, "top": 4514714.4247000003, "right": 606611.4178000001, "bottom": 4513855.4247000003, "row_index": 18, "col_index": 50, "sq_id": 2919 }, "geometry": { "type": "Polygon", "coordinates": [ [ [ -73.746799069989734, 40.776608912334339 ], [ -73.736621985119029, 40.776497928416198 ], [ -73.736768541831665, 40.768761430033649 ], [ -73.746944446877421, 40.768872383853811 ], [ -73.746799069989734, 40.776608912334339 ] ] ] } },
{ "type": "Feature", "properties": { "id": 2940, "left": 605752.4178000001, "top": 4496675.4247000003, "right": 606611.4178000001, "bottom": 4495816.4247000003, "row_index": 39, "col_index": 50, "sq_id": 2940 }, "geometry": { "type": "Polygon", "coordinates": [ [ [ -73.749840157617527, 40.614139539978119 ], [ -73.739687753142064, 40.614029186674081 ], [ -73.739833119479812, 40.606292460768721 ], [ -73.749984353707731, 40.606402784118856 ], [ -73.749840157617527, 40.614139539978119 ] ] ] } },
{ "type": "Feature", "properties": { "id": 2941, "left": 605752.4178000001, "top": 4495816.4247000003, "right": 606611.4178000001, "bottom": 4494957.4247000003, "row_index": 40, "col_index": 50, "sq_id": 2941 }, "geometry": { "type": "Polygon", "coordinates": [ [ [ -73.749984353707731, 40.606402784118856 ], [ -73.739833119479812, 40.606292460768721 ], [ -73.739978429406534, 40.598555724035855 ], [ -73.750128493840819, 40.598666017438902 ], [ -73.749984353707731, 40.606402784118856 ] ] ] } },
{ "type": "Feature", "properties": { "id": 2942, "left": 605752.4178000001, "top": 4494957.4247000003, "right": 606611.4178000001, "bottom": 4494098.4247000003, "row_index": 41, "col_index": 50, "sq_id": 2942 }, "geometry": { "type": "Polygon", "coordinates": [ [ [ -73.750128493840819, 40.598666017438902 ], [ -73.739978429406534, 40.598555724035855 ], [ -73.740123682946987, 40.590818976476086 ], [ -73.75027257804129, 40.590929239938852 ], [ -73.750128493840819, 40.598666017438902 ] ] ] } },
{ "type": "Feature", "properties": { "id": 2936, "left": 605752.4178000001, "top": 4500111.4247000003, "right": 606611.4178000001, "bottom": 4499252.4247000003, "row_index": 35, "col_index": 50, "sq_id": 2936 }, "geometry": { "type": "Polygon", "coordinates": [ [ [ -73.749262813193894, 40.645086455195553 ], [ -73.739105723185688, 40.644975982007601 ], [ -73.739251315415189, 40.63723929941866 ], [ -73.749407233358397, 40.637349742625389 ], [ -73.749262813193894, 40.645086455195553 ] ] ] } },
{ "type": "Feature", "properties": { "id": 2937, "left": 605752.4178000001, "top": 4499252.4247000003, "right": 606611.4178000001, "bottom": 4498393.4247000003, "row_index": 36, "col_index": 50, "sq_id": 2937 }, "geometry": { "type": "Polygon", "coordinates": [ [ [ -73.749407233358397, 40.637349742625389 ], [ -73.739251315415189, 40.63723929941866 ], [ -73.739396851134543, 40.629502605999676 ], [ -73.74955159746743, 40.629613019232018 ], [ -73.749407233358397, 40.637349742625389 ] ] ] } },
{ "type": "Feature", "properties": { "id": 2932, "left": 605752.4178000001, "top": 4503547.4247000003, "right": 606611.4178000001, "bottom": 4502688.4247000003, "row_index": 31, "col_index": 50, "sq_id": 2932 }, "geometry": { "type": "Polygon", "coordinates": [ [ [ -73.748684571488468, 40.676033197231654 ], [ -73.73852278866967, 40.675922604050342 ], [ -73.738668607188089, 40.66818596478786 ], [ -73.748829216121237, 40.668296527960564 ], [ -73.748684571488468, 40.676033197231654 ] ] ] } },
{ "type": "Feature", "properties": { "id": 2933, "left": 605752.4178000001, "top": 4502688.4247000003, "right": 606611.4178000001, "bottom": 4501829.4247000003, "row_index": 32, "col_index": 50, "sq_id": 2933 }, "geometry": { "type": "Polygon", "coordinates": [ [ [ -73.748829216121237, 40.668296527960564 ], [ -73.738668607188089, 40.66818596478786 ], [ -73.738814369096986, 40.660449314692833 ], [ -73.748973804599942, 40.660559847863773 ], [ -73.748829216121237, 40.668296527960564 ] ] ] } },
{ "type": "Feature", "properties": { "id": 2934, "left": 605752.4178000001, "top": 4501829.4247000003, "right": 606611.4178000001, "bottom": 4500970.4247000003, "row_index": 33, "col_index": 50, "sq_id": 2934 }, "geometry": { "type": "Polygon", "coordinates": [ [ [ -73.748973804599942, 40.660559847863773 ], [ -73.738814369096986, 40.660449314692833 ], [ -73.738960074421229, 40.652712653765853 ], [ -73.74911833694928, 40.652823156941892 ], [ -73.748973804599942, 40.660559847863773 ] ] ] } },
{ "type": "Feature", "properties": { "id": 2935, "left": 605752.4178000001, "top": 4500970.4247000003, "right": 606611.4178000001, "bottom": 4500111.4247000003, "row_index": 34, "col_index": 50, "sq_id": 2935 }, "geometry": { "type": "Polygon", "coordinates": [ [ [ -73.74911833694928, 40.652823156941892 ], [ -73.738960074421229, 40.652712653765853 ], [ -73.739105723185688, 40.644975982007601 ], [ -73.749262813193894, 40.645086455195553 ], [ -73.74911833694928, 40.652823156941892 ] ] ] } },
{ "type": "Feature", "properties": { "id": 2928, "left": 605752.4178000001, "top": 4506983.4247000003, "right": 606611.4178000001, "bottom": 4506124.4247000003, "row_index": 27, "col_index": 50, "sq_id": 2928 }, "geometry": { "type": "Polygon", "coordinates": [ [ [ -73.748105430922905, 40.706979766046501 ], [ -73.737938948002849, 40.706869052762201 ], [ -73.738084993208361, 40.699132456836182 ], [ -73.748250300418903, 40.699243140084455 ], [ -73.748105430922905, 40.706979766046501 ] ] ] } },
{ "type": "Feature", "properties": { "id": 2929, "left": 605752.4178000001, "top": 4506124.4247000003, "right": 606611.4178000001, "bottom": 4505265.4247000003, "row_index": 28, "col_index": 50, "sq_id": 2929 }, "geometry": { "type": "Polygon", "coordinates": [ [ [ -73.748250300418903, 40.699243140084455 ], [ -73.738084993208361, 40.699132456836182 ], [ -73.738230981704717, 40.691395850075118 ], [ -73.748395113662014, 40.691506503294214 ], [ -73.748250300418903, 40.699243140084455 ] ] ] } },
{ "type": "Feature", "properties": { "id": 2930, "left": 605752.4178000001, "top": 4505265.4247000003, "right": 606611.4178000001, "bottom": 4504406.4247000003, "row_index": 29, "col_index": 50, "sq_id": 2930 }, "geometry": { "type": "Polygon", "coordinates": [ [ [ -73.748395113662014, 40.691506503294214 ], [ -73.738230981704717, 40.691395850075118 ], [ -73.738376913516845, 40.683659232479641 ], [ -73.748539870676964, 40.683769855676417 ], [ -73.748395113662014, 40.691506503294214 ] ] ] } },
{ "type": "Feature", "properties": { "id": 2931, "left": 605752.4178000001, "top": 4504406.4247000003, "right": 606611.4178000001, "bottom": 4503547.4247000003, "row_index": 30, "col_index": 50, "sq_id": 2931 }, "geometry": { "type": "Polygon", "coordinates": [ [ [ -73.748539870676964, 40.683769855676417 ], [ -73.738376913516845, 40.683659232479641 ], [ -73.73852278866967, 40.675922604050342 ], [ -73.748684571488468, 40.676033197231654 ], [ -73.748539870676964, 40.683769855676417 ] ] ] } },
{ "type": "Feature", "properties": { "id": 2884, "left": 604893.4178000001, "top": 4494957.4247000003, "right": 605752.4178000001, "bottom": 4494098.4247000003, "row_index": 41, "col_index": 49, "sq_id": 2884 }, "geometry": { "type": "Polygon", "coordinates": [ [ [ -73.760278614207706, 40.59877541916407 ], [ -73.750128493840819, 40.598666017438902 ], [ -73.75027257804129, 40.590929239938852 ], [ -73.760421529043668, 40.591038611965729 ], [ -73.760278614207706, 40.59877541916407 ] ] ] } },
{ "type": "Feature", "properties": { "id": 2885, "left": 604893.4178000001, "top": 4494098.4247000003, "right": 605752.4178000001, "bottom": 4493239.4247000003, "row_index": 42, "col_index": 49, "sq_id": 2885 }, "geometry": { "type": "Polygon", "coordinates": [ [ [ -73.760421529043668, 40.591038611965729 ], [ -73.75027257804129, 40.590929239938852 ], [ -73.750416606333715, 40.583192451619375 ], [ -73.760564388425067, 40.583301793954682 ], [ -73.760421529043668, 40.591038611965729 ] ] ] } },
{ "type": "Feature", "properties": { "id": 860, "left": 574828.4178000001, "top": 4489803.4247000003, "right": 575687.4178000001, "bottom": 4488944.4247000003, "row_index": 47, "col_index": 14, "sq_id": 860 }, "geometry": { "type": "Polygon", "coordinates": [ [ [ -74.116175784228616, 40.555616295557648 ], [ -74.10603100592833, 40.555538237972328 ], [ -74.10613390929467, 40.547800501352498 ], [ -74.116277520218034, 40.547878537740573 ], [ -74.116175784228616, 40.555616295557648 ] ] ] } },
{ "type": "Feature", "properties": { "id": 861, "left": 574828.4178000001, "top": 4488944.4247000003, "right": 575687.4178000001, "bottom": 4488085.4247000003, "row_index": 48, "col_index": 14, "sq_id": 861 }, "geometry": { "type": "Polygon", "coordinates": [ [ [ -74.116277520218034, 40.547878537740573 ], [ -74.10613390929467, 40.547800501352498 ], [ -74.106236772738626, 40.540062754120243 ], [ -74.116379216737826, 40.540140769315883 ], [ -74.116277520218034, 40.547878537740573 ] ] ] } },
{ "type": "Feature", "properties": { "id": 2882, "left": 604893.4178000001, "top": 4496675.4247000003, "right": 605752.4178000001, "bottom": 4495816.4247000003, "row_index": 39, "col_index": 49, "sq_id": 2882 }, "geometry": { "type": "Polygon", "coordinates": [ [ [ -73.759992618074691, 40.6142490011202 ], [ -73.749840157617527, 40.614139539978119 ], [ -73.749984353707731, 40.606402784118856 ], [ -73.760135643892809, 40.606512215549103 ], [ -73.759992618074691, 40.6142490011202 ] ] ] } },
{ "type": "Feature", "properties": { "id": 856, "left": 574828.4178000001, "top": 4493239.4247000003, "right": 575687.4178000001, "bottom": 4492380.4247000003, "row_index": 43, "col_index": 14, "sq_id": 856 }, "geometry": { "type": "Polygon", "coordinates": [ [ [ -74.115768445228682, 40.586567220739347 ], [ -74.105618992889077, 40.586489078316809 ], [ -74.10572205612003, 40.578751384151964 ], [ -74.115870339269648, 40.578829505357966 ], [ -74.115768445228682, 40.586567220739347 ] ] ] } },
{ "type": "Feature", "properties": { "id": 2883, "left": 604893.4178000001, "top": 4495816.4247000003, "right": 605752.4178000001, "bottom": 4494957.4247000003, "row_index": 40, "col_index": 49, "sq_id": 2883 }, "geometry": { "type": "Polygon", "coordinates": [ [ [ -73.760135643892809, 40.606512215549103 ], [ -73.749984353707731, 40.606402784118856 ], [ -73.750128493840819, 40.598666017438902 ], [ -73.760278614207706, 40.59877541916407 ], [ -73.760135643892809, 40.606512215549103 ] ] ] } },
{ "type": "Feature", "properties": { "id": 857, "left": 574828.4178000001, "top": 4492380.4247000003, "right": 575687.4178000001, "bottom": 4491521.4247000003, "row_index": 44, "col_index": 14, "sq_id": 857 }, "geometry": { "type": "Polygon", "coordinates": [ [ [ -74.115870339269648, 40.578829505357966 ], [ -74.10572205612003, 40.578751384151964 ], [ -74.105825079358524, 40.571013679372577 ], [ -74.115972193771739, 40.571091779366867 ], [ -74.115870339269648, 40.578829505357966 ] ] ] } },
{ "type": "Feature", "properties": { "id": 858, "left": 574828.4178000001, "top": 4491521.4247000003, "right": 575687.4178000001, "bottom": 4490662.4247000003, "row_index": 45, "col_index": 14, "sq_id": 858 }, "geometry": { "type": "Polygon", "coordinates": [ [ [ -74.115972193771739, 40.571091779366867 ], [ -74.105825079358524, 40.571013679372577 ], [ -74.105928062622127, 40.563275963979201 ], [ -74.116074008752292, 40.563354042766591 ], [ -74.115972193771739, 40.571091779366867 ] ] ] } },
{ "type": "Feature", "properties": { "id": 859, "left": 574828.4178000001, "top": 4490662.4247000003, "right": 575687.4178000001, "bottom": 4489803.4247000003, "row_index": 46, "col_index": 14, "sq_id": 859 }, "geometry": { "type": "Polygon", "coordinates": [ [ [ -74.116074008752292, 40.563354042766591 ], [ -74.105928062622127, 40.563275963979201 ], [ -74.10603100592833, 40.555538237972328 ], [ -74.116175784228616, 40.555616295557648 ], [ -74.116074008752292, 40.563354042766591 ] ] ] } },
{ "type": "Feature", "properties": { "id": 852, "left": 574828.4178000001, "top": 4496675.4247000003, "right": 575687.4178000001, "bottom": 4495816.4247000003, "row_index": 39, "col_index": 14, "sq_id": 852 }, "geometry": { "type": "Polygon", "coordinates": [ [ [ -74.115360473328977, 40.617517976157316 ], [ -74.1052063396899, 40.617439748820253 ], [ -74.105309563066129, 40.60970209711882 ], [ -74.115462525699016, 40.609780303220006 ], [ -74.115360473328977, 40.617517976157316 ] ] ] } },
{ "type": "Feature", "properties": { "id": 853, "left": 574828.4178000001, "top": 4495816.4247000003, "right": 575687.4178000001, "bottom": 4494957.4247000003, "row_index": 40, "col_index": 14, "sq_id": 853 }, "geometry": { "type": "Polygon", "coordinates": [ [ [ -74.115462525699016, 40.609780303220006 ], [ -74.105309563066129, 40.60970209711882 ], [ -74.105412746379699, 40.601964434800756 ], [ -74.115564538460717, 40.60204261967089 ], [ -74.115462525699016, 40.609780303220006 ] ] ] } },
{ "type": "Feature", "properties": { "id": 854, "left": 574828.4178000001, "top": 4494957.4247000003, "right": 575687.4178000001, "bottom": 4494098.4247000003, "row_index": 41, "col_index": 14, "sq_id": 854 }, "geometry": { "type": "Polygon", "coordinates": [ [ [ -74.115564538460717, 40.60204261967089 ], [ -74.105412746379699, 40.601964434800756 ], [ -74.105515889648146, 40.59422676186658 ], [ -74.115666511631488, 40.5943049255105 ], [ -74.115564538460717, 40.60204261967089 ] ] ] } },
{ "type": "Feature", "properties": { "id": 855, "left": 574828.4178000001, "top": 4494098.4247000003, "right": 575687.4178000001, "bottom": 4493239.4247000003, "row_index": 42, "col_index": 14, "sq_id": 855 }, "geometry": { "type": "Polygon", "coordinates": [ [ [ -74.115666511631488, 40.5943049255105 ], [ -74.105515889648146, 40.59422676186658 ], [ -74.105618992889077, 40.586489078316809 ], [ -74.115768445228682, 40.586567220739347 ], [ -74.115666511631488, 40.5943049255105 ] ] ] } },
{ "type": "Feature", "properties": { "id": 848, "left": 574828.4178000001, "top": 4500111.4247000003, "right": 575687.4178000001, "bottom": 4499252.4247000003, "row_index": 35, "col_index": 14, "sq_id": 848 }, "geometry": { "type": "Polygon", "coordinates": [ [ [ -74.114951867417716, 40.648468561778131 ], [ -74.104793045206264, 40.648390249449086 ], [ -74.104896429009216, 40.640652640219457 ], [ -74.115054078395033, 40.640730931293241 ], [ -74.114951867417716, 40.648468561778131 ] ] ] } },
{ "type": "Feature", "properties": { "id": 849, "left": 574828.4178000001, "top": 4499252.4247000003, "right": 575687.4178000001, "bottom": 4498393.4247000003, "row_index": 36, "col_index": 14, "sq_id": 849 }, "geometry": { "type": "Polygon", "coordinates": [ [ [ -74.115054078395033, 40.640730931293241 ], [ -74.104896429009216, 40.640652640219457 ], [ -74.104999772679051, 40.632915020371087 ], [ -74.115156249694394, 40.632993290194449 ], [ -74.115054078395033, 40.640730931293241 ] ] ] } },
{ "type": "Feature", "properties": { "id": 850, "left": 574828.4178000001, "top": 4498393.4247000003, "right": 575687.4178000001, "bottom": 4497534.4247000003, "row_index": 37, "col_index": 14, "sq_id": 850 }, "geometry": { "type": "Polygon", "coordinates": [ [ [ -74.115156249694394, 40.632993290194449 ], [ -74.104999772679051, 40.632915020371087 ], [ -74.105103076233405, 40.625177389904522 ], [ -74.115258381333234, 40.625255638482308 ], [ -74.115156249694394, 40.632993290194449 ] ] ] } },
{ "type": "Feature", "properties": { "id": 851, "left": 574828.4178000001, "top": 4497534.4247000003, "right": 575687.4178000001, "bottom": 4496675.4247000003, "row_index": 38, "col_index": 14, "sq_id": 851 }, "geometry": { "type": "Polygon", "coordinates": [ [ [ -74.115258381333234, 40.625255638482308 ], [ -74.105103076233405, 40.625177389904522 ], [ -74.1052063396899, 40.617439748820253 ], [ -74.115360473328977, 40.617517976157316 ], [ -74.115258381333234, 40.625255638482308 ] ] ] } }
]
}
